url,sku,SKU,nombre,id,categorias,precio_actual,precio_promocional,stock_actual,FEBRERO,MARZO,ABRIL,MAYO,Spend mayo,Spend Junio,JUNIO,JULIO,AGOSTO,ventas ecom,SPEND,ENE LOCALES,FEB LOCAL,MAR LOCAL,AB LOCALES,SUMADEVENTAS,IMAGEN,VALORIZADO,imagen_principal,otras_imagenes
https://gerf.com.ar/productos/Zapatillas-Dione-Negro-Unisex-60-11/,60|11|35,60|11,Zapatillas Dione Negro/Blanco Unisex,260658871,CALZADOH|CalzadodeHombre|Zapatillas|VERTODO|CALZADOM|CalzadosdeMujer|Zapatillas|VERTODO,$84.000,$0,178,82,3,7,0,,$98.347,71,0,11,163,$561,40,178,63,52,425,,$14.952.000,https://acdn-us.mitiendanube.com/stores/005/775/403/products/60-11_1-4dd0fcff3761845cc517423996454659-1024-1024.jpg,"https://acdn-us.mitiendanube.com/stores/005/775/403/products/60-11_4-578fb3ce5c302f124e17423996454547-1024-1024.jpg,https://acdn-us.mitiendanube.com/stores/005/775/403/products/60-11_2-12d34eab7725cec7e717423996451258-1024-1024.jpg,https://acdn-us.mitiendanube.com/stores/005/775/403/products/60-11_3-e55c02efc7878b507d17423996454633-1024-1024.jpg"
https://gerf.com.ar/productos/Zapatillas-Dione-Black-Unisex-60-158/,60|158|35,60|158,Zapatillas Dione Black Unisex,254864296,CALZADOH|CalzadodeHombre|Zapatillas|VERTODO|CALZADOM|CalzadosdeMujer|Zapatillas|VERTODO,$84.000,$0,6,87,7,11,3,,$24.019,13,0,4,121,$56.452,38,139,75,83,443,,$504.000,https://acdn-us.mitiendanube.com/stores/005/775/403/products/feed_1080x1080_318_3-de0003b1c94aabae6c17393072003088-1024-1024.png,"https://acdn-us.mitiendanube.com/stores/005/775/403/products/feed_1080x1080_318_2-3c8e88c3d55bdd0bc717393072039146-1024-1024.png,https://acdn-us.mitiendanube.com/stores/005/775/403/products/feed_1080x1080_318_6-fe8ce70f2d5c156c5017393072075842-1024-1024.png"
https://gerf.com.ar/productos/zapatillas-nix-024-blanco-gris/,253|07|36,253|07,Zapatillas Nix 024 Blanco/Gris,260689901,CALZADOH|CalzadodeHombre|Zapatillas|VERTODO|CALZADOM|CalzadosdeMujer|Zapatillas|VERTODO,$68.500,$47.950,15,0,4,15,44,$49.311,$42.001,36,1,2,99,$6.316,17,50,11,23,164,,$1.027.500,https://acdn-us.mitiendanube.com/stores/005/775/403/products/whatsapp-image-2023-10-03-at-18-28-58-6-07aaef67cea4694f2417424007644933-1024-1024.jpeg,
https://gerf.com.ar/productos/Zapatillas-Dione-Verde-600-30/,600|30|35,600|30,Zapatillas Dione Verde,254866696,CALZADOH|CalzadodeHombre|Zapatillas|VERTODO|CALZADOM|CalzadosdeMujer|Zapatillas|VERTODO,$84.000,$0,286,52,5,9,3,$67.591,$126.269,27,0,7,96,$17.446,17,39,8,20,153,,$24.024.000,https://acdn-us.mitiendanube.com/stores/005/775/403/products/feed_1080x1080_349_3-6e1624ee5ee2c2510d17393104690203-1024-1024.png,"https://acdn-us.mitiendanube.com/stores/005/775/403/products/feed_1080x1080_349_2-69a384c17e206c1d5917393104728505-1024-1024.png,https://acdn-us.mitiendanube.com/stores/005/775/403/products/feed_1080x1080_349_6-c2cab43d3d68bb661f17393104771540-1024-1024.png,https://acdn-us.mitiendanube.com/stores/005/775/403/products/feed_1080x1080_gerf_3-7d4ee2119beb2eb5ae17393104815713-1024-1024.png,https://acdn-us.mitiendanube.com/stores/005/775/403/products/feed_1080x1080_gerf_1_variante02-0dc1ffca336c83e11f17393104857936-1024-1024.png,https://acdn-us.mitiendanube.com/stores/005/775/403/products/feed_1080x1080_gerf_2-080799cab7516843c317393104902173-1024-1024.png"
https://gerf.com.ar/productos/Zapatillas-Verona-Bordo-425-111/,425|111|35,425|111,Zapatillas Verona Bordo,254866242,Ofertas|LiquidaciondeTemporada|CALZADOM|CalzadosdeMujer|Zapatillas|VERTODO,$84.900,$59.430,24,13,54,2,8,,$13.747,11,0,9,88,$25.482,2,4,14,4,101,,$1.426.320,https://acdn-us.mitiendanube.com/stores/005/775/403/products/425-111_1-d44cab75b7ebec483b17393086381360-1024-1024.jpeg,"https://acdn-us.mitiendanube.com/stores/005/775/403/products/425-111_2-94aabe2cd04e111efe17393086409540-1024-1024.jpeg,https://acdn-us.mitiendanube.com/stores/005/775/403/products/425-111_3-5d39968d5df35b5bfa17393086437256-1024-1024.jpeg,https://acdn-us.mitiendanube.com/stores/005/775/403/products/425-111_4-898096762b6bec2b9817393086467184-1024-1024.jpeg,https://acdn-us.mitiendanube.com/stores/005/775/403/products/425-111_5-5ba884acdcdeceb43d17393086501359-1024-1024.jpeg"
https://gerf.com.ar/productos/Zapatillas-Dione-Gris/,600|50|35,600|50,Zapatillas Dione Gris,254860068,CALZADOH|CalzadodeHombre|Zapatillas|VERTODO|CALZADOM|CalzadosdeMujer|Zapatillas|VERTODO,$84.000,$0,56,63,1,5,0,$8.744,$39.361,19,1,2,88,$7.408,42,105,37,41,294,,$4.704.000,https://acdn-us.mitiendanube.com/stores/005/775/403/products/feed_1080x1080_347_3-f8386ee58d40c8259a17393061664386-1024-1024.png,"https://acdn-us.mitiendanube.com/stores/005/775/403/products/feed_1080x1080_347_2-f877c8b57992d2bf8e17393061709964-1024-1024.png,https://acdn-us.mitiendanube.com/stores/005/775/403/products/feed_1080x1080_347_6-b9921a54d97e11e27c17393061748314-1024-1024.png"
https://gerf.com.ar/productos/pack-x3-medias-de-algodon-gerf/,,|,Pack x3 Medias de Algodón GERF,263731567,,$14.990,$0,0,0,0,20,30,,$0,17,7,15,67,$5.415,0,0,0,0,50,,$0,https://acdn-us.mitiendanube.com/stores/005/775/403/products/medias-gf-b55c0377f720f0b6a317438999721698-1024-1024.png,
https://gerf.com.ar/productos/Zapatillas-Praga-Blanco-y-Crema-305-08/,305|08|35,305|08,Zapatillas Praga Blanco y Crema,254866652,CALZADOM|CalzadosdeMujer|Zapatillas|VERTODO,$78.400,$0,10,49,7,0,1,,$58.278,6,1,3,63,$2.253,0,12,7,5,81,,$784.000,https://acdn-us.mitiendanube.com/stores/005/775/403/products/305-08_1-2-b8ae8367b79be3a4d817393102045317-1024-1024.png,"https://acdn-us.mitiendanube.com/stores/005/775/403/products/305-08_2-2-bf997ffecf11143dde17393102077240-1024-1024.png,https://acdn-us.mitiendanube.com/stores/005/775/403/products/305-08_3-2-b006cdea047c38c6e717393102109961-1024-1024.png,https://acdn-us.mitiendanube.com/stores/005/775/403/products/feed_1080x1080_gerf_1_variante02-2eea7b0749834a1cd017393102133865-1024-1024.png,https://acdn-us.mitiendanube.com/stores/005/775/403/products/feed_1080x1080_gerf_2-ecff27e84728daa58117393102162546-1024-1024.png,https://acdn-us.mitiendanube.com/stores/005/775/403/products/feed_1080x1080_gerf_3-e9132977aee73a271317393102194606-1024-1024.png"
https://gerf.com.ar/productos/Zapatillas-Verona-Mostaza-425-151/,425|151|35,425|151,Zapatillas Verona Mostaza,254866259,Ofertas|LiquidaciondeTemporada|CALZADOM|CalzadosdeMujer|Zapatillas|VERTODO,$84.900,$59.430,69,13,31,6,2,,$68.866,10,0,12,62,$99.547,0,5,17,3,77,,$4.100.670,https://acdn-us.mitiendanube.com/stores/005/775/403/products/425-151_1-fd11354163bba8896417393086697547-1024-1024.jpeg,"https://acdn-us.mitiendanube.com/stores/005/775/403/products/425-151_2-b15b44945105c0422b17393086730626-1024-1024.jpeg,https://acdn-us.mitiendanube.com/stores/005/775/403/products/425-151_3-1a054e2db966a9901917393086759554-1024-1024.jpeg,https://acdn-us.mitiendanube.com/stores/005/775/403/products/425-151_4-a127b564df842ccc8f17393086793133-1024-1024.jpeg,https://acdn-us.mitiendanube.com/stores/005/775/403/products/425-151_5-ec9a69b93edd6c802117393086828141-1024-1024.jpeg"
https://gerf.com.ar/productos/Zapatillas-Teruel-Verde-Unisex-248-30/,248|30|35,248|30,Zapatillas Teruel Verde Unisex,254866340,Ofertas|LiquidaciondeTemporada|CALZADOH|CalzadodeHombre|Zapatillas|VERTODO|CALZADOM|CalzadosdeMujer|Zapatillas|VERTODO,$71.800,$43.080,24,10,25,1,12,,$15.695,10,0,7,58,$14.897,3,16,52,12,131,,$1.033.920,https://acdn-us.mitiendanube.com/stores/005/775/403/products/248-30_1-fd15e9ec9281fdc62217393090595199-1024-1024.png,"https://acdn-us.mitiendanube.com/stores/005/775/403/products/248-30_2-f6aaddfe5ee905478d17393090629425-1024-1024.png,https://acdn-us.mitiendanube.com/stores/005/775/403/products/248-30_3-33ca64f186b53205f117393090660823-1024-1024.png,https://acdn-us.mitiendanube.com/stores/005/775/403/products/248-30_4-8068a7a0488389fc0e17393090698062-1024-1024.png,https://acdn-us.mitiendanube.com/stores/005/775/403/products/248-30_5-2f213f349e9e6e8ae317393090737683-1024-1024.png,https://acdn-us.mitiendanube.com/stores/005/775/403/products/img_8322-scaled-2484b7ec8578d9571d17393090778952-1024-1024.jpg,https://acdn-us.mitiendanube.com/stores/005/775/403/products/img_8334-scaled-661e8f9e6dbf619bc517393090820644-1024-1024.jpg,https://acdn-us.mitiendanube.com/stores/005/775/403/products/img_8342-scaled-0fa34fdcaed572cb3917393090862984-1024-1024.jpg"
https://gerf.com.ar/productos/Zapatillas-Teruel-Negro-Unisex-248-10/,248|10|35,248|10,Zapatillas Teruel Negro Unisex,254866321,Ofertas|LiquidaciondeTemporada|CALZADOH|CalzadodeHombre|Zapatillas|VERTODO|CALZADOM|CalzadosdeMujer|Zapatillas|VERTODO,$71.800,$43.080,11,6,19,1,21,,$25.340,8,2,10,55,$10.112,8,19,46,10,130,,$473.880,https://acdn-us.mitiendanube.com/stores/005/775/403/products/248-10_1-40730908329b34862f17393089432719-1024-1024.png,"https://acdn-us.mitiendanube.com/stores/005/775/403/products/248-10_2-0413e345defe875f9b17393089467519-1024-1024.png,https://acdn-us.mitiendanube.com/stores/005/775/403/products/248-10_3-73cb478d11a9a002a817393089501843-1024-1024.png,https://acdn-us.mitiendanube.com/stores/005/775/403/products/248-10_4-b209af5362602554d417393089535210-1024-1024.png,https://acdn-us.mitiendanube.com/stores/005/775/403/products/248-10_5-0ea23c00f8339b41fc17393089569404-1024-1024.png,https://acdn-us.mitiendanube.com/stores/005/775/403/products/img_1763-scaled-a8b2f7cf3da8dfb94117393090220089-1024-1024.jpg,https://acdn-us.mitiendanube.com/stores/005/775/403/products/img_1764-scaled-ca4f645caecaaa7ed717393090263342-1024-1024.jpg"
https://gerf.com.ar/productos/zapatillas-dione-natural/,600|90|35,600|90,Zapatillas Dione Natural,260801376,CALZADOH|CalzadodeHombre|Zapatillas|VERTODO|CALZADOM|CalzadosdeMujer|Zapatillas|VERTODO,$84.000,$0,254,0,1,11,2,$15.993,$160.256,38,0,6,52,$1.745,0,0,19,49,82,,$21.336.000,https://acdn-us.mitiendanube.com/stores/005/775/403/products/feed_1080x1080_351_3-75d7c1cfafebe2170117424324653023-1024-1024.png,"https://acdn-us.mitiendanube.com/stores/005/775/403/products/feed_1080x1080_351_2-afb2a5f494f7d8945617424324653298-1024-1024.png,https://acdn-us.mitiendanube.com/stores/005/775/403/products/feed_1080x1080_351_6-2542758fdd8cd09a5817424324654147-1024-1024.png"
https://gerf.com.ar/productos/Zapatillas-Andes-Beige-247-134/,247|134|36,247|134,Zapatillas Andes Beige,254866190,Ofertas|LiquidaciondeTemporada|CALZADOH|CalzadodeHombre|Zapatillas|VERTODO|CALZADOM|CalzadosdeMujer|Zapatillas|VERTODO,$67.100,$33.550,11,6,18,4,10,,$41.798,14,4,3,52,$14.274,1,4,29,6,78,,$369.050,https://acdn-us.mitiendanube.com/stores/005/775/403/products/247-134_1-6e473fc1a8b6ac8d7417393085351297-1024-1024.jpeg,"https://acdn-us.mitiendanube.com/stores/005/775/403/products/247-134_2-e14f564869d939855e17393085386624-1024-1024.jpeg,https://acdn-us.mitiendanube.com/stores/005/775/403/products/247-134_3-c463536f3d8ef6028b17393085417703-1024-1024.jpeg,https://acdn-us.mitiendanube.com/stores/005/775/403/products/247-134_4-f277437ae60d6a3c7517393085452413-1024-1024.jpeg,https://acdn-us.mitiendanube.com/stores/005/775/403/products/247-134_5-8c11b198a9f461cb8917393085497468-1024-1024.jpeg,https://acdn-us.mitiendanube.com/stores/005/775/403/products/andes-62-scaled-f4ae5552cbdb0b4e4317393085534804-1024-1024.jpg,https://acdn-us.mitiendanube.com/stores/005/775/403/products/andes-66-scaled-1a1fe1ed677365705117393085571144-1024-1024.jpg,https://acdn-us.mitiendanube.com/stores/005/775/403/products/andes-70-scaled-733247caf38f429b3517393085610902-1024-1024.jpg"
https://gerf.com.ar/productos/Zapatillas-Tucma-Colegial-Negro-Unisex-69-10/,69|10|35,69|10,Zapatillas Tucma Colegial Negro Unisex,254864671,CALZADOH|CalzadodeHombre|Zapatillas|VERTODO|CALZADOM|CalzadosdeMujer|Zapatillas|VERTODO,$63.000,$0,335,7,6,18,2,$4.418,$49.105,18,1,1,51,$11.712,0,2,26,54,115,,$21.105.000,https://acdn-us.mitiendanube.com/stores/005/775/403/products/69-10_1-747ff9b6b5bf4d051917393073510386-1024-1024.jpg,
https://gerf.com.ar/productos/zapatillas-dione-gris-negro-unisex/,60|56|35,60|56,Zapatillas Dione Gris/Negro Unisex,259461392,CALZADOH|CalzadodeHombre|Zapatillas|VERTODO|CALZADOM|CalzadosdeMujer|Zapatillas|VERTODO,$84.000,$0,39,0,3,6,1,$9.775,$85.004,40,1,4,50,$1.195,8,14,11,35,78,,$3.276.000,https://acdn-us.mitiendanube.com/stores/005/775/403/products/dione-gris_negro_1-51dea3fc7df516f50817417789996157-1024-1024.png,
https://gerf.com.ar/productos/Zapatillas-Verona-Azul-425-20/,425|20|35,425|20,Zapatillas Verona Azul,254866543,Ofertas|LiquidaciondeTemporada|CALZADOM|CalzadosdeMujer|Zapatillas|VERTODO,$84.900,$59.430,0,12,18,1,7,,$40.999,11,0,5,49,$48.822,5,19,13,3,78,,$0,https://acdn-us.mitiendanube.com/stores/005/775/403/products/425-20_1-119df6e2eede3e003217393098218586-1024-1024.png,"https://acdn-us.mitiendanube.com/stores/005/775/403/products/425-20_2-adb909cd4940ff549217393098266386-1024-1024.png,https://acdn-us.mitiendanube.com/stores/005/775/403/products/425-20_3-6b74d17ab25df61c7617393098311146-1024-1024.png"
https://gerf.com.ar/productos/Zapatillas-Andes-Blanco-Y-Gris-247-07/,247|07|36,247|07,Zapatillas Andes Blanco Y Gris,254866163,Ofertas|LiquidaciondeTemporada|CALZADOH|CalzadodeHombre|Zapatillas|VERTODO|CALZADOM|CalzadosdeMujer|Zapatillas|VERTODO,$67.100,$33.550,0,11,19,3,11,,$0,4,0,1,48,$7.035,3,8,33,0,88,,$0,https://acdn-us.mitiendanube.com/stores/005/775/403/products/247-07_1-814885b805179e034d17393084689248-1024-1024.jpeg,"https://acdn-us.mitiendanube.com/stores/005/775/403/products/247-07_2-89d48a62af8ee78e1317393084719944-1024-1024.jpeg,https://acdn-us.mitiendanube.com/stores/005/775/403/products/247-07_3-b91475187ff941028617393084748171-1024-1024.jpeg,https://acdn-us.mitiendanube.com/stores/005/775/403/products/247-07_4-b09c5a917a3309a64317393084778484-1024-1024.jpeg,https://acdn-us.mitiendanube.com/stores/005/775/403/products/247-07_5-8a65fe0cde8ba6c15317393084807451-1024-1024.jpeg,https://acdn-us.mitiendanube.com/stores/005/775/403/products/andes-91-scaled-403938451269b8a71517393084881400-1024-1024.jpg,https://acdn-us.mitiendanube.com/stores/005/775/403/products/andes-101-scaled-2f152146c4b487037d17393084934042-1024-1024.jpg,https://acdn-us.mitiendanube.com/stores/005/775/403/products/andes-34-scaled-f95f1680e7e28b953317393084983214-1024-1024.jpg"
https://gerf.com.ar/productos/Zapatillas-Habana-Verde-Unisex-241-30/,241|30|35,241|30,Zapatillas Habana Verde Unisex,254863327,CALZADOH|CalzadodeHombre|Zapatillas|VERTODO|CALZADOM|CalzadosdeMujer|Zapatillas|VERTODO,$66.100,$39.660,0,11,6,0,27,,$0,2,0,1,46,,8,23,60,7,142,,$0,https://acdn-us.mitiendanube.com/stores/005/775/403/products/habana-77-d290793e7ff6fa48d217393063877785-1024-1024.png,"https://acdn-us.mitiendanube.com/stores/005/775/403/products/habana-85-12515cfb5599330ba817393063917622-1024-1024.png,https://acdn-us.mitiendanube.com/stores/005/775/403/products/habana-83-eb9d389eeffbf1403217393063958408-1024-1024.png,https://acdn-us.mitiendanube.com/stores/005/775/403/products/habana-75-a76b977e8f3c2b6db717393063994364-1024-1024.png,https://acdn-us.mitiendanube.com/stores/005/775/403/products/habana-63-816b5fb86b023406be17393064039472-1024-1024.png"
https://gerf.com.ar/productos/Zapatillas-Teruel-Blanco-y-Azul-Unisex-248-02/,248|02|35,248|02,Zapatillas Teruel Blanco y Azul Unisex,254866317,Ofertas|LiquidaciondeTemporada|CALZADOH|CalzadodeHombre|Zapatillas|VERTODO|CALZADOM|CalzadosdeMujer|Zapatillas|VERTODO,$71.800,$43.080,106,12,15,1,7,$14.650,$23.217,8,1,23,43,$11.340,3,8,14,0,60,,$4.566.480,https://acdn-us.mitiendanube.com/stores/005/775/403/products/248-02_1-f04996bff793b6d98517393089151677-1024-1024.png,"https://acdn-us.mitiendanube.com/stores/005/775/403/products/248-02_2-4cbd5d7ac866d2976817393089179996-1024-1024.png,https://acdn-us.mitiendanube.com/stores/005/775/403/products/248-02_3-2b16cb53f24607403417393089214595-1024-1024.png,https://acdn-us.mitiendanube.com/stores/005/775/403/products/248-02_4-8b69c604d83480dd3017393089247938-1024-1024.png,https://acdn-us.mitiendanube.com/stores/005/775/403/products/248-02_5-bf3a75bc0822bc6ec617393089284960-1024-1024.png,https://acdn-us.mitiendanube.com/stores/005/775/403/products/img_8287-scaled-0a215775f738eb0ef717393089321231-1024-1024.jpg,https://acdn-us.mitiendanube.com/stores/005/775/403/products/img_8295-scaled-0a832dc7402a27810e17393089357969-1024-1024.jpg,https://acdn-us.mitiendanube.com/stores/005/775/403/products/img_8302-scaled-b8128191858a814eba17393089401344-1024-1024.jpg"
https://gerf.com.ar/productos/Zapatillas-Dublin-Negro-Unisex-300-10/,300|10|36,300|10,Zapatillas Dublin Negro Unisex,254866518,CALZADOH|CalzadodeHombre|Zapatillas|VERTODO|CALZADOM|CalzadosdeMujer|Zapatillas|VERTODO,$71.340,$0,7,24,0,5,0,,$25.543,13,1,0,42,$2.731,9,12,4,10,64,,$499.380,https://acdn-us.mitiendanube.com/stores/005/775/403/products/300-10_1-1d693ca9420447a27b17393097052362-1024-1024.png,"https://acdn-us.mitiendanube.com/stores/005/775/403/products/300-10_2-304bcdac9fbb3f280917393097087948-1024-1024.png,https://acdn-us.mitiendanube.com/stores/005/775/403/products/300-10_3-fd8fb28f22fec52fce17393097124669-1024-1024.png,https://acdn-us.mitiendanube.com/stores/005/775/403/products/feed_1080x1080_gerf_1_variante02-ec196b590af204daf617393097149165-1024-1024.png,https://acdn-us.mitiendanube.com/stores/005/775/403/products/feed_1080x1080_gerf_2-cbdec8a6d255a5b88b17393097177201-1024-1024.png,https://acdn-us.mitiendanube.com/stores/005/775/403/products/feed_1080x1080_gerf_3-b127c8accd5655e1ae17393097206718-1024-1024.png"
https://gerf.com.ar/productos/zapatillas-nix-2-0-negro/,79|10|36,79|10,Zapatillas Nix 2.0 Negro,260692385,CALZADOH|CalzadodeHombre|Zapatillas|VERTODO|CALZADOM|CalzadosdeMujer|Zapatillas|VERTODO,$68.500,$0,11,0,5,20,2,,$2.329,14,1,1,41,$3.727,3,69,39,73,211,,$753.500,https://acdn-us.mitiendanube.com/stores/005/775/403/products/feed_1080x1080_124_3-9c61a297b574b541c817424026377014-1024-1024.png,"https://acdn-us.mitiendanube.com/stores/005/775/403/products/feed_1080x1080_124_2-b4d58e6ee529c5ba8b17424026380375-1024-1024.png,https://acdn-us.mitiendanube.com/stores/005/775/403/products/feed_1080x1080_124_6-9ed30d62bbcb2ca19f17424026379964-1024-1024.png,https://acdn-us.mitiendanube.com/stores/005/775/403/products/feed_1080x1080_124_4-861e0d3cefd6bf735f17424026380732-1024-1024.png,https://acdn-us.mitiendanube.com/stores/005/775/403/products/feed_1080x1080_124_1-069fd10e6d21e124a117424026380486-1024-1024.png"
https://gerf.com.ar/productos/Zapatillas-Luma-Negro-Unisex-249-10/,249|10|35,249|10,Zapatillas Luma Negro Unisex,254866355,Ofertas|LiquidaciondeTemporada|CALZADOH|CalzadodeHombre|Zapatillas|VERTODO|CALZADOM|CalzadosdeMujer|Zapatillas|VERTODO,$74.300,$37.150,77,10,16,1,10,,$3.567,1,0,2,38,$9.025,1,3,12,3,56,,$2.860.550,https://acdn-us.mitiendanube.com/stores/005/775/403/products/249-10_1-1cac21b3a2903cb0f817393091045505-1024-1024.png,"https://acdn-us.mitiendanube.com/stores/005/775/403/products/249-10_2-5477f43f2a1591065717393091073813-1024-1024.png,https://acdn-us.mitiendanube.com/stores/005/775/403/products/249-10_3-12aa57dc7799933dcb17393091104330-1024-1024.png,https://acdn-us.mitiendanube.com/stores/005/775/403/products/249-10_4-fcad62f6533bcb1d4c17393091140601-1024-1024.png,https://acdn-us.mitiendanube.com/stores/005/775/403/products/249-10_5-d2361b87b99c46270e17393091170499-1024-1024.png"
https://gerf.com.ar/productos/Zapatillas-Tucma-Blanco-Unisex-35-01/,35|01|35,35|01,Zapatillas Tucma Blanco Unisex,254863700,CALZADOH|CalzadodeHombre|Zapatillas|VERTODO|CALZADOM|CalzadosdeMujer|Zapatillas|VERTODO,$63.000,$44.100,94,32,2,0,0,,$22.018,3,0,8,37,$3.887,10,59,12,8,123,,$5.922.000,https://acdn-us.mitiendanube.com/stores/005/775/403/products/tucma-200-80a91f2f2ae4683e5317393067468081-1024-1024.png,"https://acdn-us.mitiendanube.com/stores/005/775/403/products/tucma-138-19a7ee4c5bd3353c4017393067514662-1024-1024.png,https://acdn-us.mitiendanube.com/stores/005/775/403/products/tucma-190-d565b11a79be2bbf2f17393067561172-1024-1024.png,https://acdn-us.mitiendanube.com/stores/005/775/403/products/tucma-197-e0f34b22923517650117393067602557-1024-1024.png,https://acdn-us.mitiendanube.com/stores/005/775/403/products/tucma-192-86f1d688ed8950dd6717393067644787-1024-1024.png"
https://gerf.com.ar/productos/zapatillas-venturi-azul-bordo/,37|174|35,37|174,Zapatillas Venturi Azul/Bordo,260773614,Ofertas|LiquidaciondeTemporada|CALZADOH|CalzadodeHombre|Zapatillas|VERTODO|CALZADOM|CalzadosdeMujer|Zapatillas|VERTODO,$85.300,$42.650,58,0,30,3,3,,$15.732,1,2,6,37,$8.068,3,3,9,3,54,,$2.473.700,https://acdn-us.mitiendanube.com/stores/005/775/403/products/feed_1080x1080_208_3-e5d47f171fda0f157317424216212467-1024-1024.png,
https://gerf.com.ar/productos/Dione-Blanco-60-01/,60|05|35,60|05,Zapatillas Dione Blanco/Negro Unisex,254864197,CALZADOH|CalzadodeHombre|Zapatillas|VERTODO|CALZADOM|CalzadosdeMujer|Zapatillas|VERTODO,$84.000,$0,134,1,3,0,1,$20.061,$39.831,31,0,0,36,$4.275,5,17,12,3,42,,$11.256.000,https://acdn-us.mitiendanube.com/stores/005/775/403/products/60-01_1-ebc6fb49277f238f3017393071489351-1024-1024.jpg,
https://gerf.com.ar/productos/Zapatillas-Andes-Negro-247-10/,247|10|36,247|10,Zapatillas Andes Negro,254866177,Ofertas|LiquidaciondeTemporada|CALZADOH|CalzadodeHombre|Zapatillas|VERTODO|CALZADOM|CalzadosdeMujer|Zapatillas|VERTODO,$67.100,$33.550,1,6,6,1,23,,$0,0,0,0,36,$6.778,2,14,37,7,96,,$33.550,https://acdn-us.mitiendanube.com/stores/005/775/403/products/247-10_1-c1c118bf28168199a917393085060590-1024-1024.jpeg,"https://acdn-us.mitiendanube.com/stores/005/775/403/products/247-10_2-f4e4ccc2a6b32e67d217393085100723-1024-1024.jpeg,https://acdn-us.mitiendanube.com/stores/005/775/403/products/247-10_3-303def9657628b63b417393085136341-1024-1024.jpeg,https://acdn-us.mitiendanube.com/stores/005/775/403/products/247-10_4-442ebad781fd4202e917393085168832-1024-1024.jpeg,https://acdn-us.mitiendanube.com/stores/005/775/403/products/247-10_5-3bfca2906444b6bda717393085198103-1024-1024.jpeg,https://acdn-us.mitiendanube.com/stores/005/775/403/products/andes-77-scaled-35ef9feb2e61bf7e6717393085231048-1024-1024.jpg,https://acdn-us.mitiendanube.com/stores/005/775/403/products/andes-82-scaled-219581951f3982c54717393085271548-1024-1024.jpg,https://acdn-us.mitiendanube.com/stores/005/775/403/products/andes-83-scaled-aa1f4b9f1e92bfb3ff17393085310750-1024-1024.jpg"
https://gerf.com.ar/productos/Zapatillas-Verona-Naranja-425-120/,425|120|35,425|120,Zapatillas Verona Naranja,254866253,Ofertas|LiquidaciondeTemporada|CALZADOM|CalzadosdeMujer|Zapatillas|VERTODO,$84.900,$59.430,11,13,8,2,5,,$2.869,7,1,7,35,$13.696,5,11,21,0,65,,$653.730,https://acdn-us.mitiendanube.com/stores/005/775/403/products/425-120_1-9961e32e3a63c3e3f217393086534556-1024-1024.jpeg,"https://acdn-us.mitiendanube.com/stores/005/775/403/products/425-120_2-5cd0035debccfcf98f17393086568501-1024-1024.jpeg,https://acdn-us.mitiendanube.com/stores/005/775/403/products/425-120_3-99ce51f97b43e5be6617393086602298-1024-1024.jpeg,https://acdn-us.mitiendanube.com/stores/005/775/403/products/425-120_4-9e6bbc6fa8dd43b81c17393086631317-1024-1024.jpeg,https://acdn-us.mitiendanube.com/stores/005/775/403/products/425-120_5-b45ca79004ff3346ab17393086666864-1024-1024.jpeg"
https://gerf.com.ar/productos/zapatillas-dione-beige-negro/,60|127|35,60|127,Zapatillas Dione Beige/Negro,260779279,CALZADOH|CalzadodeHombre|Zapatillas|VERTODO|CALZADOM|CalzadosdeMujer|Zapatillas|VERTODO,$84.000,$0,42,0,3,12,0,$8.913,$42.868,20,1,4,35,$2.466,11,31,32,40,129,,$3.528.000,https://acdn-us.mitiendanube.com/stores/005/775/403/products/feed_1080x1080_64_3-61bba5cf061f8a36da17424245171226-1024-1024.png,
https://gerf.com.ar/productos/Zapatillas-Dione-Rosa-600-80/,600|80|35,600|80,Zapatillas Dione Rosa,254866694,CALZADOM|CalzadosdeMujer|Zapatillas|VERTODO,$84.000,$0,88,23,0,1,0,$11.258,$17.918,9,0,1,33,$3.688,10,31,14,14,93,,$7.392.000,https://acdn-us.mitiendanube.com/stores/005/775/403/products/feed_1080x1080_348_3-3c5abf484ac46b8fb417393104556573-1024-1024.png,"https://acdn-us.mitiendanube.com/stores/005/775/403/products/feed_1080x1080_348_2-897263896cff2d077b17393104601909-1024-1024.png,https://acdn-us.mitiendanube.com/stores/005/775/403/products/feed_1080x1080_348_6-dd90a9f367ecacca2f17393104647504-1024-1024.png"
https://gerf.com.ar/productos/Zapatillas-Dione-Gold-O24-Gris-Y-Verde-631-55/,631|55|35,631|55,Zapatillas Dione Gold O24 Gris Y Verde,254866478,CALZADOH|CalzadodeHombre|Zapatillas|VERTODO|CALZADOM|CalzadosdeMujer|Zapatillas|VERTODO,$80.800,$56.560,12,12,0,1,12,,$3.372,7,0,4,32,$1.934,2,11,2,13,53,,$969.600,https://acdn-us.mitiendanube.com/stores/005/775/403/products/631-55_1-af1fb00ea51da2f12817393095275115-1024-1024.jpg,"https://acdn-us.mitiendanube.com/stores/005/775/403/products/631-55_2-351e387d61dbea8f5117393095307164-1024-1024.jpg,https://acdn-us.mitiendanube.com/stores/005/775/403/products/631-55_3-cfb9e60f67b45b418517393095341886-1024-1024.jpg"
https://gerf.com.ar/productos/Zapatillas-Malva-Celeste-315-130/,315|130|35,315|130,Zapatillas Malva Celeste,254863560,Ofertas|LiquidaciondeTemporada|CALZADOM|CalzadosdeMujer|Zapatillas|VERTODO,$78.900,$55.230,7,12,5,3,0,,$32.018,10,1,4,30,$35.655,4,24,8,5,61,,$386.610,https://acdn-us.mitiendanube.com/stores/005/775/403/products/img_4379-bb77245c10e61c60ed17393066139395-1024-1024.jpg,"https://acdn-us.mitiendanube.com/stores/005/775/403/products/img_4435-8e8fa975e5bc98858d17393066168977-1024-1024.jpg,https://acdn-us.mitiendanube.com/stores/005/775/403/products/315-130_1-c2313c0c271d7e3ddc17393066197198-1024-1024.jpg"
https://gerf.com.ar/productos/zapatillas-tucma-2-0-blanco-rojo/,214|176|35,214|176,Zapatillas Tucma 2.0 Blanco/Rojo,260624574,CALZADOH|CalzadodeHombre|Zapatillas|VERTODO|CALZADOM|CalzadosdeMujer|Zapatillas|VERTODO,$63.000,$31.500,13,0,16,0,6,,$38.051,7,2,2,29,$5.880,1,2,5,4,34,,$409.500,https://acdn-us.mitiendanube.com/stores/005/775/403/products/whatsapp-image-2023-10-03-at-18-28-58-8-531655deffb9b9dc3f17423768702717-1024-1024.jpeg,
https://gerf.com.ar/productos/Zapatillas-Dione-Azul-Unisex-60-20/,60|24|35,60|24,Zapatillas Dione Azul/Rojo Unisex,254864310,Ofertas|LiquidaciondeTemporada|CALZADOH|CalzadodeHombre|Zapatillas|VERTODO|CALZADOM|CalzadosdeMujer|Zapatillas|VERTODO,$84.000,$42.000,2,0,14,5,5,,$6.160,5,1,0,29,$13.906,1,4,19,5,53,,$84.000,https://acdn-us.mitiendanube.com/stores/005/775/403/products/60-20_1-f5b324acfd2b817fde17393072109588-1024-1024.jpg,
https://gerf.com.ar/productos/zapatillas-habana-negro-gris/,241|13|35,241|13,Zapatillas Habana Negro/Gris,260685580,CALZADOH|CalzadodeHombre|Zapatillas|VERTODO|CALZADOM|CalzadosdeMujer|Zapatillas|VERTODO,$66.100,$0,3,0,17,0,7,,$0,4,1,8,28,$1.480,6,24,74,6,134,,$198.300,https://acdn-us.mitiendanube.com/stores/005/775/403/products/whatsapp-image-2023-10-11-at-18-38-52-7-c4f47f93f4c059a07117423993574522-1024-1024.jpeg,"https://acdn-us.mitiendanube.com/stores/005/775/403/products/whatsapp-image-2023-10-11-at-18-38-52-6-5b44f2d3836b60f4f417423993578852-1024-1024.jpeg,https://acdn-us.mitiendanube.com/stores/005/775/403/products/whatsapp-image-2023-10-11-at-18-38-52-9-6958cc7d3cbe2742f117423993578380-1024-1024.jpeg,https://acdn-us.mitiendanube.com/stores/005/775/403/products/whatsapp-image-2023-10-11-at-18-38-52-8-ea10d0b86d9c39a87717423993577082-1024-1024.jpeg,https://acdn-us.mitiendanube.com/stores/005/775/403/products/whatsapp-image-2023-10-11-at-18-38-52-5-a196288e2411d1b38017423993577959-1024-1024.jpeg"
https://gerf.com.ar/productos/Zapatillas-Andes-Blanco-Y-Azul-247-02/,247|02|36,247|02,Zapatillas Andes Blanco Y Azul,254866152,Ofertas|LiquidaciondeTemporada|CALZADOH|CalzadodeHombre|Zapatillas|VERTODO|CALZADOM|CalzadosdeMujer|Zapatillas|VERTODO,$67.100,$33.550,1,6,6,4,7,,$0,4,1,3,27,$4.362,1,4,20,6,54,,$33.550,https://acdn-us.mitiendanube.com/stores/005/775/403/products/andes-21-scaled-7ffde1395220f1ca7917392887967240-1024-1024.jpg,"https://acdn-us.mitiendanube.com/stores/005/775/403/products/247-02_1-d2f5804b3981126b7917393084381438-1024-1024.jpeg,https://acdn-us.mitiendanube.com/stores/005/775/403/products/247-02_2-8c5a798df18cf9e8ed17393084411201-1024-1024.jpeg,https://acdn-us.mitiendanube.com/stores/005/775/403/products/247-02_3-3f186a3b1a5a26be6117393084442309-1024-1024.jpeg,https://acdn-us.mitiendanube.com/stores/005/775/403/products/247-02_4-ddfec74d4426fc329817393084476640-1024-1024.jpeg,https://acdn-us.mitiendanube.com/stores/005/775/403/products/247-02_5-f1634a1f8b4b5fbb6717393084509319-1024-1024.jpeg,https://acdn-us.mitiendanube.com/stores/005/775/403/products/andes-1-scaled-58dbc6e0ff03def24017393084547324-1024-1024.jpg,https://acdn-us.mitiendanube.com/stores/005/775/403/products/andes-13-scaled-0d8d2024c53386967817393084593787-1024-1024.jpg,https://acdn-us.mitiendanube.com/stores/005/775/403/products/andes-21-scaled-43954345ecd0241e7517393084641890-1024-1024.jpg"
https://gerf.com.ar/productos/Zapatillas-Moscu-Negro-Unisex-307-10/,307|10|41,307|10,Zapatillas Moscu Negro Unisex,254866669,CALZADOH|CalzadodeHombre|Zapatillas|VERTODO|CALZADOM|CalzadosdeMujer|Zapatillas|VERTODO,$81.000,$0,52,9,0,3,0,,$19.870,15,0,1,27,$6.507,2,6,4,11,35,,$4.212.000,https://acdn-us.mitiendanube.com/stores/005/775/403/products/feed_1080x1080_337_3-558cdcf7c47d5d522017393102764812-1024-1024.png,"https://acdn-us.mitiendanube.com/stores/005/775/403/products/feed_1080x1080_337_2-fe9624695d7949afe817393102809335-1024-1024.png,https://acdn-us.mitiendanube.com/stores/005/775/403/products/feed_1080x1080_337_6-8f70bac78ce6a3653b17393102846147-1024-1024.png,https://acdn-us.mitiendanube.com/stores/005/775/403/products/feed_1080x1080_gerf_2-317d249c36e26006ac17393102871016-1024-1024.png,https://acdn-us.mitiendanube.com/stores/005/775/403/products/feed_1080x1080_gerf_3-0d0aad23ecdeb17f4e17393102900696-1024-1024.png,https://acdn-us.mitiendanube.com/stores/005/775/403/products/feed_1080x1080_gerf_1_variante02-a3fd20eb013685111117393102926938-1024-1024.png"
https://gerf.com.ar/productos/Zapatillas-Aconcagua-Marron-246-100/,246|100|35,246|100,Zapatillas Aconcagua Marron,254865928,Ofertas|LiquidaciondeTemporada|CALZADOH|CalzadodeHombre|Zapatillas|VERTODO|CALZADOM|CalzadosdeMujer|Zapatillas|VERTODO,$98.300,$49.150,1,3,3,0,9,,$120.749,12,0,1,27,$6.864,1,0,16,4,36,,$49.150,https://acdn-us.mitiendanube.com/stores/005/775/403/products/246_100-1-b3ce143b032925dafd17393080345359-1024-1024.jpg,"https://acdn-us.mitiendanube.com/stores/005/775/403/products/246_100-2-fda79c65f6009fe61917393080373834-1024-1024.jpg,https://acdn-us.mitiendanube.com/stores/005/775/403/products/246_100-3-ad69e73806e773ad7c17393080401414-1024-1024.jpg,https://acdn-us.mitiendanube.com/stores/005/775/403/products/246_100-4-3560fc27cd8c3bf01817393080430971-1024-1024.jpg,https://acdn-us.mitiendanube.com/stores/005/775/403/products/246_100-5-b52cfc9ec7b9bbecf217393080457433-1024-1024.jpg,https://acdn-us.mitiendanube.com/stores/005/775/403/products/img_9661-6d0b68fa2952279d4417393080502883-1024-1024.jpg,https://acdn-us.mitiendanube.com/stores/005/775/403/products/img_9686-b6d70fca684bbd61b717393080550727-1024-1024.jpg,https://acdn-us.mitiendanube.com/stores/005/775/403/products/img_9742-a980ac171a28fe1fec17393080595350-1024-1024.jpg"
https://gerf.com.ar/productos/Zapatillas-Praga-Rosa-y-Beige-305-165/,305|165|35,305|165,Zapatillas Praga Rosa y Beige,254866654,CALZADOM|CalzadosdeMujer|Zapatillas|VERTODO,$78.400,$54.880,0,9,0,1,1,,$14.810,15,3,13,26,$9.705,7,16,8,6,48,,$0,https://acdn-us.mitiendanube.com/stores/005/775/403/products/305-165_1-1-08fa6d8be7ce1f5db817393102229810-1024-1024.png,"https://acdn-us.mitiendanube.com/stores/005/775/403/products/305-165_2-1-88149f93f4ee91c8ab17393102267047-1024-1024.png,https://acdn-us.mitiendanube.com/stores/005/775/403/products/305-165_3-1-9dbc3782f9661ed1c417393102300877-1024-1024.png,https://acdn-us.mitiendanube.com/stores/005/775/403/products/feed_1080x1080_gerf_1_variante02-04bf38787baa98759817393102324460-1024-1024.png,https://acdn-us.mitiendanube.com/stores/005/775/403/products/feed_1080x1080_gerf_2-5a99828e0617b5bb6917393102352711-1024-1024.png,https://acdn-us.mitiendanube.com/stores/005/775/403/products/feed_1080x1080_gerf_3-8d15ed40e3c7bf87e117393102382049-1024-1024.png"
https://gerf.com.ar/productos/Zapatillas-Bulls-One-024-Blanco-255-01/,255|01|35,255|01,Zapatillas Bulls One 024 Blanco,254866388,Ofertas|LiquidaciondeTemporada|CALZADOM|CalzadosdeMujer|Zapatillas|VERTODO,$74.800,$37.400,0,10,14,1,0,,$0,1,0,0,26,$2.658,0,2,1,1,29,,$0,https://acdn-us.mitiendanube.com/stores/005/775/403/products/861-01_1-03ad3fcab454a5b36317393092561720-1024-1024.jpg,
https://gerf.com.ar/productos/Zapatillas-Venturi-Blanco-Unisex-37-01/,37|01|35,37|01,Zapatillas Venturi Blanco Unisex,254863743,CALZADOH|CalzadodeHombre|Zapatillas|VERTODO|CALZADOM|CalzadosdeMujer|Zapatillas|VERTODO,$85.300,$0,69,5,5,1,0,,$34.696,13,2,1,24,$2.787,2,13,16,1,43,,$0,https://acdn-us.mitiendanube.com/stores/005/775/403/products/feed_1080x1080_331_3-020a7d1390b720590117393067869704-1024-1024.png,"https://acdn-us.mitiendanube.com/stores/005/775/403/products/feed_1080x1080_331_3-31a38e35e0113334fc17393067911970-1024-1024.png,https://acdn-us.mitiendanube.com/stores/005/775/403/products/37-01_3-e4d52999fed26f1ef217393067948408-1024-1024.png,https://acdn-us.mitiendanube.com/stores/005/775/403/products/37-01_2-632ed881a9fb47d09817393067986290-1024-1024.png,https://acdn-us.mitiendanube.com/stores/005/775/403/products/venturi-105-scaled-e1729603681173-7cfb251cb488377a4017393068031174-1024-1024.jpg"
https://gerf.com.ar/productos/Zapatillas-Dione-Naranja-600-120/,600|120|35,600|120,Zapatillas Dione Naranja,254866689,CALZADOH|CalzadodeHombre|Zapatillas|VERTODO|CALZADOM|CalzadosdeMujer|Zapatillas|VERTODO,$84.000,$0,444,13,1,3,0,$23.340,$50.714,6,0,4,23,$7.888,4,11,5,3,40,,$37.296.000,https://acdn-us.mitiendanube.com/stores/005/775/403/products/feed_1080x1080_346_3-a13eebe7f872a9991f17393104365108-1024-1024.png,"https://acdn-us.mitiendanube.com/stores/005/775/403/products/feed_1080x1080_346_2-708fb47d3d876a055d17393104402958-1024-1024.png,https://acdn-us.mitiendanube.com/stores/005/775/403/products/feed_1080x1080_346_6-f2936c40a8f0eb6e7b17393104448224-1024-1024.png"
https://gerf.com.ar/productos/Zapatillas-Bruna-Blanco-Y-Negro-319-05/,319|05|44,319|05,Zapatillas Bruna Blanco Y Negro,254866462,Ofertas|LiquidaciondeTemporada|CALZADOH|CalzadodeHombre|Botitas|VERTODO|CALZADOM|CalzadosdeMujer|Botitas|VERTODO,$93.000,$0,25,17,1,3,0,,$1.580,2,0,1,23,$8.181,4,14,7,8,54,,$0,https://acdn-us.mitiendanube.com/stores/005/775/403/products/319-05_1-e8b3d186b64d58fa9317393094762910-1024-1024.jpg,"https://acdn-us.mitiendanube.com/stores/005/775/403/products/319-05_2-4829e67c06141b7b3317393094794174-1024-1024.jpg,https://acdn-us.mitiendanube.com/stores/005/775/403/products/319-05_3-bd4c995ad06f677ab217393094820424-1024-1024.jpg,https://acdn-us.mitiendanube.com/stores/005/775/403/products/319-05_4-619b0a4321e086904717393094853472-1024-1024.jpg,https://acdn-us.mitiendanube.com/stores/005/775/403/products/319-05_5-f9a69770c0ee58942d17393094881345-1024-1024.jpg,https://acdn-us.mitiendanube.com/stores/005/775/403/products/feed_1080x1080_gerf_1_variante02-493599da0726fadbd717393094901253-1024-1024.png,https://acdn-us.mitiendanube.com/stores/005/775/403/products/feed_1080x1080_gerf_2-615f046ae0d7cd694117393094935646-1024-1024.png,https://acdn-us.mitiendanube.com/stores/005/775/403/products/feed_1080x1080_gerf_3-26b3bfeb2f9ad00f6b17393094966983-1024-1024.png"
https://gerf.com.ar/productos/Zapatillas-Luma-Blanco-Unisex-249-01/,249|01|35,249|01,Zapatillas Luma Blanco Unisex,254866351,Ofertas|LiquidaciondeTemporada|CALZADOH|CalzadodeHombre|Zapatillas|VERTODO|CALZADOM|CalzadosdeMujer|Zapatillas|VERTODO,$74.300,$37.150,87,11,7,0,3,,$4.631,1,0,6,22,$6.656,2,5,5,0,33,,$3.232.050,https://acdn-us.mitiendanube.com/stores/005/775/403/products/249-01_1-21924e2914f3c2169b17393090895480-1024-1024.png,"https://acdn-us.mitiendanube.com/stores/005/775/403/products/249-01_2-065ae134d11ad1959e17393090924758-1024-1024.png,https://acdn-us.mitiendanube.com/stores/005/775/403/products/249-01_3-dcaa3290ec27d92ae717393090953806-1024-1024.png,https://acdn-us.mitiendanube.com/stores/005/775/403/products/249-01_4-750a0dbcb186a50bcd17393090981869-1024-1024.png,https://acdn-us.mitiendanube.com/stores/005/775/403/products/249-01_5-b08083f2dd8d55da7617393091015053-1024-1024.png"
https://gerf.com.ar/productos/Zapatillas-Atenas-Verde-304-30/,304|30|35,304|30,Zapatillas Atenas Verde,254866536,CALZADOH|CalzadodeHombre|Zapatillas|VERTODO|CALZADOM|CalzadosdeMujer|Zapatillas|VERTODO,$67.200,$0,3,16,1,2,0,,$0,3,0,4,22,$984,10,47,11,14,101,,$201.600,https://acdn-us.mitiendanube.com/stores/005/775/403/products/304-30_1-4b5e18728d9f79dd8e17393098023626-1024-1024.png,"https://acdn-us.mitiendanube.com/stores/005/775/403/products/304-30_2-b57b4ac84fee14e7d517393098055230-1024-1024.png,https://acdn-us.mitiendanube.com/stores/005/775/403/products/304-30_3-300b6b797f3228d02a17393098088808-1024-1024.png,https://acdn-us.mitiendanube.com/stores/005/775/403/products/feed_1080x1080_gerf_1_variante02-dda453c3da3d4caf9d17393098112662-1024-1024.png,https://acdn-us.mitiendanube.com/stores/005/775/403/products/feed_1080x1080_gerf_2-afc088be439c6d075117393098143033-1024-1024.png,https://acdn-us.mitiendanube.com/stores/005/775/403/products/feed_1080x1080_gerf_3-2dcb0c24e5a9de6b0d17393098173107-1024-1024.png"
https://gerf.com.ar/productos/Zapatillas-Bruna-Gris-Y-Negro-319-56/,319|56|35,319|56,Zapatillas Bruna Gris Y Negro,254866470,Ofertas|LiquidaciondeTemporada|CALZADOH|CalzadodeHombre|Botitas|VERTODO|CALZADOM|CalzadosdeMujer|Botitas|VERTODO,$93.000,$0,12,14,3,3,0,,$4.734,2,0,1,22,$28.775,1,10,4,6,41,,$0,https://acdn-us.mitiendanube.com/stores/005/775/403/products/319-56_1-1d3b0fb8001540032517393095002965-1024-1024.jpg,"https://acdn-us.mitiendanube.com/stores/005/775/403/products/319-56_2-e7786ca2e1fe021e7117393095034556-1024-1024.jpg,https://acdn-us.mitiendanube.com/stores/005/775/403/products/319-56_3-418fd3e83f238b07f717393095062595-1024-1024.jpg,https://acdn-us.mitiendanube.com/stores/005/775/403/products/feed_1080x1080_gerf_1_variante02-df71ebb8229628f75617393095083907-1024-1024.png,https://acdn-us.mitiendanube.com/stores/005/775/403/products/feed_1080x1080_gerf_2-1cf4b093d1b864008817393095114279-1024-1024.png,https://acdn-us.mitiendanube.com/stores/005/775/403/products/feed_1080x1080_gerf_3-592f5ef11043f12e7017393095145936-1024-1024.png"
https://gerf.com.ar/productos/Zapatillas-Sakura-Gris-244-50/,244|50|36,244|50,Zapatillas Sakura Gris,254865819,Ofertas|LiquidaciondeTemporada|CALZADOM|CalzadosdeMujer|Zapatillas|VERTODO,$57.500,$28.750,42,0,8,3,7,,$9.314,3,0,2,21,$6.347,0,2,1,1,22,,$1.207.500,https://acdn-us.mitiendanube.com/stores/005/775/403/products/244-50_1-992c5bbf5500f4f91117393079104984-1024-1024.jpg,"https://acdn-us.mitiendanube.com/stores/005/775/403/products/244-50_2-f69ed7cf7751976a7b17393079138146-1024-1024.jpg,https://acdn-us.mitiendanube.com/stores/005/775/403/products/244-50_3-02c1f91ea7e2ff3a8617393079163506-1024-1024.jpg,https://acdn-us.mitiendanube.com/stores/005/775/403/products/244-50_4-440c2913fa025ff06a17393079191449-1024-1024.jpg,https://acdn-us.mitiendanube.com/stores/005/775/403/products/244-50_5-9c8f67ae539a5c557a17393079218095-1024-1024.jpg"
https://gerf.com.ar/productos/Zapatillas-Ushuaia-O24-Gris-250-50/,250|50|35,250|50,Zapatillas Ushuaia O24 Gris,254866437,Ofertas|LiquidaciondeTemporada|CALZADOH|CalzadodeHombre|Botitas|VERTODO|CALZADOM|CalzadosdeMujer|Botitas|VERTODO,$60.800,$36.480,9,0,8,2,3,,$978,6,0,4,19,$1.627,6,5,16,8,48,,$328.320,https://acdn-us.mitiendanube.com/stores/005/775/403/products/250-50_1-d28dee6ccb9b6ea74917393093460251-1024-1024.jpg,"https://acdn-us.mitiendanube.com/stores/005/775/403/products/250-50_2-040203ede816fd2e8017393093492100-1024-1024.jpg,https://acdn-us.mitiendanube.com/stores/005/775/403/products/250-50_3-924bd134e645ecd00717393093518144-1024-1024.jpg,https://acdn-us.mitiendanube.com/stores/005/775/403/products/feed_1080x1080_gerf_1_variante02-d65f0fcd7d86645bb017393093543022-1024-1024.png,https://acdn-us.mitiendanube.com/stores/005/775/403/products/feed_1080x1080_gerf_2-b3e3768176f63c7cb117393093577229-1024-1024.png,https://acdn-us.mitiendanube.com/stores/005/775/403/products/feed_1080x1080_gerf_3-6950eafaf3468cb3ac17393093609164-1024-1024.png"
https://gerf.com.ar/productos/Zapatillas-Dione-Gold-O24-Negro-y-Rojo-Unisex-631-14/,631|14|35,631|14,Zapatillas Dione Gold O24 Negro y Rojo Unisex,254866384,CALZADOH|CalzadodeHombre|Zapatillas|VERTODO|CALZADOM|CalzadosdeMujer|Zapatillas|VERTODO,$80.800,$56.560,13,3,0,2,11,,$5.554,3,0,2,19,$5.121,1,11,4,3,35,,$1.050.400,https://acdn-us.mitiendanube.com/stores/005/775/403/products/631-14_1-63398d04729a9d446a17393092405416-1024-1024.png,"https://acdn-us.mitiendanube.com/stores/005/775/403/products/631-14_2-15f9cababf6a50e44e17393092433046-1024-1024.png,https://acdn-us.mitiendanube.com/stores/005/775/403/products/631-14_3-c9383bf8111e36d0ab17393092463690-1024-1024.png,https://acdn-us.mitiendanube.com/stores/005/775/403/products/631-14_4-81eac639bce459cfd617393092499738-1024-1024.png,https://acdn-us.mitiendanube.com/stores/005/775/403/products/631-14_5-7de4eb5347484c85ae17393092538642-1024-1024.png"
https://gerf.com.ar/productos/Zapatillas-Moscu-Rosa-307-80/,307|80|35,307|80,Zapatillas Moscu Rosa,254866687,CALZADOM|CalzadosdeMujer|Zapatillas|VERTODO,$81.000,$0,4,9,0,1,0,,$124.692,9,0,0,19,$6.448,0,7,3,7,27,,$324.000,https://acdn-us.mitiendanube.com/stores/005/775/403/products/feed_1080x1080_339_3-b12a8e1304d0def89f17393104155054-1024-1024.png,"https://acdn-us.mitiendanube.com/stores/005/775/403/products/feed_1080x1080_339_2-b3f481ffb30b68333017393104197358-1024-1024.png,https://acdn-us.mitiendanube.com/stores/005/775/403/products/feed_1080x1080_339_6-ce848b889e6031d28617393104237642-1024-1024.png,https://acdn-us.mitiendanube.com/stores/005/775/403/products/feed_1080x1080_gerf_1_variante02-df4167e32e2c67051817393104262626-1024-1024.png,https://acdn-us.mitiendanube.com/stores/005/775/403/products/feed_1080x1080_gerf_3-bad7a3fc59fc15ec3e17393104290119-1024-1024.png,https://acdn-us.mitiendanube.com/stores/005/775/403/products/feed_1080x1080_gerf_2-d22e5816a9d1899f4817393104317585-1024-1024.png"
https://gerf.com.ar/productos/Zapatillas-Chester-024-Blanco-Unisex-251-01/,251|01|35,251|01,Zapatillas Chester 024 Blanco Unisex,254866397,CALZADOH|CalzadodeHombre|Zapatillas|VERTODO|CALZADOM|CalzadosdeMujer|Zapatillas|VERTODO,$75.200,$0,34,17,0,1,0,,$16.725,0,0,1,18,$3.403,3,25,7,2,55,,$2.556.800,https://acdn-us.mitiendanube.com/stores/005/775/403/products/59-01_4-c37ed396cbbc63b0a017393092753673-1024-1024.jpg,
https://gerf.com.ar/productos/Zapatillas-Chalten-Blanco-Y-Negro-297-05/,297|05|35,297|05,Zapatillas Chalten Blanco Y Negro,254866460,Ofertas|LiquidaciondeTemporada|CALZADOM|CalzadosdeMujer|Zapatillas|VERTODO,$79.400,$39.700,2,1,10,0,5,,$0,2,0,1,18,$63,0,5,6,0,27,,$79.400,https://acdn-us.mitiendanube.com/stores/005/775/403/products/297-05_1-29d126dad3fa7accb617393094612824-1024-1024.jpg,"https://acdn-us.mitiendanube.com/stores/005/775/403/products/297-05_2-4f217d2102f298721017393094645103-1024-1024.jpg,https://acdn-us.mitiendanube.com/stores/005/775/403/products/297-05_3-8a8a56ef08ca8a21ef17393094673797-1024-1024.jpg,https://acdn-us.mitiendanube.com/stores/005/775/403/products/297-05_4-951b60ba95d72321c917393094707406-1024-1024.jpg,https://acdn-us.mitiendanube.com/stores/005/775/403/products/297-05_5-689ac96f25d96e2db417393094733732-1024-1024.jpg"
https://gerf.com.ar/productos/Zapatillas-Atenas-Gris-Y-Azul-304-51/,304|51|35,304|51,Zapatillas Atenas Gris Y Azul,254866599,CALZADOH|CalzadodeHombre|Zapatillas|VERTODO|CALZADOM|CalzadosdeMujer|Zapatillas|VERTODO,$67.200,$47.040,5,10,1,0,1,,$32.586,5,0,21,17,$3.228,4,28,10,14,68,,$336.000,https://acdn-us.mitiendanube.com/stores/005/775/403/products/304-51_1-3327ebe36f97ce7ab017393100668641-1024-1024.png,"https://acdn-us.mitiendanube.com/stores/005/775/403/products/304-51_2-734fc46b3d709f104317393100706950-1024-1024.png,https://acdn-us.mitiendanube.com/stores/005/775/403/products/304-51_3-6621c23475033735e517393100745082-1024-1024.png,https://acdn-us.mitiendanube.com/stores/005/775/403/products/feed_1080x1080_gerf_1_variante02-2f39dd66fa7f78935a17393100768141-1024-1024.png,https://acdn-us.mitiendanube.com/stores/005/775/403/products/feed_1080x1080_gerf_2-c4ccc4af3f41624caf17393100797141-1024-1024.png,https://acdn-us.mitiendanube.com/stores/005/775/403/products/feed_1080x1080_gerf_3-f9e8944d724c84c73417393100828081-1024-1024.png"
https://gerf.com.ar/productos/Zapatillas-Chubut-Salmon-429-98/,429|98|35,429|98,Zapatillas Chubut Salmon,254866310,Ofertas|LiquidaciondeTemporada|CALZADOH|CalzadodeHombre|Zapatillas|VERTODO|CALZADOM|CalzadosdeMujer|Zapatillas|VERTODO,$73.000,$36.500,27,4,2,2,2,,$9.586,7,1,6,17,$3.507,1,6,3,3,23,,$985.500,https://acdn-us.mitiendanube.com/stores/005/775/403/products/feed_1080x1080_259_3-5e83720cf819280a8017424230709146-1024-1024.png,"https://acdn-us.mitiendanube.com/stores/005/775/403/products/429-98_3-d929a51996c62fd00417393088913846-1024-1024.jpeg,https://acdn-us.mitiendanube.com/stores/005/775/403/products/429-98_5-d7c97615f9c9f991a617393088973954-1024-1024.jpeg,https://acdn-us.mitiendanube.com/stores/005/775/403/products/429-98_4-97ca12c45acaa643df17393088939733-1024-1024.jpeg,https://acdn-us.mitiendanube.com/stores/005/775/403/products/429-98_2-297db2eecc154b041417393088884073-1024-1024.jpeg"
https://gerf.com.ar/productos/Zapatillas-Chubut-Azul-429-20/,429|20|35,429|20,Zapatillas Chubut Azul,254866303,Ofertas|LiquidaciondeTemporada|CALZADOH|CalzadodeHombre|Zapatillas|VERTODO|CALZADOM|CalzadosdeMujer|Zapatillas|VERTODO,$73.000,$36.500,17,3,6,1,3,,$398,4,0,4,17,$2.730,2,4,12,2,33,,$620.500,https://acdn-us.mitiendanube.com/stores/005/775/403/products/429-20_1-1b4fe1259d6023ebf017393088128326-1024-1024.jpeg,"https://acdn-us.mitiendanube.com/stores/005/775/403/products/429-20_2-0c5c562b6ebd78860f17393088155685-1024-1024.jpeg,https://acdn-us.mitiendanube.com/stores/005/775/403/products/429-20_3-ced398307d59b9d10417393088188277-1024-1024.jpeg,https://acdn-us.mitiendanube.com/stores/005/775/403/products/429-20_4-92d26b825eccf17d9017393088217912-1024-1024.jpeg,https://acdn-us.mitiendanube.com/stores/005/775/403/products/429-20_5-8202e141978d7f332b17393088241342-1024-1024.jpeg"
https://gerf.com.ar/productos/Zapatillas-Ushuaia-O24-Negro-250-10/,250|10|35,250|10,Zapatillas Ushuaia O24 Negro,254866407,Ofertas|LiquidaciondeTemporada|CALZADOH|CalzadodeHombre|Botitas|VERTODO|CALZADOM|CalzadosdeMujer|Botitas|VERTODO,$60.800,$36.480,7,0,7,1,6,,$6.865,3,1,3,17,$3.546,3,4,15,4,40,,$255.360,https://acdn-us.mitiendanube.com/stores/005/775/403/products/250-10_1-e9c869d96b240bb6d217393093067627-1024-1024.jpg,"https://acdn-us.mitiendanube.com/stores/005/775/403/products/250-10_2-e6443f0df74ed39fef17393093100680-1024-1024.jpg,https://acdn-us.mitiendanube.com/stores/005/775/403/products/250-10_3-eeb44f9fb683c5e66317393093132031-1024-1024.jpg,https://acdn-us.mitiendanube.com/stores/005/775/403/products/250-10_4-163c969f0dc9cf0dd617393093158331-1024-1024.jpg,https://acdn-us.mitiendanube.com/stores/005/775/403/products/feed_1080x1080_gerf_1_variante02-d50ba1644c0732e4a817393093181254-1024-1024.png,https://acdn-us.mitiendanube.com/stores/005/775/403/products/feed_1080x1080_gerf_2-598af980417371d8b617393093215733-1024-1024.png,https://acdn-us.mitiendanube.com/stores/005/775/403/products/feed_1080x1080_gerf_3-1e29ecd0bd4c42247a17393093245623-1024-1024.png"
https://gerf.com.ar/productos/zapatillas-nix-024-blanco-lila/,253|177|36,253|177,Zapatillas Nix 024 Blanco/Lila,260688819,CALZADOH|CalzadodeHombre|Zapatillas|VERTODO|CALZADOM|CalzadosdeMujer|Zapatillas|VERTODO,$68.500,$0,19,0,5,2,0,,$6.278,9,1,4,16,$2.615,19,52,6,28,112,,$1.301.500,https://acdn-us.mitiendanube.com/stores/005/775/403/products/whatsapp-image-2023-10-03-at-18-28-58-7-aaae62c83a6c8cce0617424004668705-1024-1024.jpeg,
https://gerf.com.ar/productos/zapatillas-dublin-nude-naranja/,300|196|36,300|196,Zapatillas Dublin Nude/Naranja,260757785,CALZADOH|CalzadodeHombre|Zapatillas|VERTODO|CALZADOM|CalzadosdeMujer|Zapatillas|VERTODO,$71.340,$49.938,56,0,1,3,9,,$41.014,3,1,2,16,$3.065,2,4,4,1,24,,$3.995.040,https://acdn-us.mitiendanube.com/stores/005/775/403/products/feed_1080x1080_315_3-9156b5335eee3bd96117424165257233-1024-1024.png,"https://acdn-us.mitiendanube.com/stores/005/775/403/products/feed_1080x1080_315_2-ff46814fbc6b70ca1517424165257779-1024-1024.png,https://acdn-us.mitiendanube.com/stores/005/775/403/products/feed_1080x1080_315_6-44b221850b4c46be5b17424165256125-1024-1024.png"
https://gerf.com.ar/productos/Ojotas-Doha-Beige-Y-Blanco-296-190/,296|190|34-5,296|190,Ojotas Doha Beige Y Blanco,254866057,CALZADOH|CalzadodeHombre|Ojotas|VERTODO|CALZADOM|CalzadosdeMujer|Ojotas|VERTODO,$22.900,$0,92,3,1,0,1,#N/A,$101.245,11,0,1,16,$1.005,49,37,8,5,104,,$2.106.800,https://acdn-us.mitiendanube.com/stores/005/775/403/products/whatsapp-image-2024-01-08-at-19-47-52-95b49e57f73f58d24d17393082486265-1024-1024.jpg,"https://acdn-us.mitiendanube.com/stores/005/775/403/products/whatsapp-image-2024-01-08-at-19-47-51-1-1ca2326407a61a9aa417393082515269-1024-1024.jpg,https://acdn-us.mitiendanube.com/stores/005/775/403/products/whatsapp-image-2024-01-08-at-19-47-51-6acc15e4374913a7ae17393082540376-1024-1024.jpg,https://acdn-us.mitiendanube.com/stores/005/775/403/products/whatsapp-image-2024-01-08-at-19-47-52-1-4776986d5ecf65abe417393082572140-1024-1024.jpg,https://acdn-us.mitiendanube.com/stores/005/775/403/products/whatsapp-image-2024-01-08-at-19-47-52-2-c4217d3e8cfc0457ec17393082593122-1024-1024.jpg,https://acdn-us.mitiendanube.com/stores/005/775/403/products/feed_1080x1080_gerf_1_variante02-c0d8169a6ca1a1185217393082612257-1024-1024.png,https://acdn-us.mitiendanube.com/stores/005/775/403/products/feed_1080x1080_gerf_2-a899befaf9ef111ffb17393082642138-1024-1024.png,https://acdn-us.mitiendanube.com/stores/005/775/403/products/feed_1080x1080_gerf_3-d5ac8e56bc7a31b12117393082671157-1024-1024.png"
https://gerf.com.ar/productos/Zapatillas-Malva-Blanco-315-01/,315|01|35,315|01,Zapatillas Malva Blanco,254863542,CALZADOM|CalzadosdeMujer|Zapatillas|VERTODO,$78.900,$55.230,0,4,1,0,8,,$0,3,0,1,16,$569,2,7,0,4,26,,$0,https://acdn-us.mitiendanube.com/stores/005/775/403/products/img_4474-28f3571c50098e9ecd17393065915237-1024-1024.png,"https://acdn-us.mitiendanube.com/stores/005/775/403/products/img_4448-6e4f085a57f2d386ea17393065963398-1024-1024.png,https://acdn-us.mitiendanube.com/stores/005/775/403/products/img_4466-1-9424644c4bd2c57e1817393066006608-1024-1024.png,https://acdn-us.mitiendanube.com/stores/005/775/403/products/img_4465-050e4dc8388c1d1de217393066060150-1024-1024.png"
https://gerf.com.ar/productos/Zapatillas-Puck-Negro-801-10/,801|10|35,801|10,Zapatillas Puck Negro,254866582,CALZADOH|CalzadodeHombre|Zapatillas|VERTODO|CALZADOM|CalzadosdeMujer|Zapatillas|VERTODO,$84.200,$58.940,35,8,0,1,3,,$2.486,3,0,3,15,$2.172,2,7,3,1,25,,$2.947.000,https://acdn-us.mitiendanube.com/stores/005/775/403/products/801-10_1-827a04500fd8537cca17393099663798-1024-1024.png,"https://acdn-us.mitiendanube.com/stores/005/775/403/products/801-10_2-daf033fa800606059717393099694618-1024-1024.png,https://acdn-us.mitiendanube.com/stores/005/775/403/products/801-10_3-e0fa384cd74c876e5117393099733125-1024-1024.png,https://acdn-us.mitiendanube.com/stores/005/775/403/products/feed_1080x1080_gerf_1_variante02-49595a4d32542c17d417393099757436-1024-1024.png,https://acdn-us.mitiendanube.com/stores/005/775/403/products/feed_1080x1080_gerf_2-9470877c6b59aeaa5817393099788709-1024-1024.png,https://acdn-us.mitiendanube.com/stores/005/775/403/products/feed_1080x1080_gerf_3-cd3406bde09215956d17393099819515-1024-1024.png"
https://gerf.com.ar/productos/zapatillas-nix-2-0-blanco/,79|01|36,79|01,Zapatillas Nix 2.0 Blanco,260695731,CALZADOH|CalzadodeHombre|Zapatillas|VERTODO|CALZADOM|CalzadosdeMujer|Zapatillas|VERTODO,$68.500,$0,137,0,0,9,0,$12.559,$94.239,6,0,1,15,$2.358,0,30,27,31,97,,$9.384.500,https://acdn-us.mitiendanube.com/stores/005/775/403/products/feed_1080x1080_121_3-4a29b57dc6883e915817424027925694-1024-1024.png,"https://acdn-us.mitiendanube.com/stores/005/775/403/products/feed_1080x1080_121_6-6760aa365d549c89f817424027925687-1024-1024.png,https://acdn-us.mitiendanube.com/stores/005/775/403/products/feed_1080x1080_121_4-368b2cca5147df934117424027928844-1024-1024.png,https://acdn-us.mitiendanube.com/stores/005/775/403/products/feed_1080x1080_121_2-963af85f793c1dd67f17424027924014-1024-1024.png,https://acdn-us.mitiendanube.com/stores/005/775/403/products/feed_1080x1080_121_1-f4b220b3c6060e3c0617424027929328-1024-1024.png"
https://gerf.com.ar/productos/Zapatillas-Bulls-One-Negro-861-10/,861|10|35,861|10,Zapatillas Bulls One Negro,254865342,Ofertas|LiquidaciondeTemporada|CALZADOH|CalzadodeHombre|Zapatillas|VERTODO|CALZADOM|CalzadosdeMujer|Zapatillas|VERTODO,$74.800,$37.400,0,2,8,3,2,,$0,0,0,1,15,$2.112,2,3,5,0,25,,$0,https://acdn-us.mitiendanube.com/stores/005/775/403/products/861-10_1-0e8a3cc5ef4f596af117393075973471-1024-1024.jpg,"https://acdn-us.mitiendanube.com/stores/005/775/403/products/861-10_2-0afcb865a5d21241a317393075998321-1024-1024.jpg,https://acdn-us.mitiendanube.com/stores/005/775/403/products/861-10_3-5ad14284474255a4c617393076027975-1024-1024.jpg,https://acdn-us.mitiendanube.com/stores/005/775/403/products/861-10_4-9e396fbdf7c43af36317393076053011-1024-1024.jpg,https://acdn-us.mitiendanube.com/stores/005/775/403/products/861-10_5-3a53077566727d08f317393076080042-1024-1024.jpg,https://acdn-us.mitiendanube.com/stores/005/775/403/products/861-10_6-e6a2d4a2dd3d433ec217393076108006-1024-1024.jpg"
https://gerf.com.ar/productos/Botitas-Bruna-Blanco-Unisex-319-01/,319|01|35,319|01,Botitas Bruna Blanco Unisex,254863573,Ofertas|LiquidaciondeTemporada|CALZADOH|CalzadodeHombre|Zapatillas|Botitas|VERTODO|CALZADOM|CalzadosdeMujer|Zapatillas|Botitas|VERTODO,$93.000,$0,19,6,3,1,1,,$1.943,4,1,0,15,$11.048,3,5,8,3,30,,$0,https://acdn-us.mitiendanube.com/stores/005/775/403/products/319-01_1-d7eb48e6aa06f48a7117393066231018-1024-1024.jpg,"https://acdn-us.mitiendanube.com/stores/005/775/403/products/feed_1080x1080_gerf_1_variante02-cea3bf7383058eea4217393066263667-1024-1024.png,https://acdn-us.mitiendanube.com/stores/005/775/403/products/feed_1080x1080_gerf_2-427aa588a7d500c32717393066313249-1024-1024.png,https://acdn-us.mitiendanube.com/stores/005/775/403/products/feed_1080x1080_gerf_3-f86261c765410d64f217393066362038-1024-1024.png"
https://gerf.com.ar/productos/zapatillas-california-2-0-beige-pastel/,243|178|35,243|178,Zapatillas California 2.0 Beige/Pastel,260712207,Ofertas|LiquidaciondeTemporada|CALZADOM|CalzadosdeMujer|Zapatillas,$81.000,$40.500,0,0,3,3,6,,$8.562,3,1,0,15,$337,0,5,2,4,23,,$0,https://acdn-us.mitiendanube.com/stores/005/775/403/products/copia-de-feed_1080x1080_224_3-cc0cc3a93b5710f91a17424062983174-1024-1024.png,"https://acdn-us.mitiendanube.com/stores/005/775/403/products/copia-de-feed_1080x1080_224_2-77d4399ca6d606459817424062985842-1024-1024.png,https://acdn-us.mitiendanube.com/stores/005/775/403/products/copia-de-feed_1080x1080_224_6-26385cfecb9370db1517424062984113-1024-1024.png,https://acdn-us.mitiendanube.com/stores/005/775/403/products/copia-de-feed_1080x1080_224_4-46433c7d54a7bf441317424062982745-1024-1024.png,https://acdn-us.mitiendanube.com/stores/005/775/403/products/copia-de-feed_1080x1080_224_1-6e0cbc97de77e4a3a717424062982689-1024-1024.png"
https://gerf.com.ar/productos/Zapatillas-Malva-Negro-315-10/,315|10|35,315|10,Zapatillas Malva Negro,254863551,CALZADOM|CalzadosdeMujer|Zapatillas|VERTODO,$78.900,$55.230,4,6,1,0,0,,$17.013,7,0,5,14,$761,3,10,4,10,34,,$315.600,https://acdn-us.mitiendanube.com/stores/005/775/403/products/315-10_1-da97f9af0e026eb61d17393066107624-1024-1024.jpg,
https://gerf.com.ar/productos/Zapatillas-Puck-Azul-801-20/,801|20|35,801|20,Zapatillas Puck Azul,254866586,CALZADOH|CalzadodeHombre|Zapatillas|VERTODO|CALZADOM|CalzadosdeMujer|Zapatillas|VERTODO,$84.200,$58.940,46,5,0,0,1,,$311,8,0,3,14,$5.975,3,4,1,4,18,,$3.873.200,https://acdn-us.mitiendanube.com/stores/005/775/403/products/801-20_1-93d61318d80964601917393100052454-1024-1024.png,"https://acdn-us.mitiendanube.com/stores/005/775/403/products/801-20_2-febe83c3764e50cb5f17393100085762-1024-1024.png,https://acdn-us.mitiendanube.com/stores/005/775/403/products/801-20_3-ca8d69626b060b4cd317393100120676-1024-1024.png,https://acdn-us.mitiendanube.com/stores/005/775/403/products/feed_1080x1080_gerf_1_variante02-459d36b39703392eae17393100144734-1024-1024.png,https://acdn-us.mitiendanube.com/stores/005/775/403/products/feed_1080x1080_gerf_2-9ea4628eebec16ac2617393100173503-1024-1024.png,https://acdn-us.mitiendanube.com/stores/005/775/403/products/feed_1080x1080_gerf_3-c90aa30de4130b930c17393100201790-1024-1024.png"
https://gerf.com.ar/productos/Zapatillas-Ushuaia-O24-Celeste-250-130/,250|130|35,250|130,Zapatillas Ushuaia O24 Celeste,254866415,Ofertas|LiquidaciondeTemporada|CALZADOH|CalzadodeHombre|Botitas|VERTODO|CALZADOM|CalzadosdeMujer|Botitas|VERTODO,$60.800,$36.480,16,0,5,1,3,,$520,5,3,2,14,$4.668,3,4,11,1,28,,$583.680,https://acdn-us.mitiendanube.com/stores/005/775/403/products/250-130_1-1e71dbb9fefea9404617393093282392-1024-1024.jpg,"https://acdn-us.mitiendanube.com/stores/005/775/403/products/250-130_2-67e30f1e09af1fabb117393093311190-1024-1024.jpg,https://acdn-us.mitiendanube.com/stores/005/775/403/products/250-130_3-27192192a01fc28ce417393093341455-1024-1024.jpg,https://acdn-us.mitiendanube.com/stores/005/775/403/products/feed_1080x1080_gerf_1_variante02-95bc812cd6feacac5b17393093360289-1024-1024.png,https://acdn-us.mitiendanube.com/stores/005/775/403/products/feed_1080x1080_gerf_2-318fd27eba3c66368d17393093394217-1024-1024.png,https://acdn-us.mitiendanube.com/stores/005/775/403/products/feed_1080x1080_gerf_3-d59c06b3530fe1ae4917393093424916-1024-1024.png"
https://gerf.com.ar/productos/Zapatillas-Chubut-Blanco-Y-Celeste-429-191/,429|191|35,429|191,Zapatillas Chubut Blanco Y Celeste,254866313,Ofertas|LiquidaciondeTemporada|CALZADOH|CalzadodeHombre|Zapatillas|VERTODO|CALZADOM|CalzadosdeMujer|Zapatillas|VERTODO,$73.000,$36.500,14,4,2,2,2,,$350,4,0,1,14,$2.724,5,6,13,4,38,,$511.000,https://acdn-us.mitiendanube.com/stores/005/775/403/products/429-191_1-369754885216efc42d17393089004363-1024-1024.jpeg,"https://acdn-us.mitiendanube.com/stores/005/775/403/products/429-191_2-6c7bf634ad1243c96c17393089033012-1024-1024.jpeg,https://acdn-us.mitiendanube.com/stores/005/775/403/products/429-191_3-56369c589adba9d04517393089061787-1024-1024.jpeg,https://acdn-us.mitiendanube.com/stores/005/775/403/products/429-191_4-ea13f428ac2f6d63fa17393089094316-1024-1024.jpeg,https://acdn-us.mitiendanube.com/stores/005/775/403/products/429-191_5-6b4f747f056997449c17393089124019-1024-1024.jpeg"
https://gerf.com.ar/productos/zapatillas-chubut-gris-blanco/,429|52|35,429|52,Zapatillas Chubut Gris/Blanco,260776849,Ofertas|LiquidaciondeTemporada|CALZADOH|CalzadodeHombre|Zapatillas|VERTODO|CALZADOM|CalzadosdeMujer|Zapatillas|VERTODO,$73.000,$36.500,4,0,6,1,5,,$11.832,2,0,1,14,$1.789,3,3,7,0,25,,$146.000,https://acdn-us.mitiendanube.com/stores/005/775/403/products/feed_1080x1080_255_3-6b14b114806e95025817424229600462-1024-1024.png,"https://acdn-us.mitiendanube.com/stores/005/775/403/products/feed_1080x1080_255_2-f3a79f439afa3ff9ac17424229602611-1024-1024.png,https://acdn-us.mitiendanube.com/stores/005/775/403/products/feed_1080x1080_255_6-d7976fb9a935a66b1c17424229606226-1024-1024.png,https://acdn-us.mitiendanube.com/stores/005/775/403/products/feed_1080x1080_255_4-0e75bbaf983eab454e17424229602614-1024-1024.png,https://acdn-us.mitiendanube.com/stores/005/775/403/products/feed_1080x1080_255_1-c17e053278dbe79dc217424229600831-1024-1024.png"
https://gerf.com.ar/productos/Ojotas-Doha-Beige-Y-Negro-296-127/,296|127|34-5,296|127,Ojotas Doha Beige Y Negro,254866046,CALZADOH|CalzadodeHombre|Ojotas|VERTODO|CALZADOM|CalzadosdeMujer|Ojotas|VERTODO,$22.900,$0,56,1,0,0,1,,$26.412,12,1,0,14,$1.865,40,26,3,3,74,,$1.282.400,https://acdn-us.mitiendanube.com/stores/005/775/403/products/whatsapp-image-2024-01-08-at-19-47-55-2-6073ca237ea53e7c3c17393082204465-1024-1024.jpg,"https://acdn-us.mitiendanube.com/stores/005/775/403/products/whatsapp-image-2024-01-08-at-19-47-55-1-d13e485ef773592a7817393082241568-1024-1024.jpg,https://acdn-us.mitiendanube.com/stores/005/775/403/products/whatsapp-image-2024-01-08-at-19-47-55-8395f5a40a46feee6617393082274001-1024-1024.jpg,https://acdn-us.mitiendanube.com/stores/005/775/403/products/whatsapp-image-2024-01-08-at-19-47-56-1-cbca9f0b8bf126f98817393082308539-1024-1024.jpg,https://acdn-us.mitiendanube.com/stores/005/775/403/products/whatsapp-image-2024-01-08-at-19-47-56-405d579a867bc2132217393082336717-1024-1024.jpg,https://acdn-us.mitiendanube.com/stores/005/775/403/products/feed_1080x1080_gerf_1_variante02-59a3d49c81342538b217393082368234-1024-1024.png,https://acdn-us.mitiendanube.com/stores/005/775/403/products/feed_1080x1080_gerf_2-b9ee11240cab285bd017393082409481-1024-1024.png,https://acdn-us.mitiendanube.com/stores/005/775/403/products/feed_1080x1080_gerf_3-3d9985067aade6b25d17393082452065-1024-1024.png"
https://gerf.com.ar/productos/zapatillas-tucma-2-0-beige-marron/,214|175|35,214|175,Zapatillas Tucma 2.0 Beige/Marron,260465092,CALZADOH|CalzadodeHombre|Zapatillas|VERTODO|CALZADOM|CalzadosdeMujer|Zapatillas|VERTODO,$63.000,$31.500,3,0,2,0,7,,$0,5,0,0,14,$7.886,0,0,2,1,12,,$94.500,https://acdn-us.mitiendanube.com/stores/005/775/403/products/whatsapp-image-2023-10-03-at-18-28-58-10-cad48b93dcc47cf65717423761466744-1024-1024.jpeg,
https://gerf.com.ar/productos/zapatillas-dione-jrs-2-0-rojo-negro/,48|42|25,48|42,Zapatillas Dione Jrs 2.0 Rojo/Negro,260683883,Ofertas|LiquidaciondeTemporada|NIÑOS|Niños|Zapatillas,$72.900,$43.740,14,0,7,1,3,,$16.667,2,0,2,13,$580,1,3,4,0,19,,$612.360,https://acdn-us.mitiendanube.com/stores/005/775/403/products/feed_1080x1080_194_3-d1eac1f9372455e33317423988251751-1024-1024.png,
https://gerf.com.ar/productos/zapatillas-dione-jrs-2-0-rosa/,48|80|25,48|80,Zapatillas Dione Jrs 2.0 Rosa,260655830,NIÑOS|Niños|Zapatillas,$72.900,$43.740,93,0,0,0,8,,$8.792,5,0,1,13,$3.086,0,3,8,1,20,,$6.779.700,https://acdn-us.mitiendanube.com/stores/005/775/403/products/48-80_1-5e2c90d1e96972babb17423921611230-1024-1024.png,"https://acdn-us.mitiendanube.com/stores/005/775/403/products/48-80_2-copia-a7101946e665aa4d3a17423921610234-1024-1024.png,https://acdn-us.mitiendanube.com/stores/005/775/403/products/48-80_3-34a38432fffa04686d17423921608606-1024-1024.png"
https://gerf.com.ar/productos/Zapatillas-Puck-Gris-801-50/,801|50|35,801|50,Zapatillas Puck Gris,254866593,CALZADOH|CalzadodeHombre|Zapatillas|VERTODO|CALZADOM|CalzadosdeMujer|Zapatillas|VERTODO,$84.200,$58.940,58,9,0,0,3,,$110,1,0,1,13,$1.454,3,5,3,0,23,,$4.883.600,https://acdn-us.mitiendanube.com/stores/005/775/403/products/801-50_1-068fede424f962306a17393100430076-1024-1024.png,"https://acdn-us.mitiendanube.com/stores/005/775/403/products/801-50_2-0d6c3cd482ca98525717393100464996-1024-1024.png,https://acdn-us.mitiendanube.com/stores/005/775/403/products/801-50_3-42659cc50f41c2586317393100501365-1024-1024.png,https://acdn-us.mitiendanube.com/stores/005/775/403/products/feed_1080x1080_gerf_1_variante02-47494dd127c61ab08d17393100525692-1024-1024.png,https://acdn-us.mitiendanube.com/stores/005/775/403/products/feed_1080x1080_gerf_2-f291fca3d6b4f0a66017393100555443-1024-1024.png,https://acdn-us.mitiendanube.com/stores/005/775/403/products/feed_1080x1080_gerf_3-b35bc47c14399480b417393100584291-1024-1024.png"
https://gerf.com.ar/productos/Zapatos-Alamo-Cuero-Negro-323-170/,323|170|39,323|170,Zapatos Alamo Cuero Negro,254863619,CALZADOH|CalzadodeHombre|Zapatillas|Zapatos|VERTODO,$80.000,$40.000,1,0,6,1,2,,$10.318,4,0,1,13,$604,0,2,0,0,11,,$40.000,https://acdn-us.mitiendanube.com/stores/005/775/403/products/323-170_1-1d004f59e80c97761a17393066619424-1024-1024.jpg,"https://acdn-us.mitiendanube.com/stores/005/775/403/products/323-170_2-95979f8a25b504aac517393066649265-1024-1024.jpg,https://acdn-us.mitiendanube.com/stores/005/775/403/products/323-170_3-049c4b977ca19ac2b317393066678804-1024-1024.jpg,https://acdn-us.mitiendanube.com/stores/005/775/403/products/323-170_4-d6621c45cd454c6ba617393066705355-1024-1024.jpg,https://acdn-us.mitiendanube.com/stores/005/775/403/products/323-170_5-1db4e0ab713777b5b417393066731454-1024-1024.jpg"
https://gerf.com.ar/productos/zapatillas-dione-azul/,600|20|35,600|20,Zapatillas Dione Azul,259308967,CALZADOH|CalzadodeHombre|Zapatillas|VERTODO|CALZADOM|CalzadosdeMujer|Zapatillas|VERTODO,$84.000,$0,451,0,2,1,0,$3.327,$11.456,9,0,5,12,$4.079,0,0,23,15,41,,$37.884.000,https://acdn-us.mitiendanube.com/stores/005/775/403/products/feed_1080x1080_350_3-01fff943a29acfe9dc17417023419196-1024-1024.png,"https://acdn-us.mitiendanube.com/stores/005/775/403/products/feed_1080x1080_350_2-1d7d5704c41eaccdd517417023466382-1024-1024.png,https://acdn-us.mitiendanube.com/stores/005/775/403/products/feed_1080x1080_350_6-95210c2149fe7a6cd917417023469363-1024-1024.png"
https://gerf.com.ar/productos/Alamo-Marron-Claro-323-118/,323|118|39,323|118,Alamo Marron Claro,254863597,CALZADOH|CalzadodeHombre|Zapatillas|Zapatos|VERTODO,$80.000,$40.000,4,0,5,0,3,,$4.620,4,0,3,12,$643,0,1,3,0,12,,$160.000,https://acdn-us.mitiendanube.com/stores/005/775/403/products/323-118_1-37a9a0e46790dcb3ca17393066434063-1024-1024.jpg,https://acdn-us.mitiendanube.com/stores/005/775/403/products/323-118_2-7d6ce7e62e65c6de8517393066462159-1024-1024.jpg
https://gerf.com.ar/productos/Zapatillas-Praga-Blanco-y-Gris-305-07/,305|07|35,305|07,Zapatillas Praga Blanco y Gris,254866648,CALZADOM|CalzadosdeMujer|Zapatillas|VERTODO,$78.400,$0,7,12,0,0,0,,$0,0,0,1,12,$325,14,25,9,8,68,,$548.800,https://acdn-us.mitiendanube.com/stores/005/775/403/products/305-07_1-8d156f3d5e8a0c4a5017393101680931-1024-1024.png,"https://acdn-us.mitiendanube.com/stores/005/775/403/products/305-07_2-4f8607ad5e4b64eb0817393101714580-1024-1024.png,https://acdn-us.mitiendanube.com/stores/005/775/403/products/305-07_3-30a19d7c9d279e5b0017393101746312-1024-1024.png,https://acdn-us.mitiendanube.com/stores/005/775/403/products/feed_1080x1080_gerf_1_variante02-9be1acaa0565fbbb6917393101769210-1024-1024.png,https://acdn-us.mitiendanube.com/stores/005/775/403/products/feed_1080x1080_gerf_2-c3383cec680c5af58817393101797481-1024-1024.png,https://acdn-us.mitiendanube.com/stores/005/775/403/products/feed_1080x1080_gerf_3-cdb61849dcf98303a217393101826582-1024-1024.png"
https://gerf.com.ar/productos/Ojotas-Lyon-Negro-306-10/,306|10|39-0,306|10,Ojotas Lyon Negro,254866551,CALZADOH|CalzadodeHombre|Ojotas|VERTODO,$19.900,$0,115,6,1,2,0,#N/A,$27.160,3,0,0,12,$2.761,17,5,0,0,31,,$2.288.500,https://acdn-us.mitiendanube.com/stores/005/775/403/products/306-10_1-43fdbba901188f713617393098341004-1024-1024.png,"https://acdn-us.mitiendanube.com/stores/005/775/403/products/306-10_2-41cddf7f619a4cf3df17393098369004-1024-1024.png,https://acdn-us.mitiendanube.com/stores/005/775/403/products/306-10_3-2de983ca9e5e37f53217393098397862-1024-1024.png,https://acdn-us.mitiendanube.com/stores/005/775/403/products/306-10_4-1b16dbdd43257045c817393098430893-1024-1024.png,https://acdn-us.mitiendanube.com/stores/005/775/403/products/306-10_5-4ca850352a63a01bbb17393098469872-1024-1024.png"
https://gerf.com.ar/productos/Ojotas-Doha-Blanco-Y-Gris-296-07/,296|07|34-5,296|07,Ojotas Doha Blanco Y Gris,254866011,CALZADOH|CalzadodeHombre|Ojotas|VERTODO|CALZADOM|CalzadosdeMujer|Ojotas|VERTODO,$22.900,$0,113,7,0,1,0,#N/A,$53.102,4,0,0,12,$531,44,47,11,5,115,,$2.587.700,https://acdn-us.mitiendanube.com/stores/005/775/403/products/296_07-1-c21be4d9e115ed176217393081655350-1024-1024.jpg,"https://acdn-us.mitiendanube.com/stores/005/775/403/products/296_07-5-ba8ed97f7154cec5b817393081685509-1024-1024.jpg,https://acdn-us.mitiendanube.com/stores/005/775/403/products/296_07-4-25c717774babf6937217393081710819-1024-1024.jpg,https://acdn-us.mitiendanube.com/stores/005/775/403/products/296_07-3-5bbbe63b54273a22aa17393081739842-1024-1024.jpg,https://acdn-us.mitiendanube.com/stores/005/775/403/products/296_07-2-26b22510c8ebc05a1617393081765184-1024-1024.jpg"
https://gerf.com.ar/productos/Zapatillas-Dublin-Blanco-Unisex-300-01/,300|01|36,300|01,Zapatillas Dublin Blanco Unisex,254866516,CALZADOH|CalzadodeHombre|Zapatillas|VERTODO|CALZADOM|CalzadosdeMujer|Zapatillas|VERTODO,$71.340,$0,0,9,0,0,0,,$0,3,0,0,12,$178,9,19,6,7,50,,$0,https://acdn-us.mitiendanube.com/stores/005/775/403/products/300-01_1-1952c73845dbd3eab817393096874579-1024-1024.png,"https://acdn-us.mitiendanube.com/stores/005/775/403/products/300-01_2-a08ac1138f972eef3917393096904881-1024-1024.png,https://acdn-us.mitiendanube.com/stores/005/775/403/products/300-01_3-090116739327e0b7c417393096933900-1024-1024.png,https://acdn-us.mitiendanube.com/stores/005/775/403/products/feed_1080x1080_gerf_1_variante02-7024b3c3072a2883de17393096958263-1024-1024.png,https://acdn-us.mitiendanube.com/stores/005/775/403/products/feed_1080x1080_gerf_2-d9c9da45cd342d0a7617393096989282-1024-1024.png,https://acdn-us.mitiendanube.com/stores/005/775/403/products/feed_1080x1080_gerf_3-e67a0b5447dc01616f17393097017724-1024-1024.png"
https://gerf.com.ar/productos/Zapatillas-Habana-Blanco-Unisex-241-01/,241|01|35,241|01,Zapatillas Habana Blanco Unisex,254863296,CALZADOH|CalzadodeHombre|Zapatillas|VERTODO|CALZADOM|CalzadosdeMujer|Zapatillas|VERTODO,$66.100,$46.270,100,2,0,2,5,$12.106,$8.843,2,1,7,11,$4.170,2,9,1,3,24,,$6.610.000,https://acdn-us.mitiendanube.com/stores/005/775/403/products/241-01_1-a487970836b6de54a217393063724191-1024-1024.jpg,https://acdn-us.mitiendanube.com/stores/005/775/403/products/241-01_2-5267b49624902c504117393063755662-1024-1024.jpg
https://gerf.com.ar/productos/Zapatillas-Moscu-Verde-Unisex-307-30/,307|30|41,307|30,Zapatillas Moscu Verde Unisex,254866680,CALZADOH|CalzadodeHombre|Zapatillas|VERTODO|CALZADOM|CalzadosdeMujer|Zapatillas|VERTODO,$81.000,$0,59,3,0,3,1,,$13.413,4,0,0,11,$16.344,0,8,4,4,23,,$4.779.000,https://acdn-us.mitiendanube.com/stores/005/775/403/products/feed_1080x1080_340_3-f55c7479d712c886a217393103959395-1024-1024.png,"https://acdn-us.mitiendanube.com/stores/005/775/403/products/feed_1080x1080_340_2-127a7d91561999e8fd17393103997230-1024-1024.png,https://acdn-us.mitiendanube.com/stores/005/775/403/products/feed_1080x1080_340_6-2413de649f0919f23f17393104034606-1024-1024.png,https://acdn-us.mitiendanube.com/stores/005/775/403/products/feed_1080x1080_gerf_3-10f0c9ec5eb847220a17393104059612-1024-1024.png,https://acdn-us.mitiendanube.com/stores/005/775/403/products/feed_1080x1080_gerf_1_variante02-1c0626b9d1b434d5f717393104085981-1024-1024.png,https://acdn-us.mitiendanube.com/stores/005/775/403/products/feed_1080x1080_gerf_2-8e297ca9f20389e28f17393104115285-1024-1024.png"
https://gerf.com.ar/productos/Zapatillas-Teruel-Negro-y-Marron-Unisex-248-105/,248|105|35,248|105,Zapatillas Teruel Negro y Marron Unisex,254866326,Ofertas|LiquidaciondeTemporada|CALZADOH|CalzadodeHombre|Zapatillas|VERTODO|CALZADOM|CalzadosdeMujer|Zapatillas|VERTODO,$71.800,$43.080,159,1,4,0,2,$3.245,$7.913,3,0,11,10,$3.323,1,2,16,5,31,,$6.849.720,https://acdn-us.mitiendanube.com/stores/005/775/403/products/248-105_1-de67b9c108f4c296f017393090296852-1024-1024.png,"https://acdn-us.mitiendanube.com/stores/005/775/403/products/248-105_2-253bb77aaf0066b07f17393090330131-1024-1024.png,https://acdn-us.mitiendanube.com/stores/005/775/403/products/248-105_3-0a8015de6bc98f8d8c17393090361130-1024-1024.png,https://acdn-us.mitiendanube.com/stores/005/775/403/products/248-105_4-8a10730a8018ef017b17393090390821-1024-1024.png,https://acdn-us.mitiendanube.com/stores/005/775/403/products/248-105_5-fc64740df8b12f4e4d17393090427957-1024-1024.png,https://acdn-us.mitiendanube.com/stores/005/775/403/products/img_8307-scaled-d29044550252fd2d4817393090480166-1024-1024.jpg,https://acdn-us.mitiendanube.com/stores/005/775/403/products/img_8311-scaled-5313f1dfcb9b39d9f017393090519398-1024-1024.jpg,https://acdn-us.mitiendanube.com/stores/005/775/403/products/img_8320-scaled-9ae098a298ed3ecb6617393090560085-1024-1024.jpg"
https://gerf.com.ar/productos/zapatillas-chubut-gris-negro/,429|56|35,429|56,Zapatillas Chubut Gris/Negro,260776328,Ofertas|LiquidaciondeTemporada|CALZADOH|CalzadodeHombre|Zapatillas|VERTODO|CALZADOM|CalzadosdeMujer|Zapatillas|VERTODO,$73.000,$36.500,15,0,3,0,4,,$1.037,3,1,2,10,$1.487,3,5,7,6,28,,$547.500,https://acdn-us.mitiendanube.com/stores/005/775/403/products/feed_1080x1080_254_3-ddf5bfe6ecc1c4919317424227941171-1024-1024.png,"https://acdn-us.mitiendanube.com/stores/005/775/403/products/feed_1080x1080_254_2-de5ade791429a154f117424227942196-1024-1024.png,https://acdn-us.mitiendanube.com/stores/005/775/403/products/feed_1080x1080_254_6-eb85256a50884e405817424227950333-1024-1024.png,https://acdn-us.mitiendanube.com/stores/005/775/403/products/feed_1080x1080_254_4-ad13ecf2fcfc1bc02117424227942114-1024-1024.png,https://acdn-us.mitiendanube.com/stores/005/775/403/products/feed_1080x1080_254_1-b5f977541e0c30b69517424227943648-1024-1024.png"
https://gerf.com.ar/productos/zapatillas-nix-2-0-blanco-azul/,79|02|36,79|02,Zapatillas Nix 2.0 Blanco/Azul,260696068,CALZADOH|CalzadodeHombre|Zapatillas|VERTODO|CALZADOM|CalzadosdeMujer|Zapatillas|VERTODO,$68.500,$47.950,97,0,0,2,2,$16.009,$58.170,6,1,1,10,$2.399,0,0,8,10,22,,$6.644.500,https://acdn-us.mitiendanube.com/stores/005/775/403/products/whatsapp-image-2023-10-03-at-18-28-58-5-90c2ae02c188711fc317424029237685-1024-1024.jpeg,"https://acdn-us.mitiendanube.com/stores/005/775/403/products/nix2-0-3-f555eab436d04155d717424029866982-1024-1024.jpg,https://acdn-us.mitiendanube.com/stores/005/775/403/products/nix2-0-5-07c4193434b63f063617424029863386-1024-1024.jpg,https://acdn-us.mitiendanube.com/stores/005/775/403/products/nix2-0-11-1f36144fd381ae12ed17424030008795-1024-1024.jpg"
https://gerf.com.ar/productos/Zapatillas-Atenas-Negro-Y-Beige-304-195/,304|195|35,304|195,Zapatillas Atenas Negro Y Beige,254866533,CALZADOH|CalzadodeHombre|Zapatillas|VERTODO|CALZADOM|CalzadosdeMujer|Zapatillas|VERTODO,$67.200,$0,4,6,1,1,0,,$0,2,0,1,10,$377,13,42,10,6,79,,$268.800,https://acdn-us.mitiendanube.com/stores/005/775/403/products/304-195_1-129b4136726570396817393097826781-1024-1024.png,"https://acdn-us.mitiendanube.com/stores/005/775/403/products/304-195_2-82c51f50367bcd003d17393097865088-1024-1024.png,https://acdn-us.mitiendanube.com/stores/005/775/403/products/304-195_3-07c6753bad0198690917393097901213-1024-1024.png,https://acdn-us.mitiendanube.com/stores/005/775/403/products/feed_1080x1080_gerf_1_variante02-078d9e72cb893bd79517393097924584-1024-1024.png,https://acdn-us.mitiendanube.com/stores/005/775/403/products/feed_1080x1080_gerf_2-c3640c373312adca2f17393097953951-1024-1024.png,https://acdn-us.mitiendanube.com/stores/005/775/403/products/feed_1080x1080_gerf_3-224c353129d650311217393097982603-1024-1024.png"
https://gerf.com.ar/productos/Ojotas-Doha-Negro-296-10/,296|10|34-5,296|10,Ojotas Doha Negro,254866022,CALZADOH|CalzadodeHombre|Ojotas|VERTODO|CALZADOM|CalzadosdeMujer|Ojotas|VERTODO,$22.900,$0,78,3,0,1,1,#N/A,$21.500,5,0,0,10,$7.932,35,45,7,4,96,,$1.786.200,https://acdn-us.mitiendanube.com/stores/005/775/403/products/whatsapp-image-2024-01-08-at-19-47-48-1d17e63a5e6827eddd17393081790928-1024-1024.jpg,"https://acdn-us.mitiendanube.com/stores/005/775/403/products/whatsapp-image-2024-01-08-at-19-47-48-2-1382b3fe3cff84255f17393081821522-1024-1024.jpg,https://acdn-us.mitiendanube.com/stores/005/775/403/products/whatsapp-image-2024-01-08-at-19-47-48-1-8c53a87c87e875f83f17393081845246-1024-1024.jpg,https://acdn-us.mitiendanube.com/stores/005/775/403/products/whatsapp-image-2024-01-08-at-19-47-47-fefd93cab37599eac117393081874407-1024-1024.jpg,https://acdn-us.mitiendanube.com/stores/005/775/403/products/whatsapp-image-2024-01-08-at-19-47-47-1-127d02a07b3b2ba58217393081903370-1024-1024.jpg"
https://gerf.com.ar/productos/zapatillas-california-2-0-gris-beige/,243|57|35,243|57,Zapatillas California 2.0 Gris/Beige,260716228,Ofertas|LiquidaciondeTemporada|CALZADOM|CalzadosdeMujer|Zapatillas,$81.000,$0,71,0,0,5,0,#N/A,$14.909,5,0,0,10,$276,0,1,0,0,6,,$0,https://acdn-us.mitiendanube.com/stores/005/775/403/products/feed_1080x1080_california_gris_beige_03-934589c15f5f3b1a0c17424081351887-1024-1024.png,"https://acdn-us.mitiendanube.com/stores/005/775/403/products/feed_1080x1080_california_gris_beige_02-cedd7e4badefdb9cd017424081357091-1024-1024.png,https://acdn-us.mitiendanube.com/stores/005/775/403/products/feed_1080x1080_california_gris_beige_06-b7ec93e785911761f217424081355776-1024-1024.png,https://acdn-us.mitiendanube.com/stores/005/775/403/products/feed_1080x1080_california_gris_beige_04-f22285b47f0e2ef80017424081355156-1024-1024.png,https://acdn-us.mitiendanube.com/stores/005/775/403/products/feed_1080x1080_california_gris_beige_01-4b1668d63883eac04f17424081354419-1024-1024.png"
https://gerf.com.ar/productos/zapatillas-pissis-verde-aqua/,298|183|25,298|183,Zapatillas Pissis Verde/Aqua,260723490,Ofertas|LiquidaciondeTemporada|NIÑOS|Niños|Zapatillas,$57.200,$28.600,13,0,6,0,3,,$442,1,0,0,10,$3.229,3,6,10,4,32,,$371.800,https://acdn-us.mitiendanube.com/stores/005/775/403/products/feed_1080x1080_261_3-4dd897b121fd77e74317424086180248-1024-1024.png,"https://acdn-us.mitiendanube.com/stores/005/775/403/products/feed_1080x1080_261_2-d393b9b15beaf00f8017424086180622-1024-1024.png,https://acdn-us.mitiendanube.com/stores/005/775/403/products/feed_1080x1080_261_6-f5f220dd271ea6234217424086178888-1024-1024.png,https://acdn-us.mitiendanube.com/stores/005/775/403/products/feed_1080x1080_261_4-76765ded3434d4b72d17424086178306-1024-1024.png,https://acdn-us.mitiendanube.com/stores/005/775/403/products/feed_1080x1080_261_1-2d7f4cbc827505650517424086177871-1024-1024.png"
https://gerf.com.ar/productos/Zapatillas-Moscu-Celeste-Unisex-307-130/,307|130|41,307|130,Zapatillas Moscu Celeste Unisex,254866664,CALZADOH|CalzadodeHombre|Zapatillas|VERTODO|CALZADOM|CalzadosdeMujer|Zapatillas|VERTODO,$81.000,$0,70,5,0,0,0,,$24.333,4,1,3,9,$11.064,2,9,5,5,26,,$5.670.000,https://acdn-us.mitiendanube.com/stores/005/775/403/products/feed_1080x1080_336_3-4bafcf66cc2532a9da17393102566404-1024-1024.png,"https://acdn-us.mitiendanube.com/stores/005/775/403/products/feed_1080x1080_336_2-e40e7f3cb5e007d02917393102603765-1024-1024.png,https://acdn-us.mitiendanube.com/stores/005/775/403/products/feed_1080x1080_336_6-2207168c6c830f8f6b17393102639715-1024-1024.png,https://acdn-us.mitiendanube.com/stores/005/775/403/products/feed_1080x1080_gerf_1_variante02-eacf6e70e4f925b50917393102664437-1024-1024.png,https://acdn-us.mitiendanube.com/stores/005/775/403/products/feed_1080x1080_gerf_2-298bcde704bfcca34a17393102693470-1024-1024.png,https://acdn-us.mitiendanube.com/stores/005/775/403/products/feed_1080x1080_gerf_3-04ca3324e033446a6017393102721208-1024-1024.png"
https://gerf.com.ar/productos/Botines-Futbol-5-Timbo-Turquesa-Unisex-3120-132/,3120|132|34,3120|132,Botines Futbol 5 Timbo Turquesa Unisex,254863487,CALZADOH|CalzadodeHombre|Zapatillas|Botines|VERTODO|CALZADOM|CalzadosdeMujer|Botines|VERTODO,$74.600,$0,26,3,0,1,0,,$9.939,5,0,3,9,$5.123,0,2,4,3,13,,$1.939.600,https://acdn-us.mitiendanube.com/stores/005/775/403/products/3120-132_6-16eba121fb8793a24117393065334270-1024-1024.jpg,
https://gerf.com.ar/productos/Zapatillas-Luma-Bordo-Unisex-249-111/,249|111|35,249|111,Zapatillas Luma Bordo Unisex,254866364,Ofertas|LiquidaciondeTemporada|CALZADOH|CalzadodeHombre|Zapatillas|VERTODO|CALZADOM|CalzadosdeMujer|Zapatillas|VERTODO,$74.300,$37.150,158,1,5,0,1,$3.023,$6.514,2,0,1,9,$4.222,0,1,5,0,13,,$5.869.700,https://acdn-us.mitiendanube.com/stores/005/775/403/products/249-111_1-12096754c18708f72f17393091203989-1024-1024.png,"https://acdn-us.mitiendanube.com/stores/005/775/403/products/249-111_2-9b2676f586e493c35c17393091236091-1024-1024.png,https://acdn-us.mitiendanube.com/stores/005/775/403/products/249-111_3-1c6ed26511e7b9f18517393091273418-1024-1024.png,https://acdn-us.mitiendanube.com/stores/005/775/403/products/249-111_4-8d65ee174464c1f3d617393091308916-1024-1024.png,https://acdn-us.mitiendanube.com/stores/005/775/403/products/249-111_5-efbbf31fec6e6ca5a417393091343766-1024-1024.png"
https://gerf.com.ar/productos/Zapatillas-Sakura-Lila-244-60/,244|60|36,244|60,Zapatillas Sakura Lila,254865827,Ofertas|LiquidaciondeTemporada|CALZADOM|CalzadosdeMujer|Zapatillas|VERTODO,$57.500,$28.750,10,0,2,1,4,,$15.921,2,0,1,9,$2.922,0,1,4,2,14,,$287.500,https://acdn-us.mitiendanube.com/stores/005/775/403/products/244-60_1-051ee5599ee68637b517393079243446-1024-1024.jpg,"https://acdn-us.mitiendanube.com/stores/005/775/403/products/244-60_2-cfbbe701e8d1fc528817393079270604-1024-1024.jpg,https://acdn-us.mitiendanube.com/stores/005/775/403/products/244-60_3-deb32d6a067d5ec3b117393079301665-1024-1024.jpg,https://acdn-us.mitiendanube.com/stores/005/775/403/products/244-60_4-4ae1af44e69a7a8a8f17393079334696-1024-1024.jpg,https://acdn-us.mitiendanube.com/stores/005/775/403/products/244-60_5-56e51ee31cef2878c617393079362437-1024-1024.jpg"
https://gerf.com.ar/productos/Zapatillas-Praga-Negras-305-10/,305|10|35,305|10,Zapatillas Praga Negras,254866650,CALZADOM|CalzadosdeMujer|Zapatillas|VERTODO,$78.400,$0,8,7,2,0,0,,$0,0,0,1,9,,8,34,15,6,72,,$627.200,https://acdn-us.mitiendanube.com/stores/005/775/403/products/305-10_1-fea3593c844a4175d317393101861748-1024-1024.png,"https://acdn-us.mitiendanube.com/stores/005/775/403/products/305-10_2-a26012e01f5a80931317393101892446-1024-1024.png,https://acdn-us.mitiendanube.com/stores/005/775/403/products/305-10_3-6e00137f518f3fe39b17393101923001-1024-1024.png,https://acdn-us.mitiendanube.com/stores/005/775/403/products/feed_1080x1080_gerf_1_variante02-602cd90efff7ccee9e17393101946814-1024-1024.png,https://acdn-us.mitiendanube.com/stores/005/775/403/products/feed_1080x1080_gerf_2-def9365e20e887d98317393101977326-1024-1024.png,https://acdn-us.mitiendanube.com/stores/005/775/403/products/feed_1080x1080_gerf_3-c44734f1ff9195e0c917393102007195-1024-1024.png"
https://gerf.com.ar/productos/Panchas-Malargue-Negro-428-10/,428|10|39,428|10,Panchas Malargue Negro,254866289,Ofertas|LiquidaciondeTemporada|CALZADOH|CalzadodeHombre|Zapatillas|VERTODO,$69.800,$34.900,52,2,2,0,2,,$4.007,3,1,0,9,$4.777,8,7,3,6,30,,$1.814.800,https://acdn-us.mitiendanube.com/stores/005/775/403/products/428-10_1-b1a9a0547bf65bb8a817393087656542-1024-1024.jpeg,"https://acdn-us.mitiendanube.com/stores/005/775/403/products/428-10_2-0d601b35b49754dc7d17393087686111-1024-1024.jpeg,https://acdn-us.mitiendanube.com/stores/005/775/403/products/428-10_3-351f1c62fcfa684fcd17393087714742-1024-1024.jpeg,https://acdn-us.mitiendanube.com/stores/005/775/403/products/428-10_4-0da218309ee2faa37317393087742515-1024-1024.jpeg,https://acdn-us.mitiendanube.com/stores/005/775/403/products/428-10_5-d51dc1cf9f037cb65417393087770789-1024-1024.jpeg"
https://gerf.com.ar/productos/Zapatillas-Bulls-Negro-86-10/,86|10|38,86|10,Zapatillas Bulls Negro,254865324,Ofertas|LiquidaciondeTemporada|CALZADOH|CalzadodeHombre|Zapatillas|VERTODO,$75.400,$37.700,16,2,2,2,2,,$6.323,1,0,0,9,$953,1,1,6,1,17,,$603.200,https://acdn-us.mitiendanube.com/stores/005/775/403/products/86-10_1-4f714c1cf7a1f6a15117393075828421-1024-1024.jpg,"https://acdn-us.mitiendanube.com/stores/005/775/403/products/86-10_10-0aa7da9d3d7c0bf52c17393075857149-1024-1024.jpg,https://acdn-us.mitiendanube.com/stores/005/775/403/products/86-10_11-ca4ebda3b90c66ab9017393075886525-1024-1024.jpg,https://acdn-us.mitiendanube.com/stores/005/775/403/products/86-10_12-fae248d58fed464ee217393075912368-1024-1024.jpg"
https://gerf.com.ar/productos/Zapatillas-Habana-Naranja-Unisex-241-120/,241|120|35,241|120,Zapatillas Habana Naranja Unisex,254863308,Ofertas|LiquidaciondeTemporada|CALZADOH|CalzadodeHombre,$66.100,$39.660,16,1,2,0,5,,$24.474,0,0,2,8,$2.751,2,3,18,4,35,,$634.560,https://acdn-us.mitiendanube.com/stores/005/775/403/products/241-120_1-8e00b19afb6f582ca917393063784315-1024-1024.jpg,https://acdn-us.mitiendanube.com/stores/005/775/403/products/241-120_2-5e11e79a51306fb74b17393063814408-1024-1024.jpg
https://gerf.com.ar/productos/Ojotas-Doha-Blanco-Y-Negro-296-05/,296|05|34-5,296|05,Ojotas Doha Blanco Y Negro,254865995,CALZADOH|CalzadodeHombre|Ojotas|VERTODO|CALZADOM|CalzadosdeMujer|Ojotas|VERTODO,$22.900,$0,182,4,1,1,0,#N/A,$11.135,2,0,0,8,$26.166,30,48,8,3,95,,$4.167.800,https://acdn-us.mitiendanube.com/stores/005/775/403/products/296_05-1-7e969f091a6d1b82d817393081530881-1024-1024.jpg,"https://acdn-us.mitiendanube.com/stores/005/775/403/products/296_05-2-68f47de62ba3e87d0a17393081558063-1024-1024.jpg,https://acdn-us.mitiendanube.com/stores/005/775/403/products/296_05-5-a90c008ba510db80b417393081582476-1024-1024.jpg,https://acdn-us.mitiendanube.com/stores/005/775/403/products/296_05-4-44c9e0cb0908f30dbd17393081602109-1024-1024.jpg,https://acdn-us.mitiendanube.com/stores/005/775/403/products/296_05-3-d5a23bbd68d7ccbc2217393081630651-1024-1024.jpg"
https://gerf.com.ar/productos/zapatillas-pissis-negro/,298|10|25,298|10,Zapatillas Pissis Negro,260726205,Ofertas|LiquidaciondeTemporada|NIÑOS|Niños|Zapatillas,$57.200,$28.600,7,0,5,1,0,,$502,2,0,0,8,$4.760,0,7,16,4,33,,$200.200,https://acdn-us.mitiendanube.com/stores/005/775/403/products/feed_1080x1080_258_3-d572055cd1813ef00317424089774414-1024-1024.png,"https://acdn-us.mitiendanube.com/stores/005/775/403/products/feed_1080x1080_258_2-81f9625a83d41cefff17424089775909-1024-1024.png,https://acdn-us.mitiendanube.com/stores/005/775/403/products/feed_1080x1080_258_6-cf4ab5ccf723424f6617424089772342-1024-1024.png,https://acdn-us.mitiendanube.com/stores/005/775/403/products/feed_1080x1080_258_4-ecf5e21ff73dbe7cec17424089772768-1024-1024.png,https://acdn-us.mitiendanube.com/stores/005/775/403/products/feed_1080x1080_258_1-8f73c8d70906e170c117424089774121-1024-1024.png"
https://gerf.com.ar/productos/Zapatillas-Dione-Arcoiris-Beige-89-134/,89|134|35,89|134,Zapatillas Dione Arcoiris Beige,254865423,CALZADOM|CalzadosdeMujer|Zapatillas|VERTODO,$81.200,$0,2,2,0,0,0,,$0,6,0,0,8,,0,0,0,0,2,,$162.400,https://acdn-us.mitiendanube.com/stores/005/775/403/products/89-134_1-405d6367354aa8fc5217393076476154-1024-1024.jpg,
https://gerf.com.ar/productos/Zapatillas-Nairobi-Gris-y-Marron-245-182/,245|182|35,245|182,Zapatillas Nairobi Gris y Marron,254865846,Ofertas|LiquidaciondeTemporada|CALZADOH|CalzadodeHombre|Zapatillas|VERTODO|CALZADOM|CalzadosdeMujer|Zapatillas|VERTODO,$70.800,$35.400,2,0,0,0,5,,$0,3,0,0,8,$120,0,0,1,0,6,,$70.800,https://acdn-us.mitiendanube.com/stores/005/775/403/products/245-182_1-d1dfdf351434671a6b17393079504418-1024-1024.jpg,"https://acdn-us.mitiendanube.com/stores/005/775/403/products/245-182_2-cca61cd8b9e06bc2f717393079536505-1024-1024.jpg,https://acdn-us.mitiendanube.com/stores/005/775/403/products/245-182_3-2fab3d67ae34fff81317393079568308-1024-1024.jpg,https://acdn-us.mitiendanube.com/stores/005/775/403/products/245-182_4-db5ff788a570c3d03e17393079601176-1024-1024.jpg,https://acdn-us.mitiendanube.com/stores/005/775/403/products/245-182_5-34825f3976db97191f17393079633930-1024-1024.jpg"
https://gerf.com.ar/productos/Zapatillas-Sakura-Nude-244-84/,244|84|36,244|84,Zapatillas Sakura Nude,254865836,Ofertas|LiquidaciondeTemporada|CALZADOM|CalzadosdeMujer|Zapatillas|VERTODO,$57.500,$28.750,1,2,0,1,4,,$0,1,0,0,8,,0,0,1,1,9,,$28.750,https://acdn-us.mitiendanube.com/stores/005/775/403/products/244-84_1-3a73e1f901acadaf8517393079392361-1024-1024.jpg,"https://acdn-us.mitiendanube.com/stores/005/775/403/products/244-84_2-f3326894ac1968584717393079417162-1024-1024.jpg,https://acdn-us.mitiendanube.com/stores/005/775/403/products/244-84_3-7a9de60acae4b50e3117393079444019-1024-1024.jpg,https://acdn-us.mitiendanube.com/stores/005/775/403/products/244-84_4-d8b5af203d32c5c3d917393079473284-1024-1024.jpg"
https://gerf.com.ar/productos/Zapatillas-Nairobi-Blanco-y-Verde-245-03/,245|03|35,245|03,Zapatillas Nairobi Blanco y Verde,254865861,Ofertas|LiquidaciondeTemporada|CALZADOH|CalzadodeHombre|Zapatillas|VERTODO|CALZADOM|CalzadosdeMujer|Zapatillas|VERTODO,$70.800,$35.400,0,0,0,0,6,,$0,2,0,0,8,$55,1,1,5,0,13,,$0,https://acdn-us.mitiendanube.com/stores/005/775/403/products/245-03_1-94ce5db822cb30d65517393079818486-1024-1024.jpg,"https://acdn-us.mitiendanube.com/stores/005/775/403/products/245-03_2-3e78071e65d2cb046d17393079846750-1024-1024.jpg,https://acdn-us.mitiendanube.com/stores/005/775/403/products/245-03_3-1de93801ff5dd1de6c17393079879560-1024-1024.jpg,https://acdn-us.mitiendanube.com/stores/005/775/403/products/245-03_4-9f0a660709dee7d66917393079906715-1024-1024.jpg,https://acdn-us.mitiendanube.com/stores/005/775/403/products/245-03_5-c1fbd5e42cf81f1a4717393079939982-1024-1024.jpg"
https://gerf.com.ar/productos/Zapatillas-Nairobi-Blanco-y-Gris-245-07/,245|07|35,245|07,Zapatillas Nairobi Blanco y Gris,254865874,CALZADOH|CalzadodeHombre|Zapatillas|VERTODO|CALZADOM|CalzadosdeMujer|Zapatillas|VERTODO,$70.800,$0,33,4,0,0,0,,$545,3,0,6,7,$2.060,1,1,6,2,14,,$2.336.400,https://acdn-us.mitiendanube.com/stores/005/775/403/products/245_07-1-05bf45e2f1014b24e517393079969339-1024-1024.jpg,
https://gerf.com.ar/productos/Panchas-Seler-Camuflado-427-144/,427|144|35,427|144,Panchas Seler Camuflado,254866283,Ofertas|LiquidaciondeTemporada|CALZADOM|CalzadosdeMujer|Zapatillas|VERTODO,$61.200,$30.600,18,3,1,1,1,,$736,1,0,3,7,$8.054,4,2,2,1,15,,$550.800,https://acdn-us.mitiendanube.com/stores/005/775/403/products/427-144_1-9b0cf1e9b98fc575d617393087498163-1024-1024.jpeg,"https://acdn-us.mitiendanube.com/stores/005/775/403/products/427-144_2-b6ff50785cd220702c17393087531174-1024-1024.jpeg,https://acdn-us.mitiendanube.com/stores/005/775/403/products/427-144_3-51f62e06a35684cfa117393087559779-1024-1024.jpeg,https://acdn-us.mitiendanube.com/stores/005/775/403/products/427-144_4-341878a4bd9863296217393087596657-1024-1024.jpeg,https://acdn-us.mitiendanube.com/stores/005/775/403/products/427-144_5-7e63a349488abeeda217393087627560-1024-1024.jpeg"
https://gerf.com.ar/productos/Alamo-Jeans-323-133/,323|133|39,323|133,Alamo Jeans,254863608,Ofertas|LiquidaciondeTemporada|CALZADOH|CalzadodeHombre|Zapatos|VERTODO,$71.800,$35.900,13,0,3,0,1,,$5.722,3,0,2,7,$4.183,3,1,1,1,10,,$466.700,https://acdn-us.mitiendanube.com/stores/005/775/403/products/323-133_1-a1d902af22cb080fdd17393066493923-1024-1024.jpg,"https://acdn-us.mitiendanube.com/stores/005/775/403/products/323-133_2-8836bf8273e4b3aeeb17393066531512-1024-1024.jpg,https://acdn-us.mitiendanube.com/stores/005/775/403/products/323-133_3-d5a1c283450c98efd717393066563399-1024-1024.jpg,https://acdn-us.mitiendanube.com/stores/005/775/403/products/323-133_4-ca1328df37b2ad1b1217393066589461-1024-1024.jpg"
https://gerf.com.ar/productos/Zapatillas-Cupuazu-Blanco-303-01/,303|01|39,303|01,Zapatillas Cupuazu Blanco,254866504,Ofertas|LiquidaciondeTemporada|CALZADOH|CalzadodeHombre|Zapatillas|VERTODO,$90.260,$54.156,17,0,4,0,2,,$3.896,1,0,1,7,$3.169,0,1,3,0,10,,$920.652,https://acdn-us.mitiendanube.com/stores/005/775/403/products/303-01_1-182de881bdd53316da17393096304186-1024-1024.png,"https://acdn-us.mitiendanube.com/stores/005/775/403/products/303-01_2-bf030cbbfa7266342117393096336626-1024-1024.png,https://acdn-us.mitiendanube.com/stores/005/775/403/products/303-01_3-3c1d43a5110984197217393096368958-1024-1024.png,https://acdn-us.mitiendanube.com/stores/005/775/403/products/feed_1080x1080_gerf_1_variante02-0a21791cde2d0f521e17393096392443-1024-1024.png,https://acdn-us.mitiendanube.com/stores/005/775/403/products/feed_1080x1080_gerf_2-20fc448f4f621b1e2c17393096421118-1024-1024.png,https://acdn-us.mitiendanube.com/stores/005/775/403/products/feed_1080x1080_gerf_3-59bba917f71e0f215817393096450525-1024-1024.png"
https://gerf.com.ar/productos/Zapatillas-Atenas-Blancas-304-01/,304|01|35,304|01,Zapatillas Atenas Blancas,254866521,CALZADOH|CalzadodeHombre|Zapatillas|VERTODO|CALZADOM|CalzadosdeMujer|Zapatillas|VERTODO,$67.200,$0,17,6,0,0,0,,$8.905,1,0,1,7,$1.081,6,28,7,15,62,,$1.142.400,https://acdn-us.mitiendanube.com/stores/005/775/403/products/304-01_1-e0ae60a9ac0ff56f8f17393097246652-1024-1024.png,"https://acdn-us.mitiendanube.com/stores/005/775/403/products/304-01_2-39967add9eae37615817393097278112-1024-1024.png,https://acdn-us.mitiendanube.com/stores/005/775/403/products/304-01_3-90a25cc2c34c8f0beb17393097309366-1024-1024.png,https://acdn-us.mitiendanube.com/stores/005/775/403/products/feed_1080x1080_gerf_1_variante02-4fd9e82009ce75269017393097334475-1024-1024.png,https://acdn-us.mitiendanube.com/stores/005/775/403/products/feed_1080x1080_gerf_2-03da08a8b121d073ff17393097365308-1024-1024.png,https://acdn-us.mitiendanube.com/stores/005/775/403/products/feed_1080x1080_gerf_3-44a66f76304f395b7217393097393837-1024-1024.png"
https://gerf.com.ar/productos/Zapatillas-Ranger-Negro-314-10/,314|10|39,314|10,Zapatillas Ranger Negro,254863502,Ofertas|LiquidaciondeTemporada|CALZADOH|CalzadodeHombre,$74.800,$37.400,1,0,5,0,0,,$0,2,1,0,7,$3.491,0,0,0,0,5,,$37.400,https://acdn-us.mitiendanube.com/stores/005/775/403/products/314-10_1-2a6af24bc73e2a202c17393065430427-1024-1024.jpg,"https://acdn-us.mitiendanube.com/stores/005/775/403/products/314-10_2-1b6fc17f18e14db53b17393065457281-1024-1024.jpg,https://acdn-us.mitiendanube.com/stores/005/775/403/products/314-10_3-aa4b5ae1224bc650e817393065489137-1024-1024.jpg,https://acdn-us.mitiendanube.com/stores/005/775/403/products/314-10_4-5c795a5dc56ebd0d4717393065516051-1024-1024.jpg,https://acdn-us.mitiendanube.com/stores/005/775/403/products/314-10_5-5220bd0c5d0670ed9317393065543190-1024-1024.jpg"
https://gerf.com.ar/productos/Zapatillas-Chalten-Celeste-y-Azul-de-Mujer-297-184/,297|184|35,297|184,Zapatillas Chalten Celeste y Azul de Mujer,254866377,Ofertas|LiquidaciondeTemporada|CALZADOM|CalzadosdeMujer|Zapatillas|VERTODO,$79.400,$39.700,0,0,5,0,2,,$0,0,0,0,7,$74,0,3,5,0,15,,$0,https://acdn-us.mitiendanube.com/stores/005/775/403/products/297-184_1-a420eb9e66a51952cf17393091830387-1024-1024.png,"https://acdn-us.mitiendanube.com/stores/005/775/403/products/297-184_2-d6a9f998564003790c17393091866223-1024-1024.png,https://acdn-us.mitiendanube.com/stores/005/775/403/products/297-184_3-1bf711536f3302715e17393091904267-1024-1024.png,https://acdn-us.mitiendanube.com/stores/005/775/403/products/297-184_4-fb5e4b4767d2a7346617393091940788-1024-1024.png,https://acdn-us.mitiendanube.com/stores/005/775/403/products/297-184_5-18d7ea5f42659d25b617393091977181-1024-1024.png,https://acdn-us.mitiendanube.com/stores/005/775/403/products/img_8008-scaled-a84d1c961704e15e7f17393092010664-1024-1024.jpg,https://acdn-us.mitiendanube.com/stores/005/775/403/products/img_8014-scaled-cb71e8013b510870f317393092057492-1024-1024.jpg,https://acdn-us.mitiendanube.com/stores/005/775/403/products/img_8074-scaled-33e139b5d55ba5c4e117393092104086-1024-1024.jpg"
https://gerf.com.ar/productos/medias-gerf-bici-cana-ancha-blanca/,7417|01|M,7417|01,Medias Gerf Bici Caña Ancha Blanca,259284893,IndumentariayAccesorios|Indumentaria|Medias,$5.400,$0,60,0,0,0,6,,$0,0,0,1,6,,0,0,0,0,6,,$324.000,https://acdn-us.mitiendanube.com/stores/005/775/403/products/feed_1080x1080_medias_03-f7c489fd982229251b17417019797258-1024-1024.png,
https://gerf.com.ar/productos/Zapatillas-Nogal-O24-Azul-256-20/,256|20|45,256|20,Zapatillas Nogal O24 Azul,254866455,Ofertas|LiquidaciondeTemporada|CALZADOH|CalzadodeHombre|Zapatillas|VERTODO,$79.000,$39.500,51,1,1,0,4,,$7.107,0,0,1,6,$2.266,0,0,2,2,10,,$2.014.500,https://acdn-us.mitiendanube.com/stores/005/775/403/products/img_0457-75b6cb47b98d3246b017393094371602-1024-1024.png,"https://acdn-us.mitiendanube.com/stores/005/775/403/products/img_0474-069dce3bb4cd45e8b517393094416007-1024-1024.png,https://acdn-us.mitiendanube.com/stores/005/775/403/products/img_0455-e70b70047b65cce54617393094468710-1024-1024.png,https://acdn-us.mitiendanube.com/stores/005/775/403/products/feed_1080x1080_gerf_1_variante02-20364c62291b13f15817393094502102-1024-1024.png,https://acdn-us.mitiendanube.com/stores/005/775/403/products/feed_1080x1080_gerf_2-e79a7c5c3db6f81f4917393094539720-1024-1024.png,https://acdn-us.mitiendanube.com/stores/005/775/403/products/feed_1080x1080_gerf_3-7b3c9f43bac505378a17393094571913-1024-1024.png"
https://gerf.com.ar/productos/Zapatillas-Lirio-Azul-Jeans-289-194/,289|194|35,289|194,Zapatillas Lirio Azul Jeans,254866485,CALZADOH|CalzadodeHombre|Zapatillas|VERTODO|CALZADOM|CalzadosdeMujer|Zapatillas|VERTODO,$83.700,$0,27,4,0,0,0,,$0,2,0,1,6,$159,3,17,6,6,36,,$2.259.900,https://acdn-us.mitiendanube.com/stores/005/775/403/products/289-194_1-b4e114ae4d34a18afc17393095603199-1024-1024.jpg,"https://acdn-us.mitiendanube.com/stores/005/775/403/products/feed_1080x1080_288_2-0355d3dd816677acec17393095643004-1024-1024.png,https://acdn-us.mitiendanube.com/stores/005/775/403/products/feed_1080x1080_288_6-06f4d1fd957612295917393095680455-1024-1024.png,https://acdn-us.mitiendanube.com/stores/005/775/403/products/feed_1080x1080_288_bzbsz-ac54f36fc81338462317393095724939-1024-1024.png,https://acdn-us.mitiendanube.com/stores/005/775/403/products/feed_1080x1080_288jybz-gc-dbaa531206d2f8b39a17393095764474-1024-1024.png,https://acdn-us.mitiendanube.com/stores/005/775/403/products/feed_1080x1080_gerf_1_variante02-fe1171abf7c7bbb5e917393095790557-1024-1024.png,https://acdn-us.mitiendanube.com/stores/005/775/403/products/feed_1080x1080_gerf_2-419d6a84700dfa1a6817393095822164-1024-1024.png,https://acdn-us.mitiendanube.com/stores/005/775/403/products/feed_1080x1080_gerf_3-8d8d6e94210bff0e1217393095850090-1024-1024.png"
https://gerf.com.ar/productos/Ojotas-Lyon-Gris-306-50/,306|50|39-0,306|50,Ojotas Lyon Gris,254866567,CALZADOH|CalzadodeHombre|Ojotas|VERTODO,$19.900,$0,128,6,0,0,0,#N/A,$3.832,0,0,0,6,$3.255,13,11,6,1,37,,$2.547.200,https://acdn-us.mitiendanube.com/stores/005/775/403/products/feed_1080x1080_341_3-fe1ae6d51a21b159d717393099207297-1024-1024.png,"https://acdn-us.mitiendanube.com/stores/005/775/403/products/feed_1080x1080_341_2-06e48af11864fed77117393099246063-1024-1024.png,https://acdn-us.mitiendanube.com/stores/005/775/403/products/feed_1080x1080_341_6-c476a618f8072a59b417393099283760-1024-1024.png,https://acdn-us.mitiendanube.com/stores/005/775/403/products/feed_1080x1080_341_8-6db36aa84d62efeade17393099325522-1024-1024.png,https://acdn-us.mitiendanube.com/stores/005/775/403/products/feed_1080x1080_341_9-1d519b0061647b513b17393099367556-1024-1024.png"
https://gerf.com.ar/productos/zapatillas-dione-jrs-2-0-negro-blanco/,48|11|25,48|11,Zapatillas Dione Jrs 2.0 Negro/Blanco,260650231,NIÑOS|Niños|Zapatillas,$72.900,$0,49,0,1,1,0,,$1.736,4,0,0,6,$879,2,25,7,14,50,,$3.572.100,https://acdn-us.mitiendanube.com/stores/005/775/403/products/feed_1080x1080_310_3-3262f06f3c3858209c17423899745611-1024-1024.png,"https://acdn-us.mitiendanube.com/stores/005/775/403/products/feed_1080x1080_310_2-0accac35e83a7915e117423899748790-1024-1024.png,https://acdn-us.mitiendanube.com/stores/005/775/403/products/feed_1080x1080_310_6-251995fdc776c959d317423899748413-1024-1024.png"
https://gerf.com.ar/productos/zapatillas-colegial-narvi-blanco/,39|01|25,39|01,Zapatillas Colegial Narvi Blanco,260633952,Ofertas|LiquidaciondeTemporada|NIÑOS|Niños|Zapatillas,$66.000,$33.000,4,0,3,0,3,,$0,0,0,0,6,,1,8,10,0,25,,$132.000,https://acdn-us.mitiendanube.com/stores/005/775/403/products/feed_1080x1080_126_3-7f7bb5136070bf4ba417423867177507-1024-1024.png,https://acdn-us.mitiendanube.com/stores/005/775/403/products/feed_1080x1080_126_2-87dae2fb956c7cec1117423867299358-1024-1024.png
https://gerf.com.ar/productos/Zapatillas-Aconcagua-Blanco-y-Gris-246-07/,246|07|35,246|07,Zapatillas Aconcagua Blanco y Gris,254865886,Ofertas|LiquidaciondeTemporada|CALZADOH|CalzadodeHombre|Zapatillas|VERTODO|CALZADOM|CalzadosdeMujer|Zapatillas|VERTODO,$98.300,$49.150,3,0,3,0,3,,$0,0,0,0,6,$22.021,0,0,1,0,7,,$147.450,https://acdn-us.mitiendanube.com/stores/005/775/403/products/246_07-1-4925f97139d055eb4417393079999095-1024-1024.jpg,"https://acdn-us.mitiendanube.com/stores/005/775/403/products/img_0105-f1cccff10c7814c14517393080030929-1024-1024.jpg,https://acdn-us.mitiendanube.com/stores/005/775/403/products/img_0027-201a67bf509015aa4e17393080069825-1024-1024.jpg,https://acdn-us.mitiendanube.com/stores/005/775/403/products/img_0093-1-3e7b902ecd98e6a17f17393080107953-1024-1024.jpg,https://acdn-us.mitiendanube.com/stores/005/775/403/products/img_9978-06866713e3a4076e1d17393080143839-1024-1024.jpg"
https://gerf.com.ar/productos/Zapatillas-Sakura-Blancas-244-01/,244|01|36,244|01,Zapatillas Sakura Blancas,254865790,Ofertas|LiquidaciondeTemporada|CALZADOM|CalzadosdeMujer|Zapatillas|VERTODO,$57.500,$28.750,1,0,0,0,6,,$0,0,0,0,6,,0,0,1,0,7,,$28.750,https://acdn-us.mitiendanube.com/stores/005/775/403/products/244-01_1-a605b194b692e9e41917393078663708-1024-1024.jpg,"https://acdn-us.mitiendanube.com/stores/005/775/403/products/244-01_2-6705e26a603d6139cc17393078692919-1024-1024.jpg,https://acdn-us.mitiendanube.com/stores/005/775/403/products/244-01_3-8a02abc0c014092a9817393078719029-1024-1024.jpg,https://acdn-us.mitiendanube.com/stores/005/775/403/products/244-01_4-01311399b4d99d35af17393078748970-1024-1024.jpg,https://acdn-us.mitiendanube.com/stores/005/775/403/products/244-01_5-6ee1bf75c18762599717393078781064-1024-1024.jpg"
https://gerf.com.ar/productos/Zapatillas-Aconcagua-Negro-246-10/,246|10|35,246|10,Zapatillas Aconcagua Negro,254865901,Ofertas|LiquidaciondeTemporada|CALZADOH|CalzadodeHombre|Zapatillas|VERTODO|CALZADOM|CalzadosdeMujer|Zapatillas|VERTODO,$98.300,$49.150,1,0,0,0,6,,$0,0,0,0,6,$1.514,0,1,10,1,18,,$49.150,https://acdn-us.mitiendanube.com/stores/005/775/403/products/246_10-1-483bccc538b2fef95a17393080180987-1024-1024.jpg,"https://acdn-us.mitiendanube.com/stores/005/775/403/products/img_9787-e261d7282385a9d3f817393080225291-1024-1024.jpg,https://acdn-us.mitiendanube.com/stores/005/775/403/products/img_0083-c6562a1f3092b9714317393080263359-1024-1024.jpg,https://acdn-us.mitiendanube.com/stores/005/775/403/products/img_9840-d77d7a37a0b9779eb917393080308066-1024-1024.jpg"
https://gerf.com.ar/productos/Zapatillas-Verona-Verde-425-30/,425|30|35,425|30,Zapatillas Verona Verde,254866225,CALZADOM|CalzadosdeMujer|Zapatillas|VERTODO,$84.900,$0,0,2,0,1,1,,$0,2,1,0,6,$204,2,8,6,0,20,,$0,https://acdn-us.mitiendanube.com/stores/005/775/403/products/425-30_1-277525cce5c7b29ef917393086103490-1024-1024.jpeg,"https://acdn-us.mitiendanube.com/stores/005/775/403/products/425-30_2-f7186a7edc64b2b1bf17393086131694-1024-1024.jpeg,https://acdn-us.mitiendanube.com/stores/005/775/403/products/425-30_3-15cc1cb0f42de5560217393086160780-1024-1024.jpeg,https://acdn-us.mitiendanube.com/stores/005/775/403/products/425-30_4-ff9c0b7820fb55d18f17393086191119-1024-1024.jpeg,https://acdn-us.mitiendanube.com/stores/005/775/403/products/425-30_5-3213d68aa1aa4e3bd617393086224960-1024-1024.jpeg"
https://gerf.com.ar/productos/Zapatillas-Chalten-Beige-Y-Blanco-297-190/,297|190|35,297|190,Zapatillas Chalten Beige Y Blanco,254866215,Ofertas|LiquidaciondeTemporada|CALZADOM|CalzadosdeMujer|Zapatillas|VERTODO,$79.400,$0,90,0,0,2,3,,$0,0,0,2,5,$8.036,0,0,0,0,5,,$7.146.000,https://acdn-us.mitiendanube.com/stores/005/775/403/products/297-190_1-43128e1fd9a7cd4ab017393085959821-1024-1024.jpeg,"https://acdn-us.mitiendanube.com/stores/005/775/403/products/297-190_2-b9f6aeebf4a664526917393085989277-1024-1024.jpeg,https://acdn-us.mitiendanube.com/stores/005/775/403/products/297-190_3-0b1b2b094514ed955717393086018258-1024-1024.jpeg,https://acdn-us.mitiendanube.com/stores/005/775/403/products/297-190_4-25394f1e4cf4474d8a17393086047585-1024-1024.jpeg,https://acdn-us.mitiendanube.com/stores/005/775/403/products/297-190_5-a17f2edba937eb82d517393086070791-1024-1024.jpeg"
https://gerf.com.ar/productos/Panchas-Seler-Natural-427-90/,427|90|35,427|90,Panchas Seler Natural,254866275,Ofertas|LiquidaciondeTemporada|CALZADOM|CalzadosdeMujer|Zapatillas|VERTODO,$61.200,$30.600,38,2,1,0,0,,$4.882,2,0,2,5,$3.657,6,3,1,1,14,,$1.162.800,https://acdn-us.mitiendanube.com/stores/005/775/403/products/427-90_1-803e043dfe796f8ba717393087344126-1024-1024.jpeg,"https://acdn-us.mitiendanube.com/stores/005/775/403/products/427-90_2-923b0a3cd1c2535c4017393087376644-1024-1024.jpeg,https://acdn-us.mitiendanube.com/stores/005/775/403/products/427-90_3-0ae4526115d16ecaf317393087404718-1024-1024.jpeg,https://acdn-us.mitiendanube.com/stores/005/775/403/products/427-90_4-a2ad37639e301cc88917393087434492-1024-1024.jpeg,https://acdn-us.mitiendanube.com/stores/005/775/403/products/427-90_5-515c5a42493464c76817393087463419-1024-1024.jpeg"
https://gerf.com.ar/productos/Zapatos-Alamo-Tela-Negro-323-172/,323|172|39,323|172,Zapatos Alamo Tela Negro,254863639,Ofertas|LiquidaciondeTemporada|CALZADOH|CalzadodeHombre|Zapatos|VERTODO,$71.800,$35.900,30,0,3,0,1,,$376,1,0,2,5,$1.965,0,0,0,0,4,,$1.077.000,https://acdn-us.mitiendanube.com/stores/005/775/403/products/323-172_1-1-8350e82adce514f34417393066818553-1024-1024.jpeg,
https://gerf.com.ar/productos/Zapatillas-Lirio-Negro-Y-Verde-289-164/,289|164|36,289|164,Zapatillas Lirio Negro Y Verde,254866497,CALZADOH|CalzadodeHombre|Zapatillas|VERTODO|CALZADOM|CalzadosdeMujer|Zapatillas|VERTODO,$83.700,$0,21,3,1,0,0,,$3.355,1,0,2,5,$3.881,3,9,4,4,24,,$1.757.700,https://acdn-us.mitiendanube.com/stores/005/775/403/products/289-164_1-bfec6aede496608adb17393096076177-1024-1024.jpg,"https://acdn-us.mitiendanube.com/stores/005/775/403/products/289-164_2-c6e4760820560e70ce17393096103928-1024-1024.jpg,https://acdn-us.mitiendanube.com/stores/005/775/403/products/289-164_3-16b51013bc173cd3cb17393096136744-1024-1024.jpg,https://acdn-us.mitiendanube.com/stores/005/775/403/products/289-164_4-614b0273b5d4c9e6ef17393096163888-1024-1024.jpg,https://acdn-us.mitiendanube.com/stores/005/775/403/products/289-164_5-969223b2363849d90a17393096191663-1024-1024.jpg,https://acdn-us.mitiendanube.com/stores/005/775/403/products/feed_1080x1080_gerf_1_variante02-758700ac798d8781a317393096211011-1024-1024.png,https://acdn-us.mitiendanube.com/stores/005/775/403/products/feed_1080x1080_gerf_2-9bc43b0861701cdeb117393096239747-1024-1024.png,https://acdn-us.mitiendanube.com/stores/005/775/403/products/feed_1080x1080_gerf_3-d7461151573d46549e17393096269215-1024-1024.png"
https://gerf.com.ar/productos/Zapatillas-Sakura-Celeste-244-130/,244|130|36,244|130,Zapatillas Sakura Celeste,254865812,Ofertas|LiquidaciondeTemporada|CALZADOM|CalzadosdeMujer|Zapatillas|VERTODO,$57.500,$28.750,17,1,4,0,0,,$466,0,0,2,5,$3.742,0,1,1,2,9,,$488.750,https://acdn-us.mitiendanube.com/stores/005/775/403/products/244-130_1-4603bd9aa623e4f2aa17393078949502-1024-1024.jpg,"https://acdn-us.mitiendanube.com/stores/005/775/403/products/244-130_2-7eab1426e34c9856ee17393078985523-1024-1024.jpg,https://acdn-us.mitiendanube.com/stores/005/775/403/products/244-130_3-c71a18d4b3c8ea41c017393079015577-1024-1024.jpg,https://acdn-us.mitiendanube.com/stores/005/775/403/products/244-130_4-8f7c5717b25155d93717393079049371-1024-1024.jpg,https://acdn-us.mitiendanube.com/stores/005/775/403/products/244-130_5-28e5a469d9f5dbc9e717393079077700-1024-1024.jpg"
https://gerf.com.ar/productos/Panchas-Malargue-Bordo-428-111/,428|111|39,428|111,Panchas Malargue Bordo,254866295,Ofertas|LiquidaciondeTemporada|CALZADOH|CalzadodeHombre|Zapatillas|VERTODO,$69.800,$34.900,82,4,0,0,0,,$5.688,1,0,1,5,$11.704,2,3,4,1,14,,$2.861.800,https://acdn-us.mitiendanube.com/stores/005/775/403/products/428-111_1-c56976d71a3b21032617393087803509-1024-1024.jpeg,"https://acdn-us.mitiendanube.com/stores/005/775/403/products/428-111_2-50f30f6a72a7c803c817393087836813-1024-1024.jpeg,https://acdn-us.mitiendanube.com/stores/005/775/403/products/428-111_3-fb12f17322435cb48c17393087870899-1024-1024.jpeg,https://acdn-us.mitiendanube.com/stores/005/775/403/products/428-111_4-828dba9ee9e433fef417393087898977-1024-1024.jpeg,https://acdn-us.mitiendanube.com/stores/005/775/403/products/428-111_5-5b5c85810200c330d817393087933994-1024-1024.jpeg"
https://gerf.com.ar/productos/Zapatillas-Nogal-O24-Blanco-256-01/,256|01|39,256|01,Zapatillas Nogal O24 Blanco,254866445,Ofertas|LiquidaciondeTemporada|CALZADOH|CalzadodeHombre|Zapatillas|VERTODO,$79.000,$39.500,48,0,2,0,2,,$2.510,1,0,1,5,$1.826,0,2,3,2,11,,$1.896.000,https://acdn-us.mitiendanube.com/stores/005/775/403/products/256-01_1-5b3fd45168c14216ba17393093648398-1024-1024.jpg,"https://acdn-us.mitiendanube.com/stores/005/775/403/products/256-01_2-ba897a0671ad820ae917393093673497-1024-1024.jpg,https://acdn-us.mitiendanube.com/stores/005/775/403/products/256-01_3-dd68af49014c17028e17393093701563-1024-1024.jpg,https://acdn-us.mitiendanube.com/stores/005/775/403/products/256-01_4-4110e28771c819f0ad17393093721985-1024-1024.jpg,https://acdn-us.mitiendanube.com/stores/005/775/403/products/256-01_5-488ff123967f8d2f9f17393093750856-1024-1024.jpg,https://acdn-us.mitiendanube.com/stores/005/775/403/products/feed_1080x1080_gerf_1_variante02-0db1b966e169d0ebd217393093771467-1024-1024.png,https://acdn-us.mitiendanube.com/stores/005/775/403/products/feed_1080x1080_gerf_2-3f177a638e5b4dde7317393093800474-1024-1024.png,https://acdn-us.mitiendanube.com/stores/005/775/403/products/feed_1080x1080_gerf_3-e5bc9d45af4b66c9b517393093830927-1024-1024.png"
https://gerf.com.ar/productos/Zapatillas-Cupuazu-Negro-303-10/,303|10|39,303|10,Zapatillas Cupuazu Negro,254866507,Ofertas|LiquidaciondeTemporada|CALZADOH|CalzadodeHombre|Zapatillas|VERTODO,$90.260,$54.156,15,0,3,0,2,,$0,0,0,1,5,$3.115,0,2,5,1,13,,$812.340,https://acdn-us.mitiendanube.com/stores/005/775/403/products/303-10_1-7ed5394eb0d2c0536717393096488730-1024-1024.png,"https://acdn-us.mitiendanube.com/stores/005/775/403/products/303-10_2-1b6d000a2a5b814c4817393096520461-1024-1024.png,https://acdn-us.mitiendanube.com/stores/005/775/403/products/303-10_3-0bb8c3f4bbd9f4f76f17393096550780-1024-1024.png,https://acdn-us.mitiendanube.com/stores/005/775/403/products/feed_1080x1080_gerf_1_variante02-b18b6f4a4631492ae717393096573304-1024-1024.png,https://acdn-us.mitiendanube.com/stores/005/775/403/products/feed_1080x1080_gerf_2-237e629910c9d850da17393096603812-1024-1024.png,https://acdn-us.mitiendanube.com/stores/005/775/403/products/feed_1080x1080_gerf_3-bc9f7b85164450b1f917393096632938-1024-1024.png"
https://gerf.com.ar/productos/Zapatillas-Bolton-Negro-Unisex-313-10/,313|10|35,313|10,Zapatillas Bolton Negro Unisex,254863490,CALZADOH|CalzadodeHombre|Zapatillas|VERTODO|CALZADOM|CalzadosdeMujer|Zapatillas|VERTODO,$81.000,$56.700,9,0,2,1,0,,$0,2,0,1,5,$2.554,1,5,1,4,14,,$729.000,https://acdn-us.mitiendanube.com/stores/005/775/403/products/313-10_5-71fd2950d333f9c8cb17393065365309-1024-1024.jpg,https://acdn-us.mitiendanube.com/stores/005/775/403/products/313-10_3-bb348427da8f44de7117393065395590-1024-1024.jpg
https://gerf.com.ar/productos/Alamo-Marron-Oscuro-323-171/,323|171|39,323|171,Alamo Marron Oscuro,254863625,CALZADOH|CalzadodeHombre|Zapatillas|Zapatos|VERTODO,$80.000,$40.000,3,0,2,0,2,,$0,1,0,1,5,$484,0,0,5,2,11,,$120.000,https://acdn-us.mitiendanube.com/stores/005/775/403/products/323-171_1-af0c2814917012c30917393066756851-1024-1024.jpg,https://acdn-us.mitiendanube.com/stores/005/775/403/products/323-171_2-d6713b638c95d619ce17393066783598-1024-1024.jpg
https://gerf.com.ar/productos/Zapatillas-Dione-Arcoiris-Negro-89-10/,89|10|35,89|10,Zapatillas Dione Arcoiris Negro,254865403,CALZADOM|CalzadosdeMujer|Zapatillas|VERTODO,$81.200,$0,213,0,0,0,1,,$0,4,0,0,5,,0,1,0,0,2,,$17.295.600,https://acdn-us.mitiendanube.com/stores/005/775/403/products/89-10_1-69963f4f02884b5bcc17393076289288-1024-1024.jpg,
https://gerf.com.ar/productos/zapatillas-noa-blanco-rosa/,309|04|25,309|04,Zapatillas Noa Blanco/Rosa,263268734,NIÑOS|Niños|Zapatillas,$73.000,$0,57,0,0,3,0,,$13.554,2,0,0,5,$1.482,0,0,2,28,33,,$4.161.000,https://acdn-us.mitiendanube.com/stores/005/775/403/products/feed_1080x1080_353_3-67ce14397ef8437a0117436874771943-1024-1024.png,"https://acdn-us.mitiendanube.com/stores/005/775/403/products/feed_1080x1080_353_2-4db35903c45529bc6c17436874769935-1024-1024.png,https://acdn-us.mitiendanube.com/stores/005/775/403/products/feed_1080x1080_353_6-b71971e977af00290117436874773759-1024-1024.png"
https://gerf.com.ar/productos/zapatillas-fortex-velcro-blanco-rosa/,320|04|25,320|04,Zapatillas Fortex Velcro Blanco/Rosa,266788057,NIÑOS|Niños|Zapatillas,$64.800,$0,49,0,0,0,0,,$2.567,5,0,0,5,,0,0,0,0,0,,$3.175.200,https://acdn-us.mitiendanube.com/stores/005/775/403/products/feed_1080x1080_352_3-f50d45ec8a7b310a1317454875181178-1024-1024.png,"https://acdn-us.mitiendanube.com/stores/005/775/403/products/feed_1080x1080_352_2-c16eae0f7f85ace41f17454875236752-1024-1024.png,https://acdn-us.mitiendanube.com/stores/005/775/403/products/feed_1080x1080_352_6-228a56ff376478388117454875184412-1024-1024.png"
https://gerf.com.ar/productos/Zapatillas-Aconcagua-Blanco-y-Bordo-246-112/,246|193|35,246|193,Zapatillas Aconcagua Blanco y Bordo,254865941,Ofertas|LiquidaciondeTemporada|CALZADOH|CalzadodeHombre|Zapatillas|VERTODO|CALZADOM|CalzadosdeMujer|Zapatillas|VERTODO,$98.300,$49.150,1,0,0,0,5,,$0,0,0,0,5,$1.389,0,2,1,0,8,,$49.150,https://acdn-us.mitiendanube.com/stores/005/775/403/products/246_112-1-e6a76b1ae9689cc86917393080630247-1024-1024.jpg,"https://acdn-us.mitiendanube.com/stores/005/775/403/products/246_112-2-b5ec1496967ea5906417393080657546-1024-1024.jpg,https://acdn-us.mitiendanube.com/stores/005/775/403/products/246_112-3-d9b3627da228d01fdf17393080684211-1024-1024.jpg,https://acdn-us.mitiendanube.com/stores/005/775/403/products/246_112-4-811851d94bfa5fd92b17393080718269-1024-1024.jpg,https://acdn-us.mitiendanube.com/stores/005/775/403/products/246_112-5-4813d652b929e8e51417393080752587-1024-1024.jpg,https://acdn-us.mitiendanube.com/stores/005/775/403/products/img_0053-27dc34db1932654ca517393080783958-1024-1024.jpg,https://acdn-us.mitiendanube.com/stores/005/775/403/products/img_9896-57269b8427f1a9ca1517393080828294-1024-1024.jpg,https://acdn-us.mitiendanube.com/stores/005/775/403/products/img_9935-13199a256b5148fd0617393080872110-1024-1024.jpg"
https://gerf.com.ar/productos/Zapatillas-Chalten-Amarillo-y-Naranja-297-186/,297|186|35,297|186,Zapatillas Chalten Amarillo y Naranja,254866380,Ofertas|LiquidaciondeTemporada|CALZADOM|CalzadosdeMujer|Zapatillas|VERTODO,$79.400,$39.700,0,0,2,0,1,,$0,2,0,0,5,$1.553,1,0,6,1,11,,$0,https://acdn-us.mitiendanube.com/stores/005/775/403/products/297-186_1-6f0f6c99940710d72b17393092132660-1024-1024.png,"https://acdn-us.mitiendanube.com/stores/005/775/403/products/297-186_2-4fb30390db1544a56517393092162848-1024-1024.png,https://acdn-us.mitiendanube.com/stores/005/775/403/products/297-186_3-ecf75b9209d59283a517393092197472-1024-1024.png,https://acdn-us.mitiendanube.com/stores/005/775/403/products/297-186_4-7d07f2bd8538afce1217393092235515-1024-1024.png,https://acdn-us.mitiendanube.com/stores/005/775/403/products/297-186_5-e3b7749255814c979017393092268175-1024-1024.png,https://acdn-us.mitiendanube.com/stores/005/775/403/products/img_7856-scaled-814775b96f3eadf28f17393092304046-1024-1024.jpg,https://acdn-us.mitiendanube.com/stores/005/775/403/products/img_7890-scaled-523bc403968f38787217393092337966-1024-1024.jpg,https://acdn-us.mitiendanube.com/stores/005/775/403/products/img_7902-scaled-acd456f2c784c0958c17393092372623-1024-1024.jpg"
https://gerf.com.ar/productos/Zapatillas-Mirror-Azul-Unisex-24-20/,24|20|35,24|20,Zapatillas Mirror Azul Unisex,254863243,Ofertas|CALZADOH|CalzadodeHombre,$58.600,$29.300,0,0,3,0,2,,$2.821,0,0,0,5,$3.747,0,0,1,0,6,,$0,https://acdn-us.mitiendanube.com/stores/005/775/403/products/24-20_1-101f50ee89611372dd17393063256371-1024-1024.jpg,"https://acdn-us.mitiendanube.com/stores/005/775/403/products/24-20_2-cb5736db529020f52b17393063284264-1024-1024.jpg,https://acdn-us.mitiendanube.com/stores/005/775/403/products/24-20_3-d6bc33e21c7021147a17393063313683-1024-1024.jpg,https://acdn-us.mitiendanube.com/stores/005/775/403/products/24-20_4-9b3c10cc4608e9fd7b17393063342831-1024-1024.jpg,https://acdn-us.mitiendanube.com/stores/005/775/403/products/24-20_5-4ee260c12bdb6da7c517393063373094-1024-1024.jpg"
https://gerf.com.ar/productos/zapatillas-bolton-blanco-negro/,313|05|35,313|05,Zapatillas Bolton Blanco/Negro,260768834,CALZADOH|CalzadodeHombre|Zapatillas|VERTODO|CALZADOM|CalzadosdeMujer|Zapatillas|VERTODO,$81.000,$56.700,24,0,0,0,0,,$30.655,4,0,6,4,$4.315,0,10,3,5,18,,$1.944.000,https://acdn-us.mitiendanube.com/stores/005/775/403/products/feed_1080x1080_157_3-d50b001007f1bd623d17424196946164-1024-1024.png,
https://gerf.com.ar/productos/Plantillas-Super-Confort-de-Mujer-5510-99/,5510|99|34-5,5510|99,Plantillas Super Confort de Mujer,254866674,IndumentariayAccesorios|Accesorios|Plantillas,$9.500,$0,16,0,0,0,3,,$107,1,0,3,4,,0,0,0,0,3,,$152.000,https://acdn-us.mitiendanube.com/stores/005/775/403/products/5510-99_5-0310b81e9a1ab9de5817393102975780-1024-1024.png,"https://acdn-us.mitiendanube.com/stores/005/775/403/products/5510-99_4-b44d0c1bc2c9ed93e617393103014161-1024-1024.png,https://acdn-us.mitiendanube.com/stores/005/775/403/products/5510-99_3-30d268b41ddf55153517393103058966-1024-1024.png,https://acdn-us.mitiendanube.com/stores/005/775/403/products/5510-99_2-258b72aa94e1c8571717393103095511-1024-1024.png,https://acdn-us.mitiendanube.com/stores/005/775/403/products/5510-99_1-02420eb38c4b59efa817393103138850-1024-1024.png,https://acdn-us.mitiendanube.com/stores/005/775/403/products/dama-d477a5c8cedffcc34b17393103176146-1024-1024.png"
https://gerf.com.ar/productos/Zapatillas-Atenas-Beige-Y-Naranja-304-169/,304|169|35,304|169,Zapatillas Atenas Beige Y Naranja,254866526,CALZADOM|CalzadosdeMujer|Zapatillas|VERTODO,$67.200,$0,8,3,0,0,0,,$0,1,0,1,4,$592,5,16,4,10,38,,$537.600,https://acdn-us.mitiendanube.com/stores/005/775/403/products/304-169_1-9da9bf4ae70c9b0e8217393097430312-1024-1024.png,"https://acdn-us.mitiendanube.com/stores/005/775/403/products/304-169_2-e5b5ab27416436146317393097464045-1024-1024.png,https://acdn-us.mitiendanube.com/stores/005/775/403/products/304-169_3-82c5454dee28c7966c17393097503640-1024-1024.png,https://acdn-us.mitiendanube.com/stores/005/775/403/products/feed_1080x1080_gerf_1_variante02-c46493abf4eb10226117393097530114-1024-1024.png,https://acdn-us.mitiendanube.com/stores/005/775/403/products/feed_1080x1080_gerf_2-deb39f6f51b85704ff17393097561933-1024-1024.png,https://acdn-us.mitiendanube.com/stores/005/775/403/products/feed_1080x1080_gerf_3-e173755274a8d1777917393097594155-1024-1024.png"
https://gerf.com.ar/productos/Zapatillas-Pissis-Verde-298-30/,298|30|25,298|30,Zapatillas Pissis Verde,254866127,NIÑOS|Niños,$57.200,$28.600,6,0,3,0,0,,$8.946,1,0,1,4,$3.846,0,1,7,1,12,,$171.600,https://acdn-us.mitiendanube.com/stores/005/775/403/products/feed_1080x1080_260_3-73a46f3c2a936ee16b17393083992036-1024-1024.png,"https://acdn-us.mitiendanube.com/stores/005/775/403/products/feed_1080x1080_260_6-c996dd7dd896d3883417393084029041-1024-1024.png,https://acdn-us.mitiendanube.com/stores/005/775/403/products/feed_1080x1080_260_4-b5540be8e34f4246a217393084069865-1024-1024.png,https://acdn-us.mitiendanube.com/stores/005/775/403/products/feed_1080x1080_260_2-2789d051cf926f0fbd17393084108525-1024-1024.png,https://acdn-us.mitiendanube.com/stores/005/775/403/products/feed_1080x1080_260_1-e558664f2448dc5cea17393084144405-1024-1024.png"
https://gerf.com.ar/productos/zapatillas-california-2-0-lila-pastel/,243|179|35,243|179,Zapatillas California 2.0 Lila/Pastel,260715392,Ofertas|LiquidaciondeTemporada|CALZADOM|CalzadosdeMujer|Zapatillas,$81.000,$0,120,0,0,2,1,#N/A,$33.444,1,0,0,4,$119,0,5,1,4,13,,$0,https://acdn-us.mitiendanube.com/stores/005/775/403/products/copia-de-feed_1080x1080_225_3-90631f01fa0e4791e617424069100609-1024-1024.png,"https://acdn-us.mitiendanube.com/stores/005/775/403/products/copia-de-feed_1080x1080_225_2-384b5e96e3965871ee17424069098225-1024-1024.png,https://acdn-us.mitiendanube.com/stores/005/775/403/products/copia-de-feed_1080x1080_225_61-22d4dbc6bcfa686c1d17424069098265-1024-1024.png,https://acdn-us.mitiendanube.com/stores/005/775/403/products/copia-de-feed_1080x1080_225_4-6fe3974380b7dc345517424069097521-1024-1024.png,https://acdn-us.mitiendanube.com/stores/005/775/403/products/feed_1080x1080_225_1-356bfccd4c6157cbed17424069302375-1024-1024.png"
https://gerf.com.ar/productos/Zapatillas-Moscu-Mostaza-Unisex-307-151/,307|151|35,307|151,Zapatillas Moscu Mostaza Unisex,254866657,CALZADOH|CalzadodeHombre|Zapatillas|VERTODO|CALZADOM|CalzadosdeMujer|Zapatillas|VERTODO,$81.000,$0,68,3,0,0,0,,$13.568,1,0,0,4,$11.518,2,8,6,7,26,,$5.508.000,https://acdn-us.mitiendanube.com/stores/005/775/403/products/feed_1080x1080_335_3-466b68c54d4249bce817393102412785-1024-1024.webp,"https://acdn-us.mitiendanube.com/stores/005/775/403/products/feed_1080x1080_335_2-91ac8e9d37665a498217393102434609-1024-1024.webp,https://acdn-us.mitiendanube.com/stores/005/775/403/products/feed_1080x1080_335_6-c7305024bbf4e15fe417393102447158-1024-1024.webp,https://acdn-us.mitiendanube.com/stores/005/775/403/products/feed_1080x1080_gerf_1_variante02-c46ee8c539a38eb86817393102460019-1024-1024.png,https://acdn-us.mitiendanube.com/stores/005/775/403/products/feed_1080x1080_gerf_2-82863164dbddb8fddf17393102490142-1024-1024.png,https://acdn-us.mitiendanube.com/stores/005/775/403/products/feed_1080x1080_gerf_3-201e02ae57e1d5264417393102519082-1024-1024.png"
https://gerf.com.ar/productos/Zapatillas-Puck-Beige-801-134/,801|134|35,801|134,Zapatillas Puck Beige,254866585,CALZADOH|CalzadodeHombre|Zapatillas|VERTODO|CALZADOM|CalzadosdeMujer|Zapatillas|VERTODO,$84.200,$58.940,59,2,0,2,0,,$154,0,0,0,4,$3.487,2,5,2,1,14,,$4.967.800,https://acdn-us.mitiendanube.com/stores/005/775/403/products/801-134_1-aa679aca08fa4a853f17393099853384-1024-1024.png,"https://acdn-us.mitiendanube.com/stores/005/775/403/products/801-134_2-f12a6a9c0a27b7662617393099892128-1024-1024.png,https://acdn-us.mitiendanube.com/stores/005/775/403/products/801-134_3-7eb77fcb7bc8d2e0e417393099927906-1024-1024.png,https://acdn-us.mitiendanube.com/stores/005/775/403/products/feed_1080x1080_gerf_1_variante02-5867014cfb462512be17393099952162-1024-1024.png,https://acdn-us.mitiendanube.com/stores/005/775/403/products/feed_1080x1080_gerf_2-69f056d1175515b37e17393099982461-1024-1024.png,https://acdn-us.mitiendanube.com/stores/005/775/403/products/feed_1080x1080_gerf_3-6dd6bc6749b272cba717393100013707-1024-1024.png"
https://gerf.com.ar/productos/Zapatillas-Danubio-Blanco-299-01/,299|01|39,299|01,Zapatillas Danubio Blanco,254865954,Ofertas|LiquidaciondeTemporada|CALZADOH|CalzadodeHombre|Zapatillas|VERTODO,$88.300,$44.150,35,0,2,0,1,,$3.542,1,0,0,4,$3.276,1,2,2,0,8,,$1.545.250,https://acdn-us.mitiendanube.com/stores/005/775/403/products/feed_1080x1080_245_3-8f893d7ec32fb264d417393080910407-1024-1024.png,"https://acdn-us.mitiendanube.com/stores/005/775/403/products/feed_1080x1080_245_4-787b47b4d67e009f5717393080952536-1024-1024.png,https://acdn-us.mitiendanube.com/stores/005/775/403/products/feed_1080x1080_245_2-364935b1199f31094417393080987403-1024-1024.png,https://acdn-us.mitiendanube.com/stores/005/775/403/products/feed_1080x1080_245_1-234c34c66f58e21eaf17393081032475-1024-1024.png"
https://gerf.com.ar/productos/Zapatillas-Lirio-Negro-289-10/,289|10|35,289|10,Zapatillas Lirio Negro,254866481,CALZADOH|CalzadodeHombre|Zapatillas|VERTODO|CALZADOM|CalzadosdeMujer|Zapatillas|VERTODO,$83.700,$0,10,3,0,0,0,,$0,1,0,0,4,$363,9,25,2,9,48,,$837.000,https://acdn-us.mitiendanube.com/stores/005/775/403/products/289-10_1-66737545e8d7f9775217393095371880-1024-1024.jpg,"https://acdn-us.mitiendanube.com/stores/005/775/403/products/289-10_4-9f7b74c4a14002b8ff17393095401326-1024-1024.jpg,https://acdn-us.mitiendanube.com/stores/005/775/403/products/289-10_2-ae01f5beda6ca10a1e17393095427455-1024-1024.jpg,https://acdn-us.mitiendanube.com/stores/005/775/403/products/289-10_3-82d22b0f12fe0b5de917393095453392-1024-1024.jpg,https://acdn-us.mitiendanube.com/stores/005/775/403/products/289-10_5-f1d2497bbb041ce1db17393095481813-1024-1024.jpg,https://acdn-us.mitiendanube.com/stores/005/775/403/products/feed_1080x1080_gerf_1_variante02-0114a19d0db6ddf47217393095501470-1024-1024.png,https://acdn-us.mitiendanube.com/stores/005/775/403/products/feed_1080x1080_gerf_2-9e72dd98e86837b68f17393095531457-1024-1024.png,https://acdn-us.mitiendanube.com/stores/005/775/403/products/feed_1080x1080_gerf_3-944252418dbb1dc36417393095560376-1024-1024.png"
https://gerf.com.ar/productos/zapatillas-pissis-azul/,298|20|25,298|20,Zapatillas Pissis Azul,260733321,Ofertas|LiquidaciondeTemporada|NIÑOS|Niños|Zapatillas,$57.200,$28.600,6,0,1,1,0,,$3.937,2,0,0,4,$4.486,2,2,10,3,19,,$171.600,https://acdn-us.mitiendanube.com/stores/005/775/403/products/feed_1080x1080_253_3-e6f38bac1965e888bd17424106859918-1024-1024.png,"https://acdn-us.mitiendanube.com/stores/005/775/403/products/feed_1080x1080_253_2-7030e56254945d098f17424106861278-1024-1024.png,https://acdn-us.mitiendanube.com/stores/005/775/403/products/feed_1080x1080_253_6-6ad2f73b91169e868617424106860890-1024-1024.png,https://acdn-us.mitiendanube.com/stores/005/775/403/products/feed_1080x1080_253_4-753b6d55f6b791247317424106860602-1024-1024.png,https://acdn-us.mitiendanube.com/stores/005/775/403/products/feed_1080x1080_253_1-3e01837074b736ea5317424106856623-1024-1024.png"
https://gerf.com.ar/productos/Zapatillas-Verona-Lila-425-60/,425|60|35,425|60,Zapatillas Verona Lila,254866232,CALZADOM|CalzadosdeMujer|Zapatillas|VERTODO,$84.900,$0,6,1,0,1,1,,$0,1,0,0,4,$748,0,6,1,3,13,,$509.400,https://acdn-us.mitiendanube.com/stores/005/775/403/products/425-60_1-e259bae6ea2b552ca117393086259264-1024-1024.jpeg,"https://acdn-us.mitiendanube.com/stores/005/775/403/products/425-60_2-afa3084d3fe62f8e4d17393086287199-1024-1024.jpeg,https://acdn-us.mitiendanube.com/stores/005/775/403/products/425-60_3-69c2ec72c60335cc7d17393086317100-1024-1024.jpeg,https://acdn-us.mitiendanube.com/stores/005/775/403/products/425-60_4-6e0477f7a162316fc617393086345849-1024-1024.jpeg"
https://gerf.com.ar/productos/zapatillas-california-2-0-nude/,243|84|35,243|84,Zapatillas California 2.0 Nude,260749963,Ofertas|LiquidaciondeTemporada|CALZADOM|CalzadosdeMujer|Zapatillas,$81.000,$0,6,0,4,0,0,,$0,0,0,0,4,,1,3,9,0,17,,$0,https://acdn-us.mitiendanube.com/stores/005/775/403/products/55-84_1-2734debb8aed6f4bfa17424144663209-1024-1024.jpg,
https://gerf.com.ar/productos/Zapatillas-Lirio-Beige-289-134/,289|134|35,289|134,Zapatillas Lirio Beige,254866489,CALZADOH|CalzadodeHombre|Zapatillas|VERTODO|CALZADOM|CalzadosdeMujer|Zapatillas|VERTODO,$83.700,$0,5,3,1,0,0,,$0,0,0,0,4,,3,17,5,8,37,,$418.500,https://acdn-us.mitiendanube.com/stores/005/775/403/products/289-134_1-e6b74491a62f006ef717393095890682-1024-1024.jpg,"https://acdn-us.mitiendanube.com/stores/005/775/403/products/289-134_2-d89c8e627faf3cca9617393095924352-1024-1024.jpg,https://acdn-us.mitiendanube.com/stores/005/775/403/products/289-134_3-1533efe134c3e446c117393095957786-1024-1024.jpg,https://acdn-us.mitiendanube.com/stores/005/775/403/products/feed_1080x1080_gerf_1_variante02-b4e0637097af4e106517393095977306-1024-1024.png,https://acdn-us.mitiendanube.com/stores/005/775/403/products/feed_1080x1080_gerf_2-4b6108f1782772463617393096008030-1024-1024.png,https://acdn-us.mitiendanube.com/stores/005/775/403/products/feed_1080x1080_gerf_3-a076833d9466ec47a217393096037555-1024-1024.png"
https://gerf.com.ar/productos/Zapatillas-Mirror-Blanco-Unisex-24-01/,24|01|35,24|01,Zapatillas Mirror Blanco Unisex,254863215,Ofertas|CALZADOH|CalzadodeHombre,$58.600,$29.300,1,0,2,1,1,,$0,0,0,0,4,$1.661,1,1,1,0,7,,$29.300,https://acdn-us.mitiendanube.com/stores/005/775/403/products/24-01_2-f323180daba8eedbd017393062951310-1024-1024.jpg,"https://acdn-us.mitiendanube.com/stores/005/775/403/products/24-01_3-9597f2094ad418974217393063000104-1024-1024.jpg,https://acdn-us.mitiendanube.com/stores/005/775/403/products/24-01_4-cdf7b4dd3ae1ab1ad017393063032607-1024-1024.jpg,https://acdn-us.mitiendanube.com/stores/005/775/403/products/24-01_5-6a96c616f87d9ebb5617393063061413-1024-1024.jpg"
https://gerf.com.ar/productos/zapatillas-tucma-2-0-verde-agua-beige/,214|136|35,214|136,Zapatillas Tucma 2.0 Verde agua/Beige,260624532,CALZADOH|CalzadodeHombre|Zapatillas|VERTODO|CALZADOM|CalzadosdeMujer|Zapatillas|VERTODO,$58.300,$0,0,0,2,0,2,,$0,0,0,0,4,$5.738,0,0,0,0,4,,$0,https://acdn-us.mitiendanube.com/stores/005/775/403/products/whatsapp-image-2023-10-03-at-18-28-58-11-0b4a39acedeea6a37317423765170783-1024-1024.jpeg,
https://gerf.com.ar/productos/Zapatillas-Chalten-Amarillo-Y-Lila-297-185/,297|185|35,297|185,Zapatillas Chalten Amarillo Y Lila,254866208,Ofertas|LiquidaciondeTemporada|CALZADOM|CalzadosdeMujer|Zapatillas|VERTODO,$79.400,$39.700,0,0,3,0,1,,$0,0,0,0,4,$62,1,0,5,0,10,,$0,https://acdn-us.mitiendanube.com/stores/005/775/403/products/297-185_1-1c269cb089154843e117393085804706-1024-1024.jpeg,"https://acdn-us.mitiendanube.com/stores/005/775/403/products/297-185_2-9c2ee4021fe229984617393085837781-1024-1024.jpeg,https://acdn-us.mitiendanube.com/stores/005/775/403/products/297-185_3-8744179736ea5b56d117393085866902-1024-1024.jpeg,https://acdn-us.mitiendanube.com/stores/005/775/403/products/297-185_4-e159b01bf9cc21810517393085897176-1024-1024.jpeg,https://acdn-us.mitiendanube.com/stores/005/775/403/products/297-185_5-7520215fa05c66b08c17393085926183-1024-1024.jpeg"
https://gerf.com.ar/productos/Zapatillas-California-Nude-55-84/,55|84|35,55|84,Zapatillas California Nude,254864088,Ofertas|LiquidaciondeTemporada|CALZADOM|CalzadosdeMujer|Zapatillas,$81.000,$40.500,1,2,0,0,1,,$0,0,0,2,3,$65,0,0,0,0,3,,$40.500,https://acdn-us.mitiendanube.com/stores/005/775/403/products/55-84_1-9a4fab6df9cbc72b2f17393070519174-1024-1024.jpg,
https://gerf.com.ar/productos/Zapatillas-Chalten-Gris-Y-Rosa-297-188/,297|188|35,297|188,Zapatillas Chalten Gris Y Rosa,254866064,Ofertas|LiquidaciondeTemporada|CALZADOM|CalzadosdeMujer|Zapatillas|VERTODO,$79.400,$0,125,0,0,1,2,,$0,0,0,1,3,$7.590,2,4,1,3,13,,$9.925.000,https://acdn-us.mitiendanube.com/stores/005/775/403/products/feed_1080x1080_256_3-ff471095758d736cc317393082710996-1024-1024.png,"https://acdn-us.mitiendanube.com/stores/005/775/403/products/feed_1080x1080_256_6-97378e969f497119db17393082758106-1024-1024.png,https://acdn-us.mitiendanube.com/stores/005/775/403/products/feed_1080x1080_256_4-f72897f56087f8821417393082805625-1024-1024.png,https://acdn-us.mitiendanube.com/stores/005/775/403/products/feed_1080x1080_256_2-c1847d6c60b54fe5c517393082852466-1024-1024.png,https://acdn-us.mitiendanube.com/stores/005/775/403/products/feed_1080x1080_256_1-8ac77867493efb459017393082900217-1024-1024.png"
https://gerf.com.ar/productos/zapatillas-dione-jrs-2-0-gris-negro/,48|56|25,48|56,Zapatillas Dione Jrs 2.0 Gris/Negro,260651021,NIÑOS|Niños|Zapatillas,$72.900,$0,89,0,1,1,0,,$9.394,1,0,1,3,$190,5,20,16,9,52,,$6.488.100,https://acdn-us.mitiendanube.com/stores/005/775/403/products/48-56_1-245031be19eabd6dc917423914429996-1024-1024.png,"https://acdn-us.mitiendanube.com/stores/005/775/403/products/48-56_2-3fa1bda4b44597c92417423914432019-1024-1024.png,https://acdn-us.mitiendanube.com/stores/005/775/403/products/48-56_3-0fdf01e5a1863635f617423914432687-1024-1024.png"
https://gerf.com.ar/productos/medias-gerf-cana-alta-voley-con-ventola-negro/,7415|10|M,7415|10,Medias Gerf Caña Alta Voley con Ventola Negro,259284897,IndumentariayAccesorios|Indumentaria|Medias,$6.700,$0,47,0,0,0,3,,$0,0,0,1,3,,0,0,0,0,3,,$314.900,https://acdn-us.mitiendanube.com/stores/005/775/403/products/feed_1080x1080_medias_11-4b99e44c3e360a4ce717417017063582-1024-1024.png,
https://gerf.com.ar/productos/Zapatillas-Danubio-Negro-299-10/,299|10|39,299|10,Zapatillas Danubio Negro,254865962,Ofertas|LiquidaciondeTemporada|CALZADOH|CalzadodeHombre|Zapatillas|VERTODO,$88.300,$44.150,32,0,1,1,0,,$443,1,0,1,3,$1.848,0,1,2,3,8,,$1.412.800,https://acdn-us.mitiendanube.com/stores/005/775/403/products/feed_1080x1080_255_3-1b296c13dcc71bac6317393081074513-1024-1024.png,"https://acdn-us.mitiendanube.com/stores/005/775/403/products/feed_1080x1080_255_6-e46e6439e42cc248c317393081119862-1024-1024.png,https://acdn-us.mitiendanube.com/stores/005/775/403/products/feed_1080x1080_255_4-248bffbcfd4e4552b317393081159946-1024-1024.png,https://acdn-us.mitiendanube.com/stores/005/775/403/products/feed_1080x1080_255_2-c28222b569f16a90e617393081197387-1024-1024.png,https://acdn-us.mitiendanube.com/stores/005/775/403/products/feed_1080x1080_255_1-072fa87c49574fd75b17393081239060-1024-1024.png"
https://gerf.com.ar/productos/zapatillas-pissis-verde/,298|30|25,298|30,Zapatillas Pissis Verde,260727201,Ofertas|LiquidaciondeTemporada|NIÑOS|Niños|Zapatillas,$57.200,$28.600,6,0,2,0,0,,$8.946,1,0,1,3,$3.846,0,1,7,1,11,,$171.600,https://acdn-us.mitiendanube.com/stores/005/775/403/products/feed_1080x1080_260_3-adf793a03e26d865da17424091437911-1024-1024.png,"https://acdn-us.mitiendanube.com/stores/005/775/403/products/feed_1080x1080_260_2-881ce5e02bd27d0bd017424091442467-1024-1024.png,https://acdn-us.mitiendanube.com/stores/005/775/403/products/feed_1080x1080_260_6-aa63da07f36bbc3f9e17424091441434-1024-1024.png,https://acdn-us.mitiendanube.com/stores/005/775/403/products/feed_1080x1080_260_4-3647cc4b88091ec26117424091441752-1024-1024.png,https://acdn-us.mitiendanube.com/stores/005/775/403/products/feed_1080x1080_260_1-345b02447d4a54f9f217424091437968-1024-1024.png"
https://gerf.com.ar/productos/zapatillas-dione-jrs-2-0-azul-rojo/,48|24|25,48|24,Zapatillas Dione Jrs 2.0 Azul/Rojo,260669460,Ofertas|LiquidaciondeTemporada|NIÑOS|Niños|Zapatillas,$72.900,$43.740,5,0,1,0,1,,$3.265,1,0,1,3,$2.485,0,1,2,0,5,,$218.700,https://acdn-us.mitiendanube.com/stores/005/775/403/products/feed_1080x1080_193_3-2b40db97d1460b2b2a17423960723230-1024-1024.png,
https://gerf.com.ar/productos/Zapatillas-Venturi-Gris-Falcon-Unisex-37-173/,37|173|35,37|173,Zapatillas Venturi Gris Falcon Unisex,254863763,Ofertas|LiquidaciondeTemporada|CALZADOH|CalzadodeHombre,$85.300,$42.650,4,0,0,0,1,,$9.362,2,0,1,3,$2.266,0,1,5,0,7,,$170.600,https://acdn-us.mitiendanube.com/stores/005/775/403/products/37-173_1-7fc269d3f0ba581e8817393068090340-1024-1024.jpg,
https://gerf.com.ar/productos/Zapatillas-Nix-024-Blanco-Unisex-253-01/,253|01|36,253|01,Zapatillas Nix 024 Blanco Unisex,254866401,CALZADOH|CalzadodeHombre|Zapatillas|VERTODO|CALZADOM|CalzadosdeMujer|Zapatillas|VERTODO,$68.500,$0,4,0,3,0,0,,$0,0,0,1,3,,4,6,6,3,22,,$274.000,https://acdn-us.mitiendanube.com/stores/005/775/403/products/whatsapp-image-2023-11-24-at-10-25-56-7c387bcc2f9f9f674817393092782758-1024-1024.jpeg,"https://acdn-us.mitiendanube.com/stores/005/775/403/products/79-01_2-1-1dd7de5309b3fd4e0817393092810913-1024-1024.jpg,https://acdn-us.mitiendanube.com/stores/005/775/403/products/79-01_3-1-47de154db7d2545ea117393092838193-1024-1024.jpg,https://acdn-us.mitiendanube.com/stores/005/775/403/products/79-01_04-d2285d532433671c7817393092869209-1024-1024.jpg,https://acdn-us.mitiendanube.com/stores/005/775/403/products/79-01_5-1-0df40a7f0db7bb822617393092900473-1024-1024.jpg,https://acdn-us.mitiendanube.com/stores/005/775/403/products/nix2-0-74-scaled-b20b353d5f51635ad317393092938981-1024-1024.jpg,https://acdn-us.mitiendanube.com/stores/005/775/403/products/nix2-0-80-scaled-fef255b43dc02549e817393092985470-1024-1024.jpg,https://acdn-us.mitiendanube.com/stores/005/775/403/products/nix20-20-scaled-78119c489473efbe0817393093027660-1024-1024.jpg"
https://gerf.com.ar/productos/zapatillas-noa-blanco/,309|01|25,309|01,Zapatillas Noa Blanco,263260923,NIÑOS|Niños|Zapatillas,$73.000,$0,127,0,0,2,0,#N/A,$25.144,1,0,0,3,$272,0,0,1,12,15,,$9.271.000,https://acdn-us.mitiendanube.com/stores/005/775/403/products/feed_1080x1080_352_3-f360a0b82cd6d0fca617436857455297-1024-1024.png,"https://acdn-us.mitiendanube.com/stores/005/775/403/products/feed_1080x1080_352_2-15d077d441035bc24517436857452000-1024-1024.png,https://acdn-us.mitiendanube.com/stores/005/775/403/products/feed_1080x1080_352_6-d650e6eaf426f6e1cc17436857452448-1024-1024.png"
https://gerf.com.ar/productos/zapatillas-noa-blanco-azul/,309|02|25,309|02,Zapatillas Noa Blanco/Azul,263267395,NIÑOS|Niños|Zapatillas,$73.000,$0,108,0,0,0,0,,$7.339,3,0,0,3,$605,0,0,1,7,8,,$7.884.000,https://acdn-us.mitiendanube.com/stores/005/775/403/products/feed_1080x1080_354_3-4904d110e1bba9e39117436872316014-1024-1024.png,"https://acdn-us.mitiendanube.com/stores/005/775/403/products/feed_1080x1080_354_2-2fc8cb9370e850f41517436872311013-1024-1024.png,https://acdn-us.mitiendanube.com/stores/005/775/403/products/feed_1080x1080_354_6-931f06485ef677066d17436872313079-1024-1024.png"
https://gerf.com.ar/productos/Ojotas-Lyon-Naranja-306-120/,306|120|39-0,306|120,Ojotas Lyon Naranja,254866556,Ofertas|LiquidaciondeTemporada|CALZADOH|CalzadodeHombre|Ojotas|VERTODO,$19.900,$13.930,104,2,0,1,0,,$11.469,0,0,0,3,$9.765,11,9,9,1,33,,$1.448.720,https://acdn-us.mitiendanube.com/stores/005/775/403/products/306-120_1-eca5e267671e4cba3617393098682210-1024-1024.png,"https://acdn-us.mitiendanube.com/stores/005/775/403/products/306-120_2-fe41fb24f754043a2517393098715452-1024-1024.png,https://acdn-us.mitiendanube.com/stores/005/775/403/products/306-120_3-e9bc1603a7bd7c53f917393098750518-1024-1024.png,https://acdn-us.mitiendanube.com/stores/005/775/403/products/306-120_4-b2cea57a2591e4ab0417393098787322-1024-1024.png,https://acdn-us.mitiendanube.com/stores/005/775/403/products/306-120_5-22de8737a1c477fed817393098832577-1024-1024.png"
https://gerf.com.ar/productos/zapatillas-noa-negro/,309|10|25,309|10,Zapatillas Noa Negro,263263147,NIÑOS|Niños|Zapatillas,$73.000,$0,87,0,0,0,0,#N/A,$7.482,3,0,0,3,$770,0,0,5,20,25,,$6.351.000,https://acdn-us.mitiendanube.com/stores/005/775/403/products/feed_1080x1080_355_3-f7283555cf95cef20317436869258984-1024-1024.png,"https://acdn-us.mitiendanube.com/stores/005/775/403/products/feed_1080x1080_355_2-f1e3afce61fe482ef217436869256534-1024-1024.png,https://acdn-us.mitiendanube.com/stores/005/775/403/products/feed_1080x1080_355_6-64c05c85b2f3419ed817436869256689-1024-1024.png"
https://gerf.com.ar/productos/Ojotas-Lyon-Rosa-306-80/,306|80|39-0,306|80,Ojotas Lyon Rosa,254866569,Ofertas|LiquidaciondeTemporada|CALZADOM|CalzadosdeMujer|Ojotas|VERTODO,$19.900,$13.930,77,2,0,0,1,,$3.054,0,0,0,3,$6.166,8,3,6,1,21,,$1.072.610,https://acdn-us.mitiendanube.com/stores/005/775/403/products/306-80_1-8df2c2d0d1489898a117393099403618-1024-1024.png,"https://acdn-us.mitiendanube.com/stores/005/775/403/products/306-80_2-0ae8b0dce75b67f69417393099438877-1024-1024.png,https://acdn-us.mitiendanube.com/stores/005/775/403/products/306-80_3-fb098c9bb2370bee2217393099474722-1024-1024.png,https://acdn-us.mitiendanube.com/stores/005/775/403/products/306-80_4-17959aaab79ee18bc817393099515658-1024-1024.png,https://acdn-us.mitiendanube.com/stores/005/775/403/products/306-80_5-f3b8cffbd05c80cdd317393099553449-1024-1024.png"
https://gerf.com.ar/productos/Zapatillas-Luma-Rosa-Unisex-249-80/,249|80|35,249|80,Zapatillas Luma Rosa Unisex,254866370,Ofertas|LiquidaciondeTemporada|CALZADOM|CalzadosdeMujer|Zapatillas|VERTODO,$74.300,$37.150,62,0,1,1,1,,$2.842,0,0,0,3,$5.622,1,1,2,0,7,,$2.303.300,https://acdn-us.mitiendanube.com/stores/005/775/403/products/249-80_1-8999962a7cb4ec5e3617393091373907-1024-1024.png,"https://acdn-us.mitiendanube.com/stores/005/775/403/products/249-80_2-86fb49a843d354c05917393091404009-1024-1024.png,https://acdn-us.mitiendanube.com/stores/005/775/403/products/249-80_3-80ffc316a5978ce6e717393091436858-1024-1024.png,https://acdn-us.mitiendanube.com/stores/005/775/403/products/249-80_4-f6313801669c59fea817393091474298-1024-1024.png,https://acdn-us.mitiendanube.com/stores/005/775/403/products/249-80_5-fc902b845e5233f9f117393091507506-1024-1024.png"
https://gerf.com.ar/productos/zapatillas-fortex-velcro-blanco-azul/,320|02|25,320|02,Zapatillas Fortex Velcro Blanco/Azul,266787822,NIÑOS|Niños|Zapatillas,$64.800,$0,52,0,0,0,1,,$9.012,2,0,0,3,,0,0,0,1,2,,$3.369.600,https://acdn-us.mitiendanube.com/stores/005/775/403/products/feed_1080x1080_360_3-5027cc86a93d19bb3717454869994959-1024-1024.png,"https://acdn-us.mitiendanube.com/stores/005/775/403/products/feed_1080x1080_360_2-aa12a03997b2ea918b17454869998137-1024-1024.png,https://acdn-us.mitiendanube.com/stores/005/775/403/products/feed_1080x1080_360_6-b133ed38fd6cad0d1317454869999793-1024-1024.png"
https://gerf.com.ar/productos/zapatillas-fortex-blanco-gris/,310|07|25,310|07,Zapatillas Fortex Blanco/Gris,266638198,NIÑOS|Niños|Zapatillas,$59.500,$0,32,0,0,0,0,,$2.503,3,0,0,3,,0,0,0,9,9,,$1.904.000,https://acdn-us.mitiendanube.com/stores/005/775/403/products/feed_1080x1080_357_3-3ad818016b53cee15b17454276108603-1024-1024.png,"https://acdn-us.mitiendanube.com/stores/005/775/403/products/feed_1080x1080_357_2-090e3b7e90e9e3592a17454276110418-1024-1024.png,https://acdn-us.mitiendanube.com/stores/005/775/403/products/feed_1080x1080_357_6-cea07eec54f3e5358917454276112613-1024-1024.png"
https://gerf.com.ar/productos/Ojotas-Summer-Naranja-1010-120/,1010|120|35,1010|120,Ojotas Summer Naranja,254863073,Ofertas|LiquidaciondeTemporada|CALZADOM|CalzadosdeMujer|Ojotas|VERTODO,$34.800,$17.400,9,0,1,0,2,,$5.612,0,0,0,3,$1.299,1,4,1,0,9,,$156.600,https://acdn-us.mitiendanube.com/stores/005/775/403/products/1010-120_1-3f12b4b7db0847d0fb17393061900794-1024-1024.jpg,"https://acdn-us.mitiendanube.com/stores/005/775/403/products/1010-120_2-91b5131a809d36978b17393061927093-1024-1024.jpg,https://acdn-us.mitiendanube.com/stores/005/775/403/products/1010-120_3-1f0537a5a3d95284d317393061955109-1024-1024.jpg,https://acdn-us.mitiendanube.com/stores/005/775/403/products/1010-120_4-4d2a64c1dcc207116b17393061985271-1024-1024.jpg"
https://gerf.com.ar/productos/Zapatillas-Pissis-Negro-298-10/,298|10|25,298|10,Zapatillas Pissis Negro,254866084,NIÑOS|Niños,$57.200,$28.600,7,0,1,0,0,,$502,2,0,0,3,$4.760,0,7,16,4,28,,$200.200,https://acdn-us.mitiendanube.com/stores/005/775/403/products/feed_1080x1080_258_3-5f57f1f924e9e6c76b17393083153018-1024-1024.png,"https://acdn-us.mitiendanube.com/stores/005/775/403/products/feed_1080x1080_258_6-881f4aad37c89e1cc017393083197181-1024-1024.png,https://acdn-us.mitiendanube.com/stores/005/775/403/products/feed_1080x1080_258_4-67cee4520c912add3217393083235442-1024-1024.png,https://acdn-us.mitiendanube.com/stores/005/775/403/products/feed_1080x1080_258_2-97f4325c256d7ab04817393083283323-1024-1024.png,https://acdn-us.mitiendanube.com/stores/005/775/403/products/feed_1080x1080_258_1-b4344f06b7d6a31b7617393083320372-1024-1024.png"
https://gerf.com.ar/productos/Zapatillas-Pissis-Azul-298-20/,298|20|25,298|20,Zapatillas Pissis Azul,254866118,NIÑOS|Niños,$57.200,$28.600,6,0,1,0,0,,$3.937,2,0,0,3,$4.486,2,2,10,3,18,,$171.600,https://acdn-us.mitiendanube.com/stores/005/775/403/products/feed_1080x1080_253_3-8e15283c7f9b8f67c917393083792512-1024-1024.png,"https://acdn-us.mitiendanube.com/stores/005/775/403/products/feed_1080x1080_253_4-07010c66201f40803d17393083833022-1024-1024.png,https://acdn-us.mitiendanube.com/stores/005/775/403/products/feed_1080x1080_253_1-ef63e7f30855b5f7bf17393083877789-1024-1024.png,https://acdn-us.mitiendanube.com/stores/005/775/403/products/feed_1080x1080_253_2-4db2290a06f446879117393083914287-1024-1024.png,https://acdn-us.mitiendanube.com/stores/005/775/403/products/feed_1080x1080_253_6-811e60a4b300c6cf7617393083953708-1024-1024.png"
https://gerf.com.ar/productos/zapatillas-huira-narvi/,881|44|25,881|44,Zapatillas Huira Narvi,260783739,Ofertas|LiquidaciondeTemporada|FINDETEMPORADA|NIÑOS|Niños|Zapatillas,$68.500,$34.250,5,0,1,0,2,,$0,0,0,0,3,$1.665,1,2,1,1,8,,$171.250,https://acdn-us.mitiendanube.com/stores/005/775/403/products/feed_1080x1080_68_3-827c93c2172badd2cd17424253369817-1024-1024.png,
https://gerf.com.ar/productos/Zapatillas-Dione-Arcoiris-Celeste-89-130/,89|130|35,89|130,Zapatillas Dione Arcoiris Celeste,254865414,CALZADOM|CalzadosdeMujer|Zapatillas|VERTODO,$81.200,$0,4,3,0,0,0,,$0,0,0,0,3,,0,0,0,0,3,,$324.800,https://acdn-us.mitiendanube.com/stores/005/775/403/products/89-130_1-6c80e54b0f85cd1a7a17393076316986-1024-1024.jpg,"https://acdn-us.mitiendanube.com/stores/005/775/403/products/89-130_2-3659bae0e95ec83b7c17393076351320-1024-1024.jpg,https://acdn-us.mitiendanube.com/stores/005/775/403/products/89-130_3-174ea6637634480f8c17393076378154-1024-1024.jpg,https://acdn-us.mitiendanube.com/stores/005/775/403/products/89-130_4-399bc51d701b4a198917393076411258-1024-1024.jpg,https://acdn-us.mitiendanube.com/stores/005/775/403/products/89-130_5-aca5301e1fe938244b17393076443337-1024-1024.jpg"
https://gerf.com.ar/productos/Zapatillas-California-Terracota-55-149/,55|149|35,55|149,Zapatillas California Terracota,254864068,Ofertas|LiquidaciondeTemporada|CALZADOH|CalzadodeHombre,$81.000,$40.500,0,0,1,0,1,,$0,1,0,0,3,$2.601,1,1,2,1,7,,$0,https://acdn-us.mitiendanube.com/stores/005/775/403/products/55-149_1-f94557c119af53359a17393070224496-1024-1024.jpg,"https://acdn-us.mitiendanube.com/stores/005/775/403/products/55-149_2-cc9353e7cc1bcb905f17393070250560-1024-1024.jpg,https://acdn-us.mitiendanube.com/stores/005/775/403/products/55-149_3-6c0d21cf15f827069717393070279951-1024-1024.jpg,https://acdn-us.mitiendanube.com/stores/005/775/403/products/55-149_4-5cbea524245925363917393070312427-1024-1024.jpg,https://acdn-us.mitiendanube.com/stores/005/775/403/products/55-149_5-49e400e4a00b58ebb517393070343942-1024-1024.jpg"
https://gerf.com.ar/productos/Zapatillas-Dione-Arcoiris-Verde-89-30/,89|30|35,89|30,Zapatillas Dione Arcoiris Verde,254865441,CALZADOM|CalzadosdeMujer|Zapatillas|VERTODO,$81.200,$56.840,0,0,0,0,3,,$0,0,0,0,3,,0,0,0,0,3,,$0,https://acdn-us.mitiendanube.com/stores/005/775/403/products/89-30_1-341bda682bc4326e5217393076663354-1024-1024.jpg,"https://acdn-us.mitiendanube.com/stores/005/775/403/products/89-30_2-1f661e7ffb36166cc417393076697864-1024-1024.jpg,https://acdn-us.mitiendanube.com/stores/005/775/403/products/89-30_3-64f9d8fc8974a5da0217393076729823-1024-1024.jpg,https://acdn-us.mitiendanube.com/stores/005/775/403/products/89-30_4-36349f6857ff2a6c3d17393076761817-1024-1024.jpg,https://acdn-us.mitiendanube.com/stores/005/775/403/products/89-30_5-1e66572b063e93dc3617393076790629-1024-1024.jpg"
https://gerf.com.ar/productos/Zapatos-Pampa-Negro-94-10/,94|10|38,94|10,Zapatos Pampa Negro,254865652,Ofertas|CALZADOH|CalzadodeHombre,$69.400,$0,0,0,0,0,3,,$0,0,0,0,3,$470,0,0,0,0,3,,$0,https://acdn-us.mitiendanube.com/stores/005/775/403/products/94-10_1-2950e3d9f3e2266afe17393077489550-1024-1024.jpg,"https://acdn-us.mitiendanube.com/stores/005/775/403/products/94-10_2-f1e71f2372aa505e3317393077518712-1024-1024.jpg,https://acdn-us.mitiendanube.com/stores/005/775/403/products/94-10_3-011acda97cc786827417393077548117-1024-1024.jpg,https://acdn-us.mitiendanube.com/stores/005/775/403/products/94-10_4-2fe6d1f2c5eed296fd17393077571356-1024-1024.jpg,https://acdn-us.mitiendanube.com/stores/005/775/403/products/94-10_5-b642f9f348f225553c17393077599523-1024-1024.jpg,https://acdn-us.mitiendanube.com/stores/005/775/403/products/94-10_6-551cfe0643743fb96b17393077623256-1024-1024.jpg"
https://gerf.com.ar/productos/Zapatillas-Habana-Pastel-241-143/,241|143|35,241|143,Zapatillas Habana Pastel,254863319,CALZADOH|CalzadodeHombre|Zapatillas|VERTODO|CALZADOM|CalzadosdeMujer|Zapatillas|VERTODO,$66.100,$0,0,2,0,0,1,,$0,0,0,0,3,,0,0,0,0,3,,$0,https://acdn-us.mitiendanube.com/stores/005/775/403/products/241-143_1-bffe6555e24f14829d17393063846620-1024-1024.jpg,
https://gerf.com.ar/productos/Zapatillas-Danubio-Verde-y-Negro-299-39/,299|39|39,299|39,Zapatillas Danubio Verde y Negro,254865970,Ofertas|LiquidaciondeTemporada|CALZADOH|CalzadodeHombre|Zapatillas|VERTODO,$88.300,$44.150,56,0,0,0,1,,$5.662,1,0,3,2,$2.100,0,0,2,1,4,,$2.472.400,https://acdn-us.mitiendanube.com/stores/005/775/403/products/299_39-1-7cfb5589082dbce46617393081272787-1024-1024.jpg,
https://gerf.com.ar/productos/Zapatillas-Atenas-Gris-Y-Rosa-304-188/,304|188|35,304|188,Zapatillas Atenas Gris Y Rosa,254866530,CALZADOM|CalzadosdeMujer|Zapatillas|VERTODO,$67.200,$0,1,0,0,0,0,,$0,2,0,2,2,$254,3,12,6,10,31,,$67.200,https://acdn-us.mitiendanube.com/stores/005/775/403/products/304-188_1-b3063c259dcf3e1db317393097635088-1024-1024.png,"https://acdn-us.mitiendanube.com/stores/005/775/403/products/304-188_2-1a7b96565b24cd853617393097672076-1024-1024.png,https://acdn-us.mitiendanube.com/stores/005/775/403/products/304-188_3-2876cf23e05823f0f117393097711768-1024-1024.png,https://acdn-us.mitiendanube.com/stores/005/775/403/products/feed_1080x1080_gerf_1_variante02-48d06c1b931d89ce3e17393097734347-1024-1024.png,https://acdn-us.mitiendanube.com/stores/005/775/403/products/feed_1080x1080_gerf_2-24e5ce0b2702d73c0717393097762813-1024-1024.png,https://acdn-us.mitiendanube.com/stores/005/775/403/products/feed_1080x1080_gerf_3-873690314b5599046817393097792553-1024-1024.png"
https://gerf.com.ar/productos/Ojotas-Doha-Negro-Y-Blanco-296-11/,296|11|34-5,296|11,Ojotas Doha Negro Y Blanco,254866035,CALZADOH|CalzadodeHombre|Ojotas|VERTODO|CALZADOM|CalzadosdeMujer|Ojotas|VERTODO,$22.900,$0,84,1,0,0,0,,$12.327,1,0,1,2,,35,33,9,1,79,,$1.923.600,https://acdn-us.mitiendanube.com/stores/005/775/403/products/296_11-1-ba83056018231805b417393081934153-1024-1024.jpg,"https://acdn-us.mitiendanube.com/stores/005/775/403/products/296_11-2-887fe49610b753399e17393081959758-1024-1024.jpg,https://acdn-us.mitiendanube.com/stores/005/775/403/products/296_11-5-693c6ef571f342715517393081990651-1024-1024.jpg,https://acdn-us.mitiendanube.com/stores/005/775/403/products/296_11-4-09d1365c1eb7545e6717393082020805-1024-1024.jpg,https://acdn-us.mitiendanube.com/stores/005/775/403/products/296_11-3-20e46a70e7d1c0d50a17393082048423-1024-1024.jpg,https://acdn-us.mitiendanube.com/stores/005/775/403/products/feed_1080x1080_gerf_1_variante02-dc4b109fadcc41c69a17393082079421-1024-1024.png,https://acdn-us.mitiendanube.com/stores/005/775/403/products/feed_1080x1080_gerf_2-4ea05a7361647c340f17393082128709-1024-1024.png,https://acdn-us.mitiendanube.com/stores/005/775/403/products/feed_1080x1080_gerf_3-9c8cd35d3a4b8098ce17393082166133-1024-1024.png"
https://gerf.com.ar/productos/Zapatillas-Nogal-O24-Negro-Y-Gris-256-13/,256|13|40,256|13,Zapatillas Nogal O24 Negro Y Gris,254866453,Ofertas|LiquidaciondeTemporada|CALZADOH|CalzadodeHombre|Zapatillas|VERTODO,$79.000,$39.500,42,1,0,0,1,,$2.350,0,1,1,2,$3.923,0,2,4,0,8,,$1.659.000,https://acdn-us.mitiendanube.com/stores/005/775/403/products/256-13_1-696e9cad62b6b3771e17393094117229-1024-1024.jpg,"https://acdn-us.mitiendanube.com/stores/005/775/403/products/256-13_2-8a43f7f9e4489f541817393094144580-1024-1024.jpg,https://acdn-us.mitiendanube.com/stores/005/775/403/products/256-13_3-fd87eff058b2a1334717393094176807-1024-1024.jpg,https://acdn-us.mitiendanube.com/stores/005/775/403/products/256-13_4-00acce56aa60d8c83d17393094209422-1024-1024.jpg,https://acdn-us.mitiendanube.com/stores/005/775/403/products/256-13_5-7c9001dcf29156639617393094243524-1024-1024.jpg,https://acdn-us.mitiendanube.com/stores/005/775/403/products/feed_1080x1080_gerf_1_variante02-36a8e97187a85ed84617393094265019-1024-1024.png,https://acdn-us.mitiendanube.com/stores/005/775/403/products/feed_1080x1080_gerf_2-68c9272294e6012e2717393094298332-1024-1024.png,https://acdn-us.mitiendanube.com/stores/005/775/403/products/feed_1080x1080_gerf_3-6392612666121cd5c717393094329948-1024-1024.png"
https://gerf.com.ar/productos/zapatillas-paris-lila-blanco/,222|61|28,222|61,Zapatillas Paris Lila/Blanco,260629112,Ofertas|LiquidaciondeTemporada|NIÑOS|Niños|Zapatillas,$58.000,$29.000,6,0,0,0,1,,$4.513,1,0,1,2,$1.341,0,2,1,3,7,,$174.000,https://acdn-us.mitiendanube.com/stores/005/775/403/products/feed_1080x1080_188_3-98125cce2d223946fc17423826450240-1024-1024.png,
https://gerf.com.ar/productos/zapatillas-huira-tucma/,88|44|35,88|44,Zapatillas Huira Tucma,260771396,Ofertas|LiquidaciondeTemporada|CALZADOH|CalzadodeHombre|Zapatillas|VERTODO|CALZADOM|CalzadosdeMujer|Zapatillas|VERTODO,$63.000,$31.500,3,0,1,0,1,,$0,0,0,1,2,$1.161,2,2,1,1,8,,$94.500,https://acdn-us.mitiendanube.com/stores/005/775/403/products/feed_1080x1080_66_3-c52da1427b1b9d6bce17424207124242-1024-1024.png,"https://acdn-us.mitiendanube.com/stores/005/775/403/products/feed_1080x1080_66_2-6119c349f989cc384017424207124563-1024-1024.png,https://acdn-us.mitiendanube.com/stores/005/775/403/products/feed_1080x1080_66_6-3775712b34754eefe017424207124981-1024-1024.png,https://acdn-us.mitiendanube.com/stores/005/775/403/products/feed_1080x1080_66_4-30ee90f95ce7e7bd5217424207130319-1024-1024.png,https://acdn-us.mitiendanube.com/stores/005/775/403/products/feed_1080x1080_66_1-d02d10de2e760aca1a17424207121795-1024-1024.png"
https://gerf.com.ar/productos/Ojotas-Lyon-Beige-306-134/,306|134|39-0,306|134,Ojotas Lyon Beige,254866563,CALZADOH|CalzadodeHombre|Ojotas|VERTODO,$19.900,$0,133,2,0,0,0,#N/A,$5.397,0,0,0,2,$14.894,11,11,4,0,28,,$2.646.700,https://acdn-us.mitiendanube.com/stores/005/775/403/products/306-134_1-32c849ccf4e95c7ea417393098868580-1024-1024.png,"https://acdn-us.mitiendanube.com/stores/005/775/403/products/306-134_2-a5dc90c120e6b9942017393098898014-1024-1024.png,https://acdn-us.mitiendanube.com/stores/005/775/403/products/306-134_3-91155721984ae9380e17393098928347-1024-1024.png,https://acdn-us.mitiendanube.com/stores/005/775/403/products/306-134_4-df32a4e266888df07c17393098961945-1024-1024.png,https://acdn-us.mitiendanube.com/stores/005/775/403/products/306-134_5-30a2df5d17c6b5d7ed17393099000277-1024-1024.png"
https://gerf.com.ar/productos/zapatillas-dione-jrs-2-0-beige-negro/,48|127|25,48|127,Zapatillas Dione Jrs 2.0 Beige/Negro,260652450,NIÑOS|Niños|Zapatillas,$72.900,$0,103,0,0,1,0,,$13.630,1,0,0,2,$1.125,3,13,12,8,37,,$7.508.700,https://acdn-us.mitiendanube.com/stores/005/775/403/products/48-127_1-9b8748c14a72088d8b17423915839268-1024-1024.png,"https://acdn-us.mitiendanube.com/stores/005/775/403/products/48-127_2-37ea5b9fca526b7a2317423915834378-1024-1024.png,https://acdn-us.mitiendanube.com/stores/005/775/403/products/48-127_3-aa1802e4f8f1b5ff0d17423915833379-1024-1024.png"
https://gerf.com.ar/productos/zapatillas-dione-jrs-2-0-blanco-negro/,48|05|25,48|05,Zapatillas Dione Jrs 2.0 Blanco/Negro,260653141,NIÑOS|Niños|Zapatillas,$72.900,$0,68,0,0,0,0,,$14.850,2,0,0,2,$662,3,35,11,11,60,,$4.957.200,https://acdn-us.mitiendanube.com/stores/005/775/403/products/feed_1080x1080_313_3-d9a6000e6de94d76b717423917081218-1024-1024.png,"https://acdn-us.mitiendanube.com/stores/005/775/403/products/feed_1080x1080_313_2-2b9f1b0bffe9fb7e1917423917076429-1024-1024.png,https://acdn-us.mitiendanube.com/stores/005/775/403/products/feed_1080x1080_313_6-a9ffd23668bc29ef4917423917077940-1024-1024.png"
https://gerf.com.ar/productos/Zapatillas-Danubio-Gris-299-50/,299|50|39,299|50,Zapatillas Danubio Gris,254865982,Ofertas|LiquidaciondeTemporada|CALZADOH|CalzadodeHombre|Zapatillas|VERTODO,$88.300,$44.150,50,0,0,0,1,,$282,1,0,0,2,$2.788,1,4,5,2,13,,$2.207.500,https://acdn-us.mitiendanube.com/stores/005/775/403/products/299_50-1-75f92cafd15f120b8117393081378988-1024-1024.jpg,"https://acdn-us.mitiendanube.com/stores/005/775/403/products/299_50-2-a4a5df357758d1782117393081407270-1024-1024.jpg,https://acdn-us.mitiendanube.com/stores/005/775/403/products/299_50-3-8c5c3e5eda8d5bb69a17393081439512-1024-1024.jpg,https://acdn-us.mitiendanube.com/stores/005/775/403/products/299_50-4-fdfb9cef7ebb8201c517393081474070-1024-1024.jpg,https://acdn-us.mitiendanube.com/stores/005/775/403/products/299_50-5-7b7f6c8fffd041be8517393081506212-1024-1024.jpg"
https://gerf.com.ar/productos/botines-futbol-5-timbo-blanco-naranja/,3120|161|34,3120|161,Botines Futbol 5 Timbo Blanco/Naranja,260763219,CALZADOH|CalzadodeHombre|Zapatillas|Botines|VERTODO|CALZADOM|CalzadosdeMujer|Botines|VERTODO,$74.600,$0,39,0,0,0,0,,$349,2,0,0,2,$1.286,1,6,3,3,13,,$2.909.400,https://acdn-us.mitiendanube.com/stores/005/775/403/products/feed_1080x1080_183_3-1bb31619da7b2d15ab17424178577963-1024-1024.png,
https://gerf.com.ar/productos/zapatillas-fortex-velcro-negro/,320|10|25,320|10,Zapatillas Fortex Velcro Negro,266788229,NIÑOS|Niños|Zapatillas,$64.800,$0,38,0,0,0,0,,$2.869,2,0,0,2,,0,0,0,2,2,,$2.462.400,https://acdn-us.mitiendanube.com/stores/005/775/403/products/feed_1080x1080_354_3-31ac94c6c73933513a17454876869051-1024-1024.png,"https://acdn-us.mitiendanube.com/stores/005/775/403/products/feed_1080x1080_354_2-6d6a41fd25b48031af17454876871042-1024-1024.png,https://acdn-us.mitiendanube.com/stores/005/775/403/products/feed_1080x1080_354_6-ce2428d966ccb562a817454876871450-1024-1024.png"
https://gerf.com.ar/productos/Zapatillas-Dione-Arcoiris-Lila-89-60/,89|60|35,89|60,Zapatillas Dione Arcoiris Lila,254865455,CALZADOM|CalzadosdeMujer|Zapatillas|VERTODO,$81.200,$0,38,2,0,0,0,,$0,0,0,0,2,,0,0,0,0,2,,$3.085.600,https://acdn-us.mitiendanube.com/stores/005/775/403/products/89-60_1-3ef0933a7934b6927117393076823775-1024-1024.jpg,"https://acdn-us.mitiendanube.com/stores/005/775/403/products/89-60_2-480615d1e4ff68865617393076856786-1024-1024.jpg,https://acdn-us.mitiendanube.com/stores/005/775/403/products/89-60_3-932f9621cef773cbdc17393076889132-1024-1024.jpg,https://acdn-us.mitiendanube.com/stores/005/775/403/products/89-60_4-9915e7a06c2915ecf317393076922876-1024-1024.jpg,https://acdn-us.mitiendanube.com/stores/005/775/403/products/89-60_5-a5930965d376296cf517393076956580-1024-1024.jpg"
https://gerf.com.ar/productos/botines-futbol-5-timbo-negro-blanco/,3120|11|34,3120|11,Botines Futbol 5 Timbo Negro/Blanco,260761215,CALZADOH|CalzadodeHombre|Zapatillas|Botines|VERTODO|CALZADOM|CalzadosdeMujer|Botines|VERTODO,$74.600,$0,35,0,0,0,0,,$11.771,2,0,0,2,$1.109,3,3,3,5,14,,$2.611.000,https://acdn-us.mitiendanube.com/stores/005/775/403/products/feed_1080x1080_167_3-37544032722cccb2e817424172655788-1024-1024.png,
https://gerf.com.ar/productos/Plantillas-Super-Confort-de-HOMBRE-5511-99/,5511|99|39,5511|99,Plantillas Super Confort de HOMBRE,254866678,IndumentariayAccesorios|Accesorios|Plantillas,$9.500,$0,24,0,0,0,2,,$1.267,0,0,0,2,,0,0,0,0,2,,$228.000,https://acdn-us.mitiendanube.com/stores/005/775/403/products/5510-99_5-160e8168f8a5d0c3b117393103207909-1024-1024.png,"https://acdn-us.mitiendanube.com/stores/005/775/403/products/5510-99_3-54d85670ae748a2a2917393103845956-1024-1024.png,https://acdn-us.mitiendanube.com/stores/005/775/403/products/5510-99_1-6d758f995ce884d34517393103881700-1024-1024.png,https://acdn-us.mitiendanube.com/stores/005/775/403/products/5510-99_2-530c83b7a592a6e39617393103919435-1024-1024.png"
https://gerf.com.ar/productos/zapatillas-fortex-blanco-rosa/,310|04|25,310|04,Zapatillas Fortex Blanco/Rosa,266638550,NIÑOS|Niños|Zapatillas,$59.500,$0,22,0,0,0,1,,$376,1,0,0,2,,0,0,0,0,1,,$1.309.000,https://acdn-us.mitiendanube.com/stores/005/775/403/products/feed_1080x1080_355_3-bf328cdb962c23a94c17454277177167-1024-1024.png,"https://acdn-us.mitiendanube.com/stores/005/775/403/products/feed_1080x1080_355_2-a42a7a2520a9cf3dd317454277173918-1024-1024.png,https://acdn-us.mitiendanube.com/stores/005/775/403/products/feed_1080x1080_355_6-6cb6c67af3f9dd7a9017454277177920-1024-1024.png"
https://gerf.com.ar/productos/Zapatillas-Cupuazu-Marron-303-100/,303|100|39,303|100,Zapatillas Cupuazu Marron,254866511,Ofertas|LiquidaciondeTemporada|CALZADOH|CalzadodeHombre|Zapatillas|VERTODO,$90.260,$54.156,21,0,2,0,0,,$4.273,0,0,0,2,$3.612,0,0,3,0,5,,$1.137.276,https://acdn-us.mitiendanube.com/stores/005/775/403/products/303-100_1-5530276d623d9a70a817393096670460-1024-1024.png,"https://acdn-us.mitiendanube.com/stores/005/775/403/products/303-100_2-de236f2e729e9b697a17393096708674-1024-1024.png,https://acdn-us.mitiendanube.com/stores/005/775/403/products/303-100_3-bcf3e38b256773187517393096747710-1024-1024.png,https://acdn-us.mitiendanube.com/stores/005/775/403/products/feed_1080x1080_gerf_1_variante02-f32997c50e27bd12d817393096772392-1024-1024.png,https://acdn-us.mitiendanube.com/stores/005/775/403/products/feed_1080x1080_gerf_2-e2af30d2ff489395ed17393096802165-1024-1024.png,https://acdn-us.mitiendanube.com/stores/005/775/403/products/feed_1080x1080_gerf_3-98f41b431315474a1217393096833170-1024-1024.png"
https://gerf.com.ar/productos/zapatillas-paris-amarillo-blanco/,222|160|28,222|160,Zapatillas Paris Amarillo/Blanco,260627786,Ofertas|LiquidaciondeTemporada|NIÑOS|Niños|Zapatillas,$58.000,$29.000,19,0,1,0,0,,$2.537,1,0,0,2,$1.447,1,0,3,0,5,,$551.000,https://acdn-us.mitiendanube.com/stores/005/775/403/products/feed_1080x1080_186_3-73326892885601bb6a17423799407046-1024-1024.png,
https://gerf.com.ar/productos/Zapatillas-Ranger-Verde-314-30/,314|30|39,314|30,Zapatillas Ranger Verde,254863533,Ofertas|LiquidaciondeTemporada|CALZADOH|CalzadodeHombre,$74.800,$37.400,18,0,1,0,1,,$502,0,0,0,2,$1.813,0,0,0,1,3,,$673.200,https://acdn-us.mitiendanube.com/stores/005/775/403/products/314-30_1-515f871dd035d4310217393065756635-1024-1024.jpg,"https://acdn-us.mitiendanube.com/stores/005/775/403/products/314-30_5-41dd31dcc26d80932217393065789150-1024-1024.jpg,https://acdn-us.mitiendanube.com/stores/005/775/403/products/314-30_2-9d5e87e1910d0b2bf017393065820002-1024-1024.jpg,https://acdn-us.mitiendanube.com/stores/005/775/403/products/314-30_3-4d8de6a628b1056a6417393065848042-1024-1024.jpg,https://acdn-us.mitiendanube.com/stores/005/775/403/products/314-30_4-a9dcb91d3a8e9d553817393065881448-1024-1024.jpg"
https://gerf.com.ar/productos/Ojotas-Lyon-Verde-306-30/,306|30|39-0,306|30,Ojotas Lyon Verde,254866566,CALZADOH|CalzadodeHombre|Ojotas|VERTODO,$19.900,$0,10,1,0,0,0,,$4.975,1,0,0,2,$855,6,8,1,0,16,,$199.000,https://acdn-us.mitiendanube.com/stores/005/775/403/products/306-30_1-5709b9d425b869b84e17393099032103-1024-1024.png,"https://acdn-us.mitiendanube.com/stores/005/775/403/products/306-30_2-167b7898adc3be261a17393099060271-1024-1024.png,https://acdn-us.mitiendanube.com/stores/005/775/403/products/306-30_3-adb5ce3bb2595de86417393099092580-1024-1024.png,https://acdn-us.mitiendanube.com/stores/005/775/403/products/306-30_4-ffe00d29a04866399e17393099129285-1024-1024.png,https://acdn-us.mitiendanube.com/stores/005/775/403/products/306-30_5-362dc665ff8a33328e17393099172618-1024-1024.png"
https://gerf.com.ar/productos/Kiwi-Top-Basico-PT-Sporty-Negro-7005-10/,7005|10|S,7005|10,Kiwi Top Basico PT Sporty Negro,254866638,IndumentariayAccesorios|Indumentaria|Tops,$19.990,$13.993,7,0,0,0,1,,$0,1,0,0,2,$1.905,0,0,0,0,1,,$139.930,https://acdn-us.mitiendanube.com/stores/005/775/403/products/7005-10_1-12021112c71fa4193e17393101555342-1024-1024.png,
https://gerf.com.ar/productos/zapatillas-bolton-verde-blanco/,313|31|35,313|31,Zapatillas Bolton Verde/Blanco,260766841,CALZADOH|CalzadodeHombre|Zapatillas|VERTODO|CALZADOM|CalzadosdeMujer|Zapatillas|VERTODO,$81.000,$56.700,6,0,0,2,0,,$0,0,0,0,2,$5.764,3,18,3,6,32,,$486.000,https://acdn-us.mitiendanube.com/stores/005/775/403/products/feed_1080x1080_155_3-2371ae885b7bec10d317424198067176-1024-1024.png,
https://gerf.com.ar/productos/zapatillas-pissis-gris/,298|50|25,298|50,Zapatillas Pissis Gris,260728761,Ofertas|LiquidaciondeTemporada|NIÑOS|Niños|Zapatillas,$57.200,$28.600,5,0,1,0,0,,$2.508,1,0,0,2,$6.664,0,3,11,2,17,,$143.000,https://acdn-us.mitiendanube.com/stores/005/775/403/products/feed_1080x1080_259_3-dc6c7ae78f13c5818017424094728935-1024-1024.png,"https://acdn-us.mitiendanube.com/stores/005/775/403/products/feed_1080x1080_259_2-fe742dc09369a6fdb517424094728289-1024-1024.png,https://acdn-us.mitiendanube.com/stores/005/775/403/products/feed_1080x1080_259_6-bfb63fff1f9a5347ab17424094730496-1024-1024.png,https://acdn-us.mitiendanube.com/stores/005/775/403/products/feed_1080x1080_259_4-f41de7165f370678b117424094727810-1024-1024.png,https://acdn-us.mitiendanube.com/stores/005/775/403/products/feed_1080x1080_259_1-83a7b0b5af0e28dfd417424094727895-1024-1024.png"
https://gerf.com.ar/productos/Zapatillas-Bulls-Blanco-86-01/,86|01|35,86|01,Zapatillas Bulls Blanco,254865312,Ofertas|LiquidaciondeTemporada|CALZADOH|CalzadodeHombre|Zapatillas|VERTODO|CALZADOM|CalzadosdeMujer|Zapatillas|VERTODO,$75.400,$37.700,2,1,0,0,1,,$0,0,0,0,2,$1.295,0,1,1,1,5,,$75.400,https://acdn-us.mitiendanube.com/stores/005/775/403/products/86-01_1-058fe30add8dce77bd17393075802647-1024-1024.jpg,
https://gerf.com.ar/productos/zapatillas-venturi-negro-gris/,37|13|35,37|13,Zapatillas Venturi Negro/Gris,260774947,Ofertas|LiquidaciondeTemporada|CALZADOH|CalzadodeHombre|Zapatillas|VERTODO|CALZADOM|CalzadosdeMujer|Zapatillas|VERTODO,$85.300,$42.650,1,0,0,0,1,,$0,1,0,0,2,$1.313,0,1,0,0,2,,$42.650,https://acdn-us.mitiendanube.com/stores/005/775/403/products/negro-gris-ebd645f7dbca587d1717424221524404-1024-1024.png,"https://acdn-us.mitiendanube.com/stores/005/775/403/products/feed_1080x1080_31_2-24e5c266b442711eb017424221523446-1024-1024.png,https://acdn-us.mitiendanube.com/stores/005/775/403/products/feed_1080x1080_31_6-343579e1bf4c03cd0517424221527707-1024-1024.png,https://acdn-us.mitiendanube.com/stores/005/775/403/products/feed_1080x1080_31_4-9502b3a351b8fc4e0817424221526181-1024-1024.png,https://acdn-us.mitiendanube.com/stores/005/775/403/products/feed_1080x1080_31_1-f697926d1b9e84678817424221521992-1024-1024.png"
https://gerf.com.ar/productos/Zapatillas-Fenix-Rojo-Unisex-93-40/,93|40|35,93|40,Zapatillas Fenix Rojo Unisex,254865620,Ofertas|CALZADOH|CalzadodeHombre,$56.700,$28.350,1,0,0,0,2,,$0,0,0,0,2,,1,0,1,0,4,,$28.350,https://acdn-us.mitiendanube.com/stores/005/775/403/products/93-40_1-e2ac330be77c22bd7117393077361529-1024-1024.jpg,https://acdn-us.mitiendanube.com/stores/005/775/403/products/93-40_2-72a28005ecd6873b3a17393077397141-1024-1024.jpg
https://gerf.com.ar/productos/Zapatillas-Venturi-Fucsia-37-86/,37|86|35,37|86,Zapatillas Venturi Fucsia,254863768,Ofertas|LiquidaciondeTemporada|CALZADOH|CalzadodeHombre|CALZADOM|CalzadosdeMujer|Zapatillas,$85.300,$42.650,0,0,0,0,0,,$0,2,2,0,2,,0,0,0,0,0,,$0,https://acdn-us.mitiendanube.com/stores/005/775/403/products/37-86_1-f9ba9659f69d9ecc5c17393068123313-1024-1024.jpeg,
https://gerf.com.ar/productos/zapatillas-colegial-narvi-negro/,39|10|25,39|10,Zapatillas Colegial Narvi Negro,260635385,Ofertas|LiquidaciondeTemporada|NIÑOS|Niños|Zapatillas,$66.000,$33.000,0,0,1,0,1,,$0,0,0,0,2,$2.970,0,5,3,1,11,,$0,https://acdn-us.mitiendanube.com/stores/005/775/403/products/feed_1080x1080_129_2-03181e0346a99bf3e217423876119485-1024-1024.png,https://acdn-us.mitiendanube.com/stores/005/775/403/products/feed_1080x1080_129_3-efc88dc2f183d5464e17423876120752-1024-1024.png
https://gerf.com.ar/productos/zapatillas-venturi-marron-azul/,37|92|35,37|92,Zapatillas Venturi Marron/Azul,260774695,Ofertas|LiquidaciondeTemporada|CALZADOH|CalzadodeHombre|Zapatillas|VERTODO|CALZADOM|CalzadosdeMujer|Zapatillas|VERTODO,$85.300,$42.650,0,0,1,0,1,,$0,0,0,0,2,$1.892,0,1,0,2,5,,$0,https://acdn-us.mitiendanube.com/stores/005/775/403/products/feed_1080x1080_30_3-28946559468ba2fb6a17424220282944-1024-1024.png,"https://acdn-us.mitiendanube.com/stores/005/775/403/products/feed_1080x1080_30_2-6365e63f7256f6297617424220288464-1024-1024.png,https://acdn-us.mitiendanube.com/stores/005/775/403/products/feed_1080x1080_30_6-baa31a39e6a116d71a17424220280046-1024-1024.png,https://acdn-us.mitiendanube.com/stores/005/775/403/products/marron-azul-4bd25670a1ce623d1b17424220282084-1024-1024.png,https://acdn-us.mitiendanube.com/stores/005/775/403/products/feed_1080x1080_30_1-e11a45928c47dc7da517424220279857-1024-1024.png"
https://gerf.com.ar/productos/Panchas-Seler-Blanco-Y-Azul-427-02/,427|02|35,427|02,Panchas Seler Blanco Y Azul,254866266,Ofertas|LiquidaciondeTemporada|CALZADOM|CalzadosdeMujer|Zapatillas|VERTODO,$61.200,$30.600,62,0,0,0,0,,$2.803,1,0,1,1,$13.854,4,5,3,1,13,,$1.897.200,https://acdn-us.mitiendanube.com/stores/005/775/403/products/427-02_1-8c957c9159d43eaeb517393087174690-1024-1024.jpeg,"https://acdn-us.mitiendanube.com/stores/005/775/403/products/427-02_2-0c69ed45e70077bba617393087207819-1024-1024.jpeg,https://acdn-us.mitiendanube.com/stores/005/775/403/products/427-02_3-7e56f0a1e4d560e01e17393087243651-1024-1024.jpeg,https://acdn-us.mitiendanube.com/stores/005/775/403/products/427-02_4-51c0e47ac67b807dc217393087279352-1024-1024.jpeg,https://acdn-us.mitiendanube.com/stores/005/775/403/products/427-02_5-ee56392d5d16281add17393087309859-1024-1024.jpeg"
https://gerf.com.ar/productos/zapatillas-fortex-blanco-azul/,310|02|25,310|02,Zapatillas Fortex Blanco/Azul,266637298,NIÑOS|Niños|Zapatillas,$59.500,$0,55,0,0,0,0,,$13.559,1,0,1,1,,0,0,0,5,5,,$3.272.500,https://acdn-us.mitiendanube.com/stores/005/775/403/products/feed_1080x1080_359_3-746e97c24521cd183017454273448187-1024-1024.png,"https://acdn-us.mitiendanube.com/stores/005/775/403/products/feed_1080x1080_359_2-2ce19111a17de4f8f417454273447011-1024-1024.png,https://acdn-us.mitiendanube.com/stores/005/775/403/products/feed_1080x1080_359_6-6c404ea4025afb302117454273449420-1024-1024.png"
https://gerf.com.ar/productos/zapatillas-fortex-negro/,310|10|25,310|10,Zapatillas Fortex Negro,266631904,NIÑOS|Niños|Zapatillas,$59.500,$0,34,0,0,0,0,,$19.623,1,0,1,1,,0,0,0,0,0,,$2.023.000,https://acdn-us.mitiendanube.com/stores/005/775/403/products/feed_1080x1080_353_3-2b5cdd19f7f3f7c36f17454255187338-1024-1024.png,"https://acdn-us.mitiendanube.com/stores/005/775/403/products/feed_1080x1080_353_2-8974004eaa18c295a517454255189789-1024-1024.png,https://acdn-us.mitiendanube.com/stores/005/775/403/products/feed_1080x1080_353_6-0e069ef8292ec16b0f17454255192815-1024-1024.png"
https://gerf.com.ar/productos/Ojotas-Summer-Lavanda-1010-147/,1010|147|35,1010|147,Ojotas Summer Lavanda,254863082,Ofertas|LiquidaciondeTemporada|CALZADOM|CalzadosdeMujer|Ojotas|VERTODO,$34.800,$17.400,11,0,1,0,0,,$3.274,0,0,1,1,$2.931,1,1,0,0,3,,$191.400,https://acdn-us.mitiendanube.com/stores/005/775/403/products/1010-147_1-cfe6f95f54c3af724e17393062015095-1024-1024.jpg,"https://acdn-us.mitiendanube.com/stores/005/775/403/products/1010-147_2-030e2e83acfb63059517393062045062-1024-1024.jpg,https://acdn-us.mitiendanube.com/stores/005/775/403/products/1010-147_3-5307ca2111934a5ebc17393062075959-1024-1024.jpg,https://acdn-us.mitiendanube.com/stores/005/775/403/products/1010-147_4-5ef2d4b75f87d4054f17393062102828-1024-1024.jpg"
https://gerf.com.ar/productos/zapatillas-paris-celeste-blanco/,222|135|28,222|135,Zapatillas Paris Celeste/Blanco,260628521,Ofertas|LiquidaciondeTemporada|NIÑOS|Niños|Zapatillas,$58.000,$29.000,10,0,1,0,0,,$4.031,0,0,1,1,,0,1,1,0,3,,$290.000,https://acdn-us.mitiendanube.com/stores/005/775/403/products/feed_1080x1080_187_3-ca42558cd68e8e1e6a17423821594752-1024-1024.png,
https://gerf.com.ar/productos/Esparta-Short-Comp-PT-Sporty-Negro-7006-10/,7006|10|S,7006|10,Esparta Short Comp. PT Sporty Negro,259170106,IndumentariayAccesorios|Indumentaria|Shorts,$29.990,$20.993,7,0,0,0,1,,$0,0,0,1,1,$412,0,0,0,0,1,,$209.930,https://acdn-us.mitiendanube.com/stores/005/775/403/products/7006-10_1-17bfe60f9abe91fcd717416859238521-1024-1024.png,
https://gerf.com.ar/productos/Zapatillas-Dione-Gold-O24-Blanco-Y-Crema-631-08/,631|08|35,631|08,Zapatillas Dione Gold O24 Blanco Y Crema,254866471,CALZADOM|CalzadosdeMujer|Zapatillas|VERTODO,$80.800,$56.560,0,0,0,0,0,,$0,1,0,1,1,,0,2,1,0,3,,$0,https://acdn-us.mitiendanube.com/stores/005/775/403/products/631-08_1-72817b81cdf404787e17393095181697-1024-1024.jpg,"https://acdn-us.mitiendanube.com/stores/005/775/403/products/631-08_2-7be3ce69724c2aa59517393095213764-1024-1024.jpg,https://acdn-us.mitiendanube.com/stores/005/775/403/products/631-08_3-4e0c172d94190aa86917393095247239-1024-1024.jpg"
https://gerf.com.ar/productos/Panchas-Malargue-Camuflado-428-144/,428|144|39,428|144,Panchas Malargue Camuflado,254866297,Ofertas|LiquidaciondeTemporada|CALZADOH|CalzadodeHombre|Zapatillas|VERTODO,$69.800,$34.900,104,0,1,0,0,$1.449,$4.466,0,0,0,1,$1.931,1,1,2,1,6,,$3.629.600,https://acdn-us.mitiendanube.com/stores/005/775/403/products/428-144_1-8a2800271993c1129917393087963538-1024-1024.jpeg,"https://acdn-us.mitiendanube.com/stores/005/775/403/products/428-144_2-801e77a1be37458f1a17393087993611-1024-1024.jpeg,https://acdn-us.mitiendanube.com/stores/005/775/403/products/428-144_3-73dbb9f8c709432a0d17393088027695-1024-1024.jpeg,https://acdn-us.mitiendanube.com/stores/005/775/403/products/428-144_4-b7eaef0228601897fc17393088061457-1024-1024.jpeg,https://acdn-us.mitiendanube.com/stores/005/775/403/products/428-144_5-42a78ff6f57238e53717393088095304-1024-1024.jpeg"
https://gerf.com.ar/productos/Zapatillas-Ranger-Azul-314-20/,314|20|39,314|20,Zapatillas Ranger Azul,254863523,Ofertas|LiquidaciondeTemporada|CALZADOH|CalzadodeHombre,$74.800,$37.400,26,0,0,0,1,,$206,0,0,0,1,$3.692,0,0,0,0,1,,$972.400,https://acdn-us.mitiendanube.com/stores/005/775/403/products/314-20_1-d4b911ff0ac8fce51517393065606649-1024-1024.jpg,"https://acdn-us.mitiendanube.com/stores/005/775/403/products/314-20_5-1042d66fd556478c3317393065639692-1024-1024.jpg,https://acdn-us.mitiendanube.com/stores/005/775/403/products/314-20_2-1ec2062ce371cf063317393065665644-1024-1024.jpg,https://acdn-us.mitiendanube.com/stores/005/775/403/products/314-20_3-0c637e035a6324c2a617393065698478-1024-1024.jpg,https://acdn-us.mitiendanube.com/stores/005/775/403/products/314-20_4-ff48308c210311e27817393065724999-1024-1024.jpg"
https://gerf.com.ar/productos/Zapatillas-Nogal-O24-Negro-Y-Marron-256-105/,256|105|41,256|105,Zapatillas Nogal O24 Negro Y Marron,254866449,Ofertas|LiquidaciondeTemporada|CALZADOH|CalzadodeHombre|Zapatillas|VERTODO,$79.000,$39.500,23,0,1,0,0,,$249,0,0,0,1,$2.126,0,0,3,2,6,,$908.500,https://acdn-us.mitiendanube.com/stores/005/775/403/products/256-105_1-47a60a7728a2904a7217393093869644-1024-1024.jpg,"https://acdn-us.mitiendanube.com/stores/005/775/403/products/256-105_2-eb494a0c19138a0bab17393093902375-1024-1024.jpg,https://acdn-us.mitiendanube.com/stores/005/775/403/products/256-105_3-8fd5b92064ccde71e517393093934914-1024-1024.jpg,https://acdn-us.mitiendanube.com/stores/005/775/403/products/256-105_4-648c35a07d2783980217393093966325-1024-1024.jpg,https://acdn-us.mitiendanube.com/stores/005/775/403/products/256-105_5-1267f731ebe27c95fd17393093996392-1024-1024.jpg,https://acdn-us.mitiendanube.com/stores/005/775/403/products/feed_1080x1080_gerf_1_variante02-b09da06f02fcf9568817393094015767-1024-1024.png,https://acdn-us.mitiendanube.com/stores/005/775/403/products/feed_1080x1080_gerf_2-510fa503ed1bd0070b17393094049670-1024-1024.png,https://acdn-us.mitiendanube.com/stores/005/775/403/products/feed_1080x1080_gerf_3-8cdc20e0996ca6855617393094082417-1024-1024.png"
https://gerf.com.ar/productos/botines-futbol-5-timbo-negro-amarillo/,3120|17|34,3120|17,Botines Futbol 5 Timbo Negro/Amarillo,260762712,CALZADOH|CalzadodeHombre|Zapatillas|Botines|VERTODO|CALZADOM|CalzadosdeMujer|Botines|VERTODO,$74.600,$0,22,0,0,0,1,,$0,0,0,0,1,$703,3,4,1,7,16,,$1.641.200,https://acdn-us.mitiendanube.com/stores/005/775/403/products/feed_1080x1080_182_3-afc8a7d472a16d3c5b17424177072999-1024-1024.png,
https://gerf.com.ar/productos/Esparta-Short-Comp-PT-Sporty-Gris-7006-50/,7006|50|S,7006|50,Esparta Short Comp. PT Sporty Gris,259170116,IndumentariayAccesorios|Indumentaria|Shorts,$29.990,$20.993,11,0,0,0,1,,$0,0,0,0,1,$967,0,0,0,0,1,,$329.890,https://acdn-us.mitiendanube.com/stores/005/775/403/products/7006-50_1-c40e97bbe8cfe507e117416858902529-1024-1024.png,
https://gerf.com.ar/productos/Ojotas-Summer-Verde-1010-30/,1010|30|35,1010|30,Ojotas Summer Verde,254863099,Ofertas|LiquidaciondeTemporada|CALZADOM|CalzadosdeMujer|Ojotas|VERTODO,$34.800,$17.400,11,0,1,0,0,,$6.079,0,0,0,1,$2.170,1,2,3,0,7,,$191.400,https://acdn-us.mitiendanube.com/stores/005/775/403/products/1010-30_1-109f19cac9124edc5417393062270337-1024-1024.jpg,"https://acdn-us.mitiendanube.com/stores/005/775/403/products/1010-30_2-38acd65619003cbcce17393062297370-1024-1024.jpg,https://acdn-us.mitiendanube.com/stores/005/775/403/products/1010-30_3-1437ed10c71b248de717393062327768-1024-1024.jpg,https://acdn-us.mitiendanube.com/stores/005/775/403/products/1010-30_4-21160befc754d6e35017393062354289-1024-1024.jpg"
https://gerf.com.ar/productos/Zapatillas-Pissis-Gris-298-50/,298|50|25,298|50,Zapatillas Pissis Gris,254866141,NIÑOS|Niños,$57.200,$28.600,5,0,0,0,0,,$2.508,1,0,0,1,$6.664,0,3,11,2,16,,$143.000,https://acdn-us.mitiendanube.com/stores/005/775/403/products/feed_1080x1080_259_3-92894c567a7f0d9e6517393084180662-1024-1024.png,"https://acdn-us.mitiendanube.com/stores/005/775/403/products/feed_1080x1080_259_6-9bccda26b169a7041a17393084220140-1024-1024.png,https://acdn-us.mitiendanube.com/stores/005/775/403/products/feed_1080x1080_259_4-c31aefc4d7f3da1a0a17393084266209-1024-1024.png,https://acdn-us.mitiendanube.com/stores/005/775/403/products/feed_1080x1080_259_2-40c28819f0de40d5dc17393084310276-1024-1024.png,https://acdn-us.mitiendanube.com/stores/005/775/403/products/feed_1080x1080_259_1-d7a9bf3138e56f34b017393084347750-1024-1024.png"
https://gerf.com.ar/productos/Zapatillas-Dione-Arcoiris-Terracota-89-149/,89|149|35,89|149,Zapatillas Dione Arcoiris Terracota,254865435,CALZADOM|CalzadosdeMujer|Zapatillas|VERTODO,$81.200,$56.840,5,0,0,0,1,,$0,0,0,0,1,,0,0,0,1,2,,$406.000,https://acdn-us.mitiendanube.com/stores/005/775/403/products/89-149_1-eb7d32612f06d1cb1117393076507419-1024-1024.jpg,"https://acdn-us.mitiendanube.com/stores/005/775/403/products/89-149_2-f5b53f07e8a8d82ffc17393076541093-1024-1024.jpg,https://acdn-us.mitiendanube.com/stores/005/775/403/products/89-149_3-10bd09c1801c14204717393076573263-1024-1024.jpg,https://acdn-us.mitiendanube.com/stores/005/775/403/products/89-149_4-8e9b9dae594893ce3817393076606999-1024-1024.jpg,https://acdn-us.mitiendanube.com/stores/005/775/403/products/89-149_5-dd2a872d834939571717393076635044-1024-1024.jpg"
https://gerf.com.ar/productos/Kiwi-Top-Basico-PT-Sporty-Verde-Lima-7005-37/,7005|37|S,7005|37,Kiwi Top Basico PT Sporty Verde Lima,254866640,IndumentariayAccesorios|Indumentaria|Tops,$19.990,$13.993,4,0,0,0,0,,$0,1,0,0,1,$1.100,0,0,0,0,0,,$79.960,https://acdn-us.mitiendanube.com/stores/005/775/403/products/7005-37_1-11dbcef9e67aab0c6517393101590184-1024-1024.png,
https://gerf.com.ar/productos/zapatillas-bolton-verde-beige/,313|162|35,313|162,Zapatillas Bolton Verde/Beige,260769364,CALZADOH|CalzadodeHombre|Zapatillas|VERTODO|CALZADOM|CalzadosdeMujer|Zapatillas|VERTODO,$81.000,$56.700,2,0,0,0,1,,$0,0,0,0,1,$15.789,5,11,3,2,22,,$162.000,https://acdn-us.mitiendanube.com/stores/005/775/403/products/feed_1080x1080_156_3-2a37d312aaa5d53de417424198853920-1024-1024.png,
https://gerf.com.ar/productos/Zapatillas-California-Blanco-55-01/,55|01|35,55|01,Zapatillas California Blanco,254864041,Ofertas|LiquidaciondeTemporada|CALZADOM|CalzadosdeMujer|Zapatillas,$81.000,$40.500,2,0,1,0,0,,$0,0,0,0,1,,0,1,0,0,2,,$81.000,https://acdn-us.mitiendanube.com/stores/005/775/403/products/55-01_1-56ba024a4777c22c0f17393070113217-1024-1024.jpg,
https://gerf.com.ar/productos/Zapatillas-California-O24-Blanco-254-01/,254|01|35,254|01,Zapatillas California O24 Blanco,254866391,Ofertas|LiquidaciondeTemporada|CALZADOM|CalzadosdeMujer|Zapatillas|VERTODO,$81.000,$0,1,1,0,0,0,,$0,0,0,0,1,,0,4,2,2,9,,$0,https://acdn-us.mitiendanube.com/stores/005/775/403/products/55-01_1-f55c7b17e00cf75a9117393092581829-1024-1024.jpg,"https://acdn-us.mitiendanube.com/stores/005/775/403/products/16-542c65ab5776a69e0e17393092627997-1024-1024.png,https://acdn-us.mitiendanube.com/stores/005/775/403/products/17-dcb5c1adb09d038d9e17393092686486-1024-1024.jpg,https://acdn-us.mitiendanube.com/stores/005/775/403/products/18-b221dfac51b323f09417393092721888-1024-1024.jpg"
https://gerf.com.ar/productos/impermeabilizante/,9960|99,9960|99,Impermeabilizante,259284906,IndumentariayAccesorios|Accesorios|ProductosDux,$14.000,$0,0,0,0,0,1,,$0,0,0,0,1,,0,0,0,0,1,,$0,https://acdn-us.mitiendanube.com/stores/005/775/403/products/feed_1080x1080_productos_02-0cd6b5c7afaadfca0217417015227623-1024-1024.png,
https://gerf.com.ar/productos/zapatillas-vulka-celeste-blanco/,11|135|36,11|135,Zapatillas Vulka Celeste/Blanco,260432984,Ofertas|LiquidaciondeTemporada|CALZADOH|CalzadodeHombre|Zapatillas|VERTODO|CALZADOM|CalzadosdeMujer|Zapatillas|VERTODO,$73.000,$36.500,0,0,1,0,0,,$0,0,0,0,1,$1.276,1,1,2,0,5,,$0,https://acdn-us.mitiendanube.com/stores/005/775/403/products/feed_1080x1080_84_3-76bf3687b3053a07af17423126901629-1024-1024.png,"https://acdn-us.mitiendanube.com/stores/005/775/403/products/feed_1080x1080_84_5-1c3ccfe7af391a2bca17423126906239-1024-1024.png,https://acdn-us.mitiendanube.com/stores/005/775/403/products/feed_1080x1080_84_2-1ee67106c4b45f76e117423126904024-1024-1024.png,https://acdn-us.mitiendanube.com/stores/005/775/403/products/feed_1080x1080_84_1-238844b2dc9450874f17423126906877-1024-1024.png"
https://gerf.com.ar/productos/zapatillas-paris-negro-blanco/,222|11|26,222|11,Zapatillas Paris Negro/Blanco,260627586,Ofertas|LiquidaciondeTemporada|NIÑOS|Niños|Zapatillas,$58.000,$29.000,0,0,1,0,0,,$0,0,0,0,1,,0,1,3,0,5,,$0,https://acdn-us.mitiendanube.com/stores/005/775/403/products/whatsapp-image-2023-08-23-at-15-20-30-dc49f619968d3999cc17423783960080-1024-1024.jpeg,
https://gerf.com.ar/productos/zapatillas-venturi-verde-negro/,37|39|35,37|39,Zapatillas Venturi Verde/Negro,260774297,Ofertas|LiquidaciondeTemporada|CALZADOH|CalzadodeHombre|Zapatillas|VERTODO|CALZADOM|CalzadosdeMujer|Zapatillas|VERTODO,$85.300,$0,0,0,1,0,0,,$0,0,0,0,1,,0,0,0,0,1,,$0,https://acdn-us.mitiendanube.com/stores/005/775/403/products/verde-negro-5f1fa784ea116851fe17424218636945-1024-1024.png,
https://gerf.com.ar/productos/Zapatillas-Pissis-Verde-Y-Aqua-298-183/,298|183|25,298|183,Zapatillas Pissis Verde Y Aqua,254866107,NIÑOS|Niños,$0,$0,0,0,1,0,0,,$0,0,0,0,1,$7.498,3,6,10,4,24,,$0,https://acdn-us.mitiendanube.com/stores/005/775/403/products/feed_1080x1080_261_3-73bf55f1a15ab7bf1317393083587152-1024-1024.png,"https://acdn-us.mitiendanube.com/stores/005/775/403/products/feed_1080x1080_261_6-c0a67af0762d2de4d717393083626679-1024-1024.png,https://acdn-us.mitiendanube.com/stores/005/775/403/products/feed_1080x1080_261_4-bf2d7b394f10df8bd617393083667311-1024-1024.png,https://acdn-us.mitiendanube.com/stores/005/775/403/products/feed_1080x1080_261_2-e83233495a49fd923c17393083712836-1024-1024.png,https://acdn-us.mitiendanube.com/stores/005/775/403/products/feed_1080x1080_261_1-007f4ae828af55b4bc17393083755633-1024-1024.png"
https://gerf.com.ar/productos/Zapatillas-Venturi-Negro-Unisex-37-10/,213|10|35,213|10,Zapatillas Venturi 2.0 Negro Unisex,254863755,CALZADOH|CalzadodeHombre|Zapatillas|VERTODO|CALZADOM|CalzadosdeMujer|Zapatillas|VERTODO,$0,$0,0,0,1,0,0,,$0,0,0,0,1,$720,2,9,11,0,23,,$0,https://acdn-us.mitiendanube.com/stores/005/775/403/products/whatsapp-image-2023-09-13-at-05-45-59-1-ea7535c084c61b1b0717423137635244-1024-1024.jpeg,"https://acdn-us.mitiendanube.com/stores/005/775/403/products/feed_1080x1080_204_6-ecd7bb7b06c9b4052e17423137654635-1024-1024.png,https://acdn-us.mitiendanube.com/stores/005/775/403/products/feed_1080x1080_204_2-c639583ebfc58323b517423137654519-1024-1024.png,https://acdn-us.mitiendanube.com/stores/005/775/403/products/feed_1080x1080_204_4-cc5aebd08d15eab73e17423137654374-1024-1024.png,https://acdn-us.mitiendanube.com/stores/005/775/403/products/feed_1080x1080_204_1-375e79824a2eb857e717423137653517-1024-1024.png"
https://gerf.com.ar/productos/Zapatillas-Tucma-Negro-Unisex-35-10/,35|10|35,35|10,Zapatillas Tucma Negro Unisex,254863685,Ofertas|CALZADOH|CalzadodeHombre|Zapatillas|VERTODO|CALZADOM|CalzadosdeMujer|Zapatillas|VERTODO,$58.300,$0,0,1,0,0,0,,$0,0,0,0,1,,0,0,0,0,1,,$0,https://acdn-us.mitiendanube.com/stores/005/775/403/products/35-10_1-cf52ef817959413d3617393067310806-1024-1024.jpg,"https://acdn-us.mitiendanube.com/stores/005/775/403/products/35-10_2-e551bff006074c58cb17393067343037-1024-1024.jpg,https://acdn-us.mitiendanube.com/stores/005/775/403/products/35-10_3-f19ccf364176264b5517393067377947-1024-1024.jpg,https://acdn-us.mitiendanube.com/stores/005/775/403/products/35-10_4-53ee65a49c5f7c734a17393067405855-1024-1024.jpg,https://acdn-us.mitiendanube.com/stores/005/775/403/products/35-10_5-bb5e216708d518232417393067431500-1024-1024.jpg"
https://gerf.com.ar/productos/Zapatillas-Chalten-Rosa-Y-Celeste-297-189/,297|189|35,297|189,Zapatillas Chalten Rosa Y Celeste,254866070,Ofertas|LiquidaciondeTemporada|CALZADOM|CalzadosdeMujer|Zapatillas|VERTODO,$79.400,$0,0,0,1,0,0,,$0,0,0,0,1,$2.586,0,0,0,0,1,,$0,https://acdn-us.mitiendanube.com/stores/005/775/403/products/feed_1080x1080_257_3-363cb2ea72b993f18717393082939502-1024-1024.png,"https://acdn-us.mitiendanube.com/stores/005/775/403/products/feed_1080x1080_257_6-ccbf0471eaf6e753dd17393082986252-1024-1024.png,https://acdn-us.mitiendanube.com/stores/005/775/403/products/feed_1080x1080_257_4-de779cd2df7fdec1b017393083019861-1024-1024.png,https://acdn-us.mitiendanube.com/stores/005/775/403/products/feed_1080x1080_257_2-a27ca16bc16f46592417393083065290-1024-1024.png,https://acdn-us.mitiendanube.com/stores/005/775/403/products/feed_1080x1080_257_1-920b64618f34edb8b217393083111301-1024-1024.png"
https://gerf.com.ar/productos/Zapatillas-Chester-Negro-Unisex-65-10/,65|10|35,65|10,Zapatillas Chester Negro Unisex,254864587,Ofertas|CALZADOH|CalzadodeHombre,$0,$0,0,0,0,1,0,,$0,0,0,0,1,$316,0,0,0,0,1,,$0,https://acdn-us.mitiendanube.com/stores/005/775/403/products/65-10_1-7d54b9133da674a0e217393073124742-1024-1024.jpg,
https://gerf.com.ar/productos/Zapatillas-Chester-Blanco-Unisex-65-01/,65|01|35,65|01,Zapatillas Chester Blanco Unisex,254864570,Ofertas|CALZADOH|CalzadodeHombre,$0,$0,0,0,0,1,0,,$0,0,0,0,1,,0,0,0,0,1,,$0,https://acdn-us.mitiendanube.com/stores/005/775/403/products/65-01_1-89a2ace269a648311717393073091524-1024-1024.jpg,
https://gerf.com.ar/productos/Zapatillas-Nairobi-Rosa-245-80/,245|80|35,245|80,Zapatillas Nairobi Rosa,254865853,CALZADOH|CalzadodeHombre|Zapatillas|VERTODO|CALZADOM|CalzadosdeMujer|Zapatillas|VERTODO,$70.800,$0,3,0,0,0,0,,$0,0,0,3,0,,0,0,0,0,0,,$212.400,https://acdn-us.mitiendanube.com/stores/005/775/403/products/245-80_1-85bc748a21d4c820a517393079667528-1024-1024.jpg,"https://acdn-us.mitiendanube.com/stores/005/775/403/products/245-80_2-151604a47d829b4e0b17393079699486-1024-1024.jpg,https://acdn-us.mitiendanube.com/stores/005/775/403/products/245-80_3-555d573945db09e09c17393079732796-1024-1024.jpg,https://acdn-us.mitiendanube.com/stores/005/775/403/products/245-80_4-e2a7651277a457964717393079759335-1024-1024.jpg,https://acdn-us.mitiendanube.com/stores/005/775/403/products/245-80_5-dfafee3d6e3516850f17393079786338-1024-1024.jpg"
https://gerf.com.ar/productos/Ojotas-Laurent-Negro-Y-Gris-4456-13/,4456|13|39,4456|13,Ojotas Laurent Negro Y Gris,254866607,CALZADOH|CalzadodeHombre|Ojotas|VERTODO,$37.200,$18.600,0,0,0,0,0,,$0,0,0,2,0,,0,0,1,0,1,,$0,https://acdn-us.mitiendanube.com/stores/005/775/403/products/4456-13_1-2351e93acd8e9b9d4417393100895471-1024-1024.png,
https://gerf.com.ar/productos/Zapatillas-Puck-Verde-801-30/,801|30|35,801|30,Zapatillas Puck Verde,254866590,CALZADOH|CalzadodeHombre|Zapatillas|VERTODO|CALZADOM|CalzadosdeMujer|Zapatillas|VERTODO,$84.200,$58.940,81,0,0,0,0,,$1.941,0,0,1,0,$7.829,2,1,2,0,5,,$4.774.140,https://acdn-us.mitiendanube.com/stores/005/775/403/products/801-30_1-04e96a5f1fa8bbbb3d17393100236317-1024-1024.png,"https://acdn-us.mitiendanube.com/stores/005/775/403/products/801-30_2-9b41efa7d73ce6a29617393100272722-1024-1024.png,https://acdn-us.mitiendanube.com/stores/005/775/403/products/801-30_3-bfbe0f250bcc8238ed17393100304809-1024-1024.png,https://acdn-us.mitiendanube.com/stores/005/775/403/products/feed_1080x1080_gerf_1_variante02-52ff7bd8ca72cc7b3a17393100327537-1024-1024.png,https://acdn-us.mitiendanube.com/stores/005/775/403/products/feed_1080x1080_gerf_2-9dce73e45b51ae873e17393100356929-1024-1024.png,https://acdn-us.mitiendanube.com/stores/005/775/403/products/feed_1080x1080_gerf_3-75953e50988cc6421417393100388317-1024-1024.png"
https://gerf.com.ar/productos/Zapatillas-Venecia-Celeste-321-130/,321|130|35,321|130,Zapatillas Venecia Celeste,254863590,Ofertas|LiquidaciondeTemporada|CALZADOH|CalzadodeHombre|CALZADOM|CalzadosdeMujer|Zapatillas|VERTODO,$77.400,$38.700,3,0,0,0,0,,$0,0,0,1,0,$983,2,0,0,0,2,,$116.100,https://acdn-us.mitiendanube.com/stores/005/775/403/products/321-130_1-9851ad99629a8dd28117393066402824-1024-1024.jpg,
https://gerf.com.ar/productos/Zapatillas-Volta-Verde-Unisex-97-30/,97|30|36,97|30,Zapatillas Volta Verde Unisex,254865722,Ofertas|LiquidaciondeTemporada|CALZADOH|CalzadodeHombre|Zapatillas|VERTODO|CALZADOM|CalzadosdeMujer|Zapatillas|VERTODO,$61.400,$30.700,2,0,0,0,0,,$0,0,0,1,0,$1.754,2,1,3,0,6,,$61.400,https://acdn-us.mitiendanube.com/stores/005/775/403/products/97-30_1-29678d76eda780875917393078077399-1024-1024.jpg,
https://gerf.com.ar/productos/piluso-vintage-con-bordado-gerf-bordo/,2521|111,2521|111,Piluso Vintage con Bordado Gerf Bordo,259285258,IndumentariayAccesorios|Accesorios|Gorras,$25.500,$0,0,0,0,0,0,,$0,0,0,1,0,,0,0,0,0,0,,$0,https://acdn-us.mitiendanube.com/stores/005/775/403/products/2521-111_1-8cd3f2e937170219b317416937147023-1024-1024.png,https://acdn-us.mitiendanube.com/stores/005/775/403/products/piluso-3-1-2368d6bada45feaf9d17416995777040-1024-1024.jpeg
https://gerf.com.ar/productos/Zapatillas-Chalten-Negro-297-10/,297|10|35,297|10,Zapatillas Chalten Negro,254866374,CALZADOM|CalzadosdeMujer|Zapatillas|VERTODO,$79.400,$0,137,0,0,0,0,,$0,0,0,0,0,,0,3,3,0,6,,$10.877.800,https://acdn-us.mitiendanube.com/stores/005/775/403/products/297-10_1-6b6d4b497ee086bafb17393091542061-1024-1024.png,"https://acdn-us.mitiendanube.com/stores/005/775/403/products/297-10_2-fe11ca236e0bf2beb217393091575172-1024-1024.png,https://acdn-us.mitiendanube.com/stores/005/775/403/products/297-10_3-011ffc59eb1c40c81717393091608364-1024-1024.png,https://acdn-us.mitiendanube.com/stores/005/775/403/products/297-10_4-9e7fe0403c2547b7b317393091643359-1024-1024.png,https://acdn-us.mitiendanube.com/stores/005/775/403/products/297-10_5-6f43c6931e527bbe3517393091677035-1024-1024.png,https://acdn-us.mitiendanube.com/stores/005/775/403/products/img_7981-scaled-8ea99da68073d47eb017393091712954-1024-1024.jpg,https://acdn-us.mitiendanube.com/stores/005/775/403/products/img_7984-scaled-63b2c6f5d2e71e011a17393091751925-1024-1024.jpg,https://acdn-us.mitiendanube.com/stores/005/775/403/products/img_7996-scaled-24c77b8a5290ef1d3417393091795587-1024-1024.jpg"
https://gerf.com.ar/productos/zapatillas-noa-blanco-gris/,309|07|25,309|07,Zapatillas Noa Blanco/Gris,266628515,NIÑOS|Niños|Zapatillas,$73.000,$0,129,0,0,0,0,,$19.445,0,0,0,0,,0,0,0,0,0,,$9.417.000,https://acdn-us.mitiendanube.com/stores/005/775/403/products/feed_1080x1080_361_3-8e4e3fcf2b6258bc3a17454251600810-1024-1024.png,"https://acdn-us.mitiendanube.com/stores/005/775/403/products/feed_1080x1080_361_2-bb681324f430719ce217454251598276-1024-1024.png,https://acdn-us.mitiendanube.com/stores/005/775/403/products/feed_1080x1080_361_6-013d66d1fc96f0064f17454251601882-1024-1024.png"
https://gerf.com.ar/productos/Zapatillas-Chalten-Verde-Lima-297-37/,297|37|35,297|37,Zapatillas Chalten Verde Lima,254866201,Ofertas|LiquidaciondeTemporada|CALZADOM|CalzadosdeMujer|Zapatillas|VERTODO,$79.400,$0,94,0,0,0,0,,$0,0,0,0,0,,0,0,0,0,0,,$0,https://acdn-us.mitiendanube.com/stores/005/775/403/products/297-37_1-7b75503df97813ce4c17393085645820-1024-1024.jpeg,"https://acdn-us.mitiendanube.com/stores/005/775/403/products/297-37_2-829f409bef8e5b0a8417393085673415-1024-1024.jpeg,https://acdn-us.mitiendanube.com/stores/005/775/403/products/297-37_3-35e9d0067909df328d17393085708696-1024-1024.jpeg,https://acdn-us.mitiendanube.com/stores/005/775/403/products/297-37_4-a70f493694ea5d166b17393085737780-1024-1024.jpeg,https://acdn-us.mitiendanube.com/stores/005/775/403/products/297-37_5-fafa3bbabc52b15ab117393085774961-1024-1024.jpeg"
https://gerf.com.ar/productos/Zapatillas-Danubio-Azul-299-20/,299|20|39,299|20,Zapatillas Danubio Azul,254866597,Ofertas|LiquidaciondeTemporada|CALZADOH|CalzadodeHombre|Zapatillas|VERTODO,$88.300,$44.150,80,0,0,0,0,,$4.440,0,0,0,0,$1.974,0,0,3,1,4,,$3.532.000,https://acdn-us.mitiendanube.com/stores/005/775/403/products/299-20_1-27f98057c1892e375317393100625837-1024-1024.png,
https://gerf.com.ar/productos/zapatillas-fortex-velcro-blanco-gris/,320|07|25,320|07,Zapatillas Fortex Velcro Blanco/Gris,266787703,NIÑOS|Niños|Zapatillas,$64.800,$0,62,0,0,0,0,,$3.102,0,0,0,0,,0,0,0,7,7,,$4.017.600,https://acdn-us.mitiendanube.com/stores/005/775/403/products/feed_1080x1080_358_3-9782193fd61463a41c17454867839414-1024-1024.png,"https://acdn-us.mitiendanube.com/stores/005/775/403/products/feed_1080x1080_358_2-46443cc3e681ad9b5317454867838798-1024-1024.png,https://acdn-us.mitiendanube.com/stores/005/775/403/products/feed_1080x1080_358_6-752c4ea8c42e6f991017454867836585-1024-1024.png"
https://gerf.com.ar/productos/medias-gerf-cana-alta-voley-con-ventola-blanco/,7415|01|M,7415|01,Medias Gerf Caña Alta Voley con Ventola Blanco,259284898,IndumentariayAccesorios|Indumentaria|Medias,$6.700,$0,60,0,0,0,0,,$0,0,0,0,0,,0,0,0,0,0,,$402.000,https://acdn-us.mitiendanube.com/stores/005/775/403/products/feed_1080x1080_medias_01-efdbcb468f5b1d44f617417016939755-1024-1024.png,
https://gerf.com.ar/productos/medias-gerf-bici-cana-alta-elastizadas-blanco/,7418|01|M,7418|01,Medias Gerf Bici Caña Alta Elastizadas Blanco,259284895,IndumentariayAccesorios|Indumentaria|Medias,$6.700,$0,42,0,0,0,0,,$0,0,0,0,0,,0,0,0,0,0,,$281.400,https://acdn-us.mitiendanube.com/stores/005/775/403/products/feed_1080x1080_medias_02-c1389c9a659f416de017417017603538-1024-1024.png,
https://gerf.com.ar/productos/Zapatillas-Ranger-Beige-314-134/,314|134|39,314|134,Zapatillas Ranger Beige,254863511,Ofertas|LiquidaciondeTemporada|CALZADOH|CalzadodeHombre,$74.800,$37.400,41,0,0,0,0,,$3.918,0,0,0,0,$3.189,0,2,0,0,2,,$1.533.400,https://acdn-us.mitiendanube.com/stores/005/775/403/products/314-134_1-d1ffaafd87c7bfd07117393065576211-1024-1024.jpg,
https://gerf.com.ar/productos/Ojotas-Summer-Amarillo-1010-152/,1010|152|35,1010|152,Ojotas Summer Amarillo,254863091,Ofertas|LiquidaciondeTemporada|CALZADOM|CalzadosdeMujer|Ojotas|VERTODO,$34.800,$17.400,23,0,0,0,0,,$305,0,0,0,0,$3.449,0,1,1,0,2,,$400.200,https://acdn-us.mitiendanube.com/stores/005/775/403/products/1010-152_1-ff2e2a151eb8e7f01917393062128228-1024-1024.jpg,"https://acdn-us.mitiendanube.com/stores/005/775/403/products/1010-152_2-2f5ea006d919f4e7c517393062156613-1024-1024.jpg,https://acdn-us.mitiendanube.com/stores/005/775/403/products/1010-152_3-9b383824e2ec9a0ffd17393062182856-1024-1024.jpg,https://acdn-us.mitiendanube.com/stores/005/775/403/products/1010-152_4-9b0b65d4bd82c24ce117393062212990-1024-1024.jpg,https://acdn-us.mitiendanube.com/stores/005/775/403/products/1010-152_5-5dc63353dac62f834217393062240045-1024-1024.jpg"
https://gerf.com.ar/productos/bahamas-malla-de-bano-pt-sporty-coral/,7001|70|S,7001|70,Bahamas Malla de Baño PT Sporty Coral,259280736,IndumentariayAccesorios|Indumentaria|Shorts,$27.990,$19.593,14,0,0,0,0,,$0,0,0,0,0,$182,0,0,0,0,0,,$391.860,https://acdn-us.mitiendanube.com/stores/005/775/403/products/7001-70_1-1bc2562cba3bc807e117416851387283-1024-1024.png,
https://gerf.com.ar/productos/Kiwi-Top-Basico-PT-Sporty-Gris-7005-50/,7005|50|S,7005|50,Kiwi Top Basico PT Sporty Gris,254866641,IndumentariayAccesorios|Indumentaria|Tops,$19.990,$13.993,13,0,0,0,0,,$0,0,0,0,0,$2.088,0,0,0,0,0,,$259.870,https://acdn-us.mitiendanube.com/stores/005/775/403/products/7005-50_1-0f50311fbb6b9b364717393101621274-1024-1024.png,
https://gerf.com.ar/productos/Bahamas-Malla-de-Bano-PT-Sporty-Ocean-7001-180/,7001|180|S,7001|180,Bahamas Malla de Bano PT Sporty Ocean,259184672,IndumentariayAccesorios|Indumentaria|Shorts,$27.990,$19.593,12,0,0,0,0,,$0,0,0,0,0,$281,0,0,0,0,0,,$335.880,https://acdn-us.mitiendanube.com/stores/005/775/403/products/7001-180_1-55fab11d3e850ee87217416849324971-1024-1024.png,
https://gerf.com.ar/productos/esparta-short-comp-pt-sporty-terracota/,7006|149|S,7006|149,Esparta Short Comp. PT Sporty Terracota,265235896,PROMO3X2|IndumentariayAccesorios|Indumentaria|Shorts,$29.990,$20.993,11,0,0,0,0,,$0,0,0,0,0,$539,0,0,0,0,0,,$329.890,https://acdn-us.mitiendanube.com/stores/005/775/403/products/feed_1080x1080_356_1-a5fadc81a0ad99069417447252203762-1024-1024.png,
https://gerf.com.ar/productos/buzo-philip-rustico-gerf-negro/,7000|10,7000|10,Buzo Philip Rustico Gerf Negro,254080865,IndumentariayAccesorios|Indumentaria|Buzos,$63.990,$0,10,0,0,0,0,,$0,0,0,0,0,,0,0,0,0,0,,$639.900,https://acdn-us.mitiendanube.com/stores/005/775/403/products/ropa-59-1d72f0e424eb3cfbf917388447595439-1024-1024.jpg,"https://acdn-us.mitiendanube.com/stores/005/775/403/products/ropa-58-e45b2a95700b9a5cd317388447594408-1024-1024.jpg,https://acdn-us.mitiendanube.com/stores/005/775/403/products/ropa-205-3e817b50ba752afa1517388447591729-1024-1024.jpg,https://acdn-us.mitiendanube.com/stores/005/775/403/products/ropa-43-7883ace60ec3f6fc0217388447599004-1024-1024.jpg,https://acdn-us.mitiendanube.com/stores/005/775/403/products/ropa-61-148038b25c14229b7517388447593214-1024-1024.jpg,https://acdn-us.mitiendanube.com/stores/005/775/403/products/ropa-94-3c964fc224fccc08d017388447592076-1024-1024.jpg"
https://gerf.com.ar/productos/buzo-philip-rustico-gerf-gris/,7000|50,7000|50,Buzo Philip Rustico Gerf Gris,259155820,IndumentariayAccesorios|Indumentaria|Buzos,$63.990,$0,10,0,0,0,0,,$0,0,0,0,0,,0,0,0,0,0,,$639.900,https://acdn-us.mitiendanube.com/stores/005/775/403/products/ropa-42-55c3ce3b765c9361c917416231627998-1024-1024.jpg,"https://acdn-us.mitiendanube.com/stores/005/775/403/products/ropa-27-1-f0eb3462d59a9f2b7f17416231711579-1024-1024.jpg,https://acdn-us.mitiendanube.com/stores/005/775/403/products/ropa-34-1-676e1be7adbf437a1217416231790591-1024-1024.jpg,https://acdn-us.mitiendanube.com/stores/005/775/403/products/ropa-29-2-7b0bae67c38a46027317416231860060-1024-1024.jpg,https://acdn-us.mitiendanube.com/stores/005/775/403/products/ropa-31-2ac2367e58fe5806c017416231919277-1024-1024.jpg"
https://gerf.com.ar/productos/Zapatillas-Dione-Rojo-Unisex-60-40/,60|40|36,60|40,Zapatillas Dione Rojo Unisex,254864384,CALZADOH|CalzadodeHombre|Zapatillas|VERTODO|CALZADOM|CalzadosdeMujer|Zapatillas|VERTODO,$84.000,$0,9,0,0,0,0,,$0,0,0,0,0,,0,0,0,0,0,,$0,https://acdn-us.mitiendanube.com/stores/005/775/403/products/60-40_1-169860b4810cbd007917393072603142-1024-1024.jpg,"https://acdn-us.mitiendanube.com/stores/005/775/403/products/60-40_2-a8f89ea91da19dc42c17393072627901-1024-1024.jpg,https://acdn-us.mitiendanube.com/stores/005/775/403/products/60-40_3-312e383f0056d076e917393072658489-1024-1024.jpg,https://acdn-us.mitiendanube.com/stores/005/775/403/products/60-40_4-79825c485a8724c56f17393072684395-1024-1024.jpg"
https://gerf.com.ar/productos/Kiwi-Top-Basico-PT-Sporty-Terracota-7005-149/,7005|149|S,7005|149,Kiwi Top Basico PT Sporty Terracota,254866643,IndumentariayAccesorios|Indumentaria|Tops,$19.990,$13.993,8,0,0,0,0,,$0,0,0,0,0,$4.446,0,0,0,0,0,,$159.920,https://acdn-us.mitiendanube.com/stores/005/775/403/products/7005-149_1-d54b9b97219adf0c9717393101651073-1024-1024.png,
https://gerf.com.ar/productos/Remera-Gerf-Hades-Blanco-7002-01/,7002|01|S,7002|01,Remera Gerf Hades Blanco,254866618,IndumentariayAccesorios|Indumentaria|Remeras,$32.990,$0,8,0,0,0,0,,$0,0,0,0,0,,0,0,0,0,0,,$263.920,https://acdn-us.mitiendanube.com/stores/005/775/403/products/7002-01_1-scaled-38cf2460e93b4d76e617393100967520-1024-1024.jpg,"https://acdn-us.mitiendanube.com/stores/005/775/403/products/7002-01_2-scaled-a8cb3185c69434088317393101006368-1024-1024.jpg,https://acdn-us.mitiendanube.com/stores/005/775/403/products/7002-01_3-scaled-b2d3e769ad462777e117393101049504-1024-1024.jpg"
https://gerf.com.ar/productos/Remera-733-Hades-Azul-7003-20/,7003|20|S,7003|20,Remera 733 Hades Azul,254866632,IndumentariayAccesorios|Indumentaria|Remeras,$32.990,$0,8,0,0,0,0,,$0,0,0,0,0,,0,0,0,0,0,,$263.920,https://acdn-us.mitiendanube.com/stores/005/775/403/products/7003-20_1-scaled-de80a1cb982b10853817393101486733-1024-1024.jpg,https://acdn-us.mitiendanube.com/stores/005/775/403/products/7003-20_2-scaled-bead394d023c74e75017393101521662-1024-1024.jpg
https://gerf.com.ar/productos/remera-gerf-con-todo-negro/,7004|10|S,7004|10,"Remera Gerf ""CON TODO"" Negro",259408008,IndumentariayAccesorios|Indumentaria|Remeras,$32.990,$0,8,0,0,0,0,,$0,0,0,0,0,,0,0,0,0,0,,$263.920,,
https://gerf.com.ar/productos/Ojotas-Lyon-Azul-306-20/,306|20|39-0,306|20,Ojotas Lyon Azul,254866552,CALZADOH|CalzadodeHombre|Ojotas|VERTODO,$19.900,$0,6,0,0,0,0,,$0,0,0,0,0,,5,6,0,0,11,,$119.400,https://acdn-us.mitiendanube.com/stores/005/775/403/products/306-20_1-f668398733126c1eea17393098503001-1024-1024.png,"https://acdn-us.mitiendanube.com/stores/005/775/403/products/306-20_2-f6107d9f2b60f00d6d17393098537034-1024-1024.png,https://acdn-us.mitiendanube.com/stores/005/775/403/products/306-20_3-a1c9c0df5ed571683617393098571401-1024-1024.png,https://acdn-us.mitiendanube.com/stores/005/775/403/products/306-20_4-5a01afc214dd8b212217393098606520-1024-1024.png,https://acdn-us.mitiendanube.com/stores/005/775/403/products/306-20_5-5780c8e8b621ceb36e17393098645198-1024-1024.png"
https://gerf.com.ar/productos/Zapatillas-Volta-Rosa-Unisex-97-80/,97|80|36,97|80,Zapatillas Volta Rosa Unisex,254865748,Ofertas|LiquidaciondeTemporada|CALZADOM|CalzadosdeMujer|Zapatillas|VERTODO,$61.400,$30.700,5,0,0,0,0,,$0,0,0,0,0,$1.850,0,0,0,0,0,,$153.500,https://acdn-us.mitiendanube.com/stores/005/775/403/products/97-80_1-3efa28eaccc452581c17393078182302-1024-1024.jpg,
https://gerf.com.ar/productos/Zapatillas-Monaco-Celeste-87-130/,87|130|39,87|130,Zapatillas Monaco Celeste,254865383,Ofertas|LiquidaciondeTemporada|CALZADOH|CalzadodeHombre|Zapatillas|VERTODO,$71.200,$35.600,5,0,0,0,0,,$0,0,0,0,0,$1.238,3,0,3,1,7,,$178.000,https://acdn-us.mitiendanube.com/stores/005/775/403/products/87-130_1-64314a75e3d52463a517393076230585-1024-1024.jpg,
https://gerf.com.ar/productos/esparta-short-comp-pt-sporty-verde-lima/,7006|37|S,7006|37,Esparta Short Comp. PT Sporty Verde Lima,265236793,PROMO3X2|IndumentariayAccesorios|Indumentaria|Shorts,$29.990,$20.993,4,0,0,0,0,,$0,0,0,0,0,$398,0,0,0,0,0,,$119.960,https://acdn-us.mitiendanube.com/stores/005/775/403/products/feed_1080x1080_357_1-85535dc97eff5b6b2117447254319214-1024-1024.png,
https://gerf.com.ar/productos/medias-gerf-bici-cana-alta-elastizadas-negro/,7418|10|M,7418|10,Medias Gerf Bici Caña Alta Elastizadas Negro,259284896,IndumentariayAccesorios|Indumentaria|Medias,$6.700,$0,2,0,0,0,0,,$0,0,0,0,0,,0,0,0,0,0,,$13.400,https://acdn-us.mitiendanube.com/stores/005/775/403/products/feed_1080x1080_medias_09-768149d59dffdc215f17417017372280-1024-1024.png,
https://gerf.com.ar/productos/medias-gerf-bici-cana-ancha-negro/,7417|10|M,7417|10,Medias Gerf Bici Caña Ancha Negro,259284894,IndumentariayAccesorios|Indumentaria|Medias,$5.400,$0,2,0,0,0,0,,$0,0,0,0,0,,0,0,0,0,0,,$10.800,https://acdn-us.mitiendanube.com/stores/005/775/403/products/feed_1080x1080_medias_10-f5d2ee849da263d7e017417017947811-1024-1024.png,
https://gerf.com.ar/productos/Panchas-Apolo-Marron-85-100/,85|100|39,85|100,Panchas Apolo Marron,254865292,Ofertas,$51.000,$0,2,0,0,0,0,,$0,0,0,0,0,,0,0,0,0,0,,$0,https://acdn-us.mitiendanube.com/stores/005/775/403/products/85-100_1-f19a67401d2632aa6617393075743129-1024-1024.jpg,
https://gerf.com.ar/productos/baseball-3d-rosa/,12280|80,12280|80,Baseball 3D Rosa,259289878,IndumentariayAccesorios|Accesorios|Gorras,$19.500,$0,2,0,0,0,0,,$0,0,0,0,0,,0,0,0,0,0,,$39.000,https://acdn-us.mitiendanube.com/stores/005/775/403/products/12280-80_1-4467344c3cf7c9996d17416954545523-1024-1024.png,https://acdn-us.mitiendanube.com/stores/005/775/403/products/8-1-0091f59b35f93fbf0b17417002019668-1024-1024.jpeg
https://gerf.com.ar/productos/Ojotas-Laurent-Avorio-4456-139/,4456|139|39,4456|139,Ojotas Laurent Avorio,254866609,CALZADOH|CalzadodeHombre|Ojotas|VERTODO,$37.200,$18.600,1,0,0,0,0,,$0,0,0,0,0,,0,1,0,0,1,,$18.600,https://acdn-us.mitiendanube.com/stores/005/775/403/products/4456-139_1-36471cf114758a110517393100926944-1024-1024.png,
https://gerf.com.ar/productos/Panchas-Xifron-Marron-95-100/,95|100|39,95|100,Panchas Xifron Marron,254865675,CALZADOH|CalzadodeHombre|Zapatillas,$58.100,$0,1,0,0,0,0,,$0,0,0,0,0,,0,0,0,0,0,,$0,https://acdn-us.mitiendanube.com/stores/005/775/403/products/95-100_1-07f1730316555476e417393077833278-1024-1024.jpg,"https://acdn-us.mitiendanube.com/stores/005/775/403/products/95-100_2-7903e891da8bdc00e317393077863296-1024-1024.jpg,https://acdn-us.mitiendanube.com/stores/005/775/403/products/95-100_3-35b9af0f6ff47d837517393077887557-1024-1024.jpg"
https://gerf.com.ar/productos/Panchas-Xifron-Gris-95-50/,95|50|39,95|50,Panchas Xifron Gris,254865693,CALZADOH|CalzadodeHombre|Zapatillas,$58.100,$0,1,0,0,0,0,,$0,0,0,0,0,,0,0,0,0,0,,$0,https://acdn-us.mitiendanube.com/stores/005/775/403/products/95-50_1-27eda37ffbe27c002317393077998048-1024-1024.jpg,
https://gerf.com.ar/productos/Zapatillas-Ariel-Negro-Combinado-Unisex-78-114/,78|114|35,78|114,Zapatillas Ariel Negro Combinado Unisex,254865027,Ofertas,$51.500,$0,1,0,0,0,0,,$0,0,0,0,0,,0,0,0,0,0,,$0,https://acdn-us.mitiendanube.com/stores/005/775/403/products/78-114_1-4d19e0dd6e619a3b4717393074961785-1024-1024.jpg,"https://acdn-us.mitiendanube.com/stores/005/775/403/products/78-114_2-68e8f6eea352fa6de417393074994540-1024-1024.jpg,https://acdn-us.mitiendanube.com/stores/005/775/403/products/78-114_3-9d3d14a4eaf097e37217393075026622-1024-1024.jpg,https://acdn-us.mitiendanube.com/stores/005/775/403/products/78-114_4-4d38c5232ae4c9e43217393075054067-1024-1024.jpg,https://acdn-us.mitiendanube.com/stores/005/775/403/products/78-114_5-f5a26c92156effb60817393075088599-1024-1024.jpg"
https://gerf.com.ar/productos/Ojotas-Laurent-Avorio-4456-164/,4456|164|39,4456|164,Ojotas Laurent Avorio,254866614,CALZADOH|CalzadodeHombre|Ojotas|VERTODO,$37.200,$18.600,1,0,0,0,0,,$0,0,0,0,0,,0,0,0,0,0,,$18.600,,
https://gerf.com.ar/productos/bahamas-malla-de-bano-pt-sporty-camuflado/,7001|144|S,7001|144,Bahamas Malla de Baño PT Sporty Camuflado,259280742,IndumentariayAccesorios|Indumentaria|Shorts,$27.990,$19.593,1,0,0,0,0,,$0,0,0,0,0,$1.940,0,0,0,0,0,,$27.990,https://acdn-us.mitiendanube.com/stores/005/775/403/products/7001-144_1-f786b7b4a602f34fe717416851863920-1024-1024.png,
https://gerf.com.ar/productos/gorra-gerf-baseball-blanco/,120109|01,120109|01,Baseball Blanco,259284909,IndumentariayAccesorios|Accesorios|Gorras,$19.500,$0,1,0,0,0,0,,$0,0,0,0,0,,0,0,0,0,0,,$19.500,https://acdn-us.mitiendanube.com/stores/005/775/403/products/120109-01_1-03fd826da5d568137417416944764913-1024-1024.png,"https://acdn-us.mitiendanube.com/stores/005/775/403/products/baseball-2-a278156c843978bd0e17416945635961-1024-1024.jpeg,https://acdn-us.mitiendanube.com/stores/005/775/403/products/baseball-2-2-a6c956b6d5e5b7de8d17416945836371-1024-1024.jpeg"
https://gerf.com.ar/productos/gorra-gerf-vintage-bicolor-azul-gris/,122806|22,122806|22,Gorra Vintage Bordado Gerf Azul/Gris,259284911,IndumentariayAccesorios|Accesorios|Gorras,$23.700,$0,1,0,0,0,0,,$0,0,0,0,0,,0,0,0,0,0,,$23.700,https://acdn-us.mitiendanube.com/stores/005/775/403/products/122806-22_1-ef2b5790c08db2c78317416942053399-1024-1024.png,
https://gerf.com.ar/productos/gorra-vintage-logo-bordado-verde-claro/,120107|197,120107|197,Gorra Vintage Logo Bordado Verde Claro,259285626,IndumentariayAccesorios|Accesorios|Gorras,$23.700,$0,1,0,0,0,0,,$0,0,0,0,0,,0,0,0,0,0,,$23.700,https://acdn-us.mitiendanube.com/stores/005/775/403/products/120107-197_1-55f02c9662c958245117416941261698-1024-1024.png,https://acdn-us.mitiendanube.com/stores/005/775/403/products/vintage-6-1-4c43389614d567baca17416993010482-1024-1024.jpeg
https://gerf.com.ar/productos/gorra-gerf-vintage-logo-bordado-azul/,120107|20,120107|20,Gorra Vintage Logo Bordado Azul,259284912,IndumentariayAccesorios|Accesorios|Gorras,$23.700,$0,1,0,0,0,0,,$0,0,0,0,0,,0,0,0,0,0,,$23.700,https://acdn-us.mitiendanube.com/stores/005/775/403/products/120107-20_1-d7db2af939f14beb0317416939221162-1024-1024.png,
https://gerf.com.ar/productos/baseball-azul/,120109|20,120109|20,Baseball Azul,259286116,IndumentariayAccesorios|Accesorios|Gorras,$19.500,$0,1,0,0,0,0,,$0,0,0,0,0,,0,0,0,0,0,,$19.500,https://acdn-us.mitiendanube.com/stores/005/775/403/products/120109-20_1-39fdfbe7faac39683b17416947210245-1024-1024.png,"https://acdn-us.mitiendanube.com/stores/005/775/403/products/baseball-3-1-b34d6d02a1c6da662b17416988007031-1024-1024.jpeg,https://acdn-us.mitiendanube.com/stores/005/775/403/products/baseball-3-2-1-d2fc60733cbd013e3a17416988136081-1024-1024.jpeg"
https://gerf.com.ar/productos/baseball-3d-bordo/,12280|111,12280|111,Baseball 3D Bordo,259289956,IndumentariayAccesorios|Accesorios|Gorras,$19.500,$0,1,0,0,0,0,,$0,0,0,0,0,,0,0,0,0,0,,$19.500,https://acdn-us.mitiendanube.com/stores/005/775/403/products/12280-111_1-40bf7ae11131ca79af17416955251442-1024-1024.png,https://acdn-us.mitiendanube.com/stores/005/775/403/products/2-1-03d74df77fb70fc12717417004010421-1024-1024.jpeg
https://gerf.com.ar/productos/Zapatillas-Toronto-Negro-311-10/,311|10|39,311|10,Zapatillas Toronto Negro,254863459,Ofertas|LiquidaciondeTemporada|CALZADOH|CalzadodeHombre,$68.200,$0,1,0,0,0,0,,$0,0,0,0,0,,0,0,0,0,0,,$0,https://acdn-us.mitiendanube.com/stores/005/775/403/products/311-10_1-b440f46df837da5d7c17393065238494-1024-1024.jpg,https://acdn-us.mitiendanube.com/stores/005/775/403/products/311-10_1-e2561d8286b1c510a617393065250454-1024-1024.jpg
https://gerf.com.ar/productos/piluso-vintage-con-bordado-gerf-azul/,2521|20,2521|20,Piluso Vintage con Bordado Gerf Azul,259285177,IndumentariayAccesorios|Accesorios|Gorras,$25.500,$0,1,0,0,0,0,,$0,0,0,0,0,,0,0,0,0,0,,$25.500,https://acdn-us.mitiendanube.com/stores/005/775/403/products/2521-20_1-27e3c7e66c72814f4e17416936456853-1024-1024.png,
https://gerf.com.ar/productos/gorra-gerf-trucker-bordo/,121919|111,121919|111,Trucker Bricdar Bordo,259284914,IndumentariayAccesorios|Accesorios|Gorras,$23.700,$0,1,0,0,0,0,,$0,0,0,0,0,,0,0,0,0,0,,$23.700,https://acdn-us.mitiendanube.com/stores/005/775/403/products/121919-111_1-c49cb636e19aaec0ea17416937791296-1024-1024.png,
https://gerf.com.ar/productos/gorra-vintage-bordado-gerf-negro-verde/,122806|195,122806|195,Gorra Vintage Bordado Gerf Negro/Verde,259285811,IndumentariayAccesorios|Accesorios|Gorras,$23.700,$0,1,0,0,0,0,,$0,0,0,0,0,,0,0,0,0,0,,$23.700,https://acdn-us.mitiendanube.com/stores/005/775/403/products/122806-195_1-2351fd7f846117817e17416943931361-1024-1024.png,https://acdn-us.mitiendanube.com/stores/005/775/403/products/vintage-bi-3-1-41c5070cb139dcbcc317416990505517-1024-1024.jpeg
https://gerf.com.ar/productos/gorra-gerf-baseball-3d-rojo/,12280|40,12280|40,Baseball 3D Rojo,259284908,IndumentariayAccesorios|Accesorios|Gorras,$19.500,$0,1,0,0,0,0,,$0,0,0,0,0,,0,0,0,0,0,,$19.500,https://acdn-us.mitiendanube.com/stores/005/775/403/products/12280-40_1-79983527fa5fce361917416953734519-1024-1024.png,
https://gerf.com.ar/productos/Ojotas-Summer-Negro-1010-10/,1010|10|35,1010|10,Ojotas Summer Negro,254863057,Ofertas|LiquidaciondeTemporada|CALZADOM|CalzadosdeMujer|Ojotas|VERTODO,$34.800,$17.400,0,0,0,0,0,,$0,0,0,0,0,,1,0,0,0,1,,$0,https://acdn-us.mitiendanube.com/stores/005/775/403/products/1010-10_1-308f18350a9ff9cb8f17393061782942-1024-1024.jpg,"https://acdn-us.mitiendanube.com/stores/005/775/403/products/1010-10_2-9a645f81f9e7f9f63417393061809826-1024-1024.jpg,https://acdn-us.mitiendanube.com/stores/005/775/403/products/1010-10_3-e1a61c75b549298ccc17393061843837-1024-1024.jpg,https://acdn-us.mitiendanube.com/stores/005/775/403/products/1010-10_4-c8e70725ceba7bf1e717393061875324-1024-1024.jpg"
https://gerf.com.ar/productos/Zapatillas-Pissis-Lavanda-298-147/,298|147|25,298|147,Zapatillas Pissis Lavanda,254866097,NIÑOS|Niños,$57.200,$28.600,0,0,0,0,0,,$0,0,0,0,0,,1,0,2,0,3,,$0,https://acdn-us.mitiendanube.com/stores/005/775/403/products/feed_1080x1080_254_3-32c190606a9b4d58bd17393083366715-1024-1024.png,"https://acdn-us.mitiendanube.com/stores/005/775/403/products/feed_1080x1080_254_6-a13cf020f4145960b317393083407822-1024-1024.png,https://acdn-us.mitiendanube.com/stores/005/775/403/products/feed_1080x1080_254_4-1c35acdd9e6a658f4617393083452666-1024-1024.png,https://acdn-us.mitiendanube.com/stores/005/775/403/products/feed_1080x1080_254_2-484aeda1e44d11188c17393083497499-1024-1024.png,https://acdn-us.mitiendanube.com/stores/005/775/403/products/feed_1080x1080_254_1-ecd65246ced98a434017393083543859-1024-1024.png"
https://gerf.com.ar/productos/Zapatillas-Sakura-Negras-244-10/,244|10|36,244|10,Zapatillas Sakura Negras,254865804,Ofertas|LiquidaciondeTemporada|CALZADOM|CalzadosdeMujer|Zapatillas|VERTODO,$57.500,$28.750,0,0,0,0,0,,$0,0,0,0,0,,0,0,0,0,0,,$0,https://acdn-us.mitiendanube.com/stores/005/775/403/products/244-10_1-b0f5161019b73eec4c17393078806322-1024-1024.jpg,"https://acdn-us.mitiendanube.com/stores/005/775/403/products/244-10_2-b85f5d9e6a0e7eeec917393078831553-1024-1024.jpg,https://acdn-us.mitiendanube.com/stores/005/775/403/products/244-10_3-0742bc00927e59a8da17393078858365-1024-1024.jpg,https://acdn-us.mitiendanube.com/stores/005/775/403/products/244-10_4-95ca742b14f4d6fc1f17393078889773-1024-1024.jpg,https://acdn-us.mitiendanube.com/stores/005/775/403/products/244-10_5-259eec381cfbd2f41e17393078923326-1024-1024.jpg"
https://gerf.com.ar/productos/Zapatillas-Mirror-Gris-Unisex-24-50/,24|50|35,24|50,Zapatillas Mirror Gris Unisex,254863269,Ofertas|CALZADOH|CalzadodeHombre,$58.600,$29.300,0,0,0,0,0,,$0,0,0,0,0,,0,1,1,1,3,,$0,https://acdn-us.mitiendanube.com/stores/005/775/403/products/24-50_1-035fa857f8d2b4667f17393063433198-1024-1024.jpg,"https://acdn-us.mitiendanube.com/stores/005/775/403/products/24-50_2-a23d89b663c864589317393063460805-1024-1024.jpg,https://acdn-us.mitiendanube.com/stores/005/775/403/products/24-50_3-97bc4544bdaa3bda2117393063490864-1024-1024.jpg,https://acdn-us.mitiendanube.com/stores/005/775/403/products/24-50_4-97e1cc8c5ea03c419b17393063524066-1024-1024.jpg,https://acdn-us.mitiendanube.com/stores/005/775/403/products/24-50_5-df8d1301b99ad0124317393063549989-1024-1024.jpg"
https://gerf.com.ar/productos/Zapatillas-Vulka-Blanco-Unisex-11-01/,11|01|36,11|01,Zapatillas Vulka Blanco Unisex,254863110,Ofertas|LiquidaciondeTemporada,$73.000,$36.500,0,0,0,0,0,,$0,0,0,0,0,,0,2,1,1,4,,$0,https://acdn-us.mitiendanube.com/stores/005/775/403/products/11-01_1-6c8240f47a0d6fa6cb17393062384065-1024-1024.jpg,"https://acdn-us.mitiendanube.com/stores/005/775/403/products/11-01_2-f2e9b5bf7a9a1b59ca17393062415982-1024-1024.jpg,https://acdn-us.mitiendanube.com/stores/005/775/403/products/11-01_3-7f0dba17fa8e9ef9eb17393062442902-1024-1024.jpg,https://acdn-us.mitiendanube.com/stores/005/775/403/products/11-01_4-6858fe47e58e6a63f617393062469310-1024-1024.jpg,https://acdn-us.mitiendanube.com/stores/005/775/403/products/11-01_5-43850ebf36982ea50f17393062502031-1024-1024.jpg"
https://gerf.com.ar/productos/Zapatillas-Mirror-Rosa-de-Mujer-24-80/,24|80|35,24|80,Zapatillas Mirror Rosa de Mujer,254863287,Ofertas|CALZADOH|CalzadodeHombre,$58.600,$29.300,0,0,0,0,0,,$0,0,0,0,0,,0,0,0,0,0,,$0,https://acdn-us.mitiendanube.com/stores/005/775/403/products/24-80_1-780676f138f0cb8b3117393063581855-1024-1024.jpg,"https://acdn-us.mitiendanube.com/stores/005/775/403/products/24-80_2-ebc221537b87ad0c5b17393063611212-1024-1024.jpg,https://acdn-us.mitiendanube.com/stores/005/775/403/products/24-80_3-9273ba2a501f7ba6b017393063637813-1024-1024.jpg,https://acdn-us.mitiendanube.com/stores/005/775/403/products/24-80_4-aa493f76d1b778d7b417393063667113-1024-1024.jpg,https://acdn-us.mitiendanube.com/stores/005/775/403/products/24-80_5-ee95071ad00e83013d17393063694886-1024-1024.jpg"
https://gerf.com.ar/productos/buzo-philip-rustico-gerf-gris-jaspeado/,7000|166,7000|166,Buzo Philip Rustico Gerf Gris Jaspeado,259151119,IndumentariayAccesorios|Indumentaria|Buzos,$63.990,$0,0,0,0,0,0,,$0,0,0,0,0,,0,0,0,0,0,,$0,https://acdn-us.mitiendanube.com/stores/005/775/403/products/ropa-121-1-copia-d6fcf7730ee631202117424879329619-1024-1024.jpg,"https://acdn-us.mitiendanube.com/stores/005/775/403/products/ropa-133-1-abac12e357b6bf20de17416226601048-1024-1024.jpg,https://acdn-us.mitiendanube.com/stores/005/775/403/products/ropa-122-a8cb2c0c0d28caf96a17416226882916-1024-1024.jpg,https://acdn-us.mitiendanube.com/stores/005/775/403/products/ropa-132-1d9912fa122a1b1c2117416227222602-1024-1024.jpg"
https://gerf.com.ar/productos/gorra-vintage-logo-bordado-verde-ocuro/,120107|198,120107|198,Gorra Vintage Logo Bordado Verde Ocuro,259285643,IndumentariayAccesorios|Accesorios|Gorras,$23.700,$0,0,0,0,0,0,,$0,0,0,0,0,,0,0,0,0,0,,$0,https://acdn-us.mitiendanube.com/stores/005/775/403/products/120107-198_1-dd90c642df80e8767217416941502974-1024-1024.png,https://acdn-us.mitiendanube.com/stores/005/775/403/products/vintage-5-1-bd84ef167ebddc838017416992436461-1024-1024.jpeg
https://gerf.com.ar/productos/Panchas-Apolo-Verde-85-30/,85|30|39,85|30,Panchas Apolo Verde,254865302,Ofertas,$51.000,$0,0,0,0,0,0,,$0,0,0,0,0,,2,1,1,1,5,,$0,https://acdn-us.mitiendanube.com/stores/005/775/403/products/85-30_1-e38ea20d34bb59303f17393075774922-1024-1024.jpg,
https://gerf.com.ar/productos/Zapatillas-Volta-Negro-Camuflado-Unisex-97-126/,97|126|36,97|126,Zapatillas Volta Negro Camuflado Unisex,254865712,Ofertas|LiquidaciondeTemporada|CALZADOH|CalzadodeHombre|Zapatillas|VERTODO|CALZADOM|CalzadosdeMujer|Zapatillas|VERTODO,$61.400,$30.700,0,0,0,0,0,,$0,0,0,0,0,,1,1,1,1,4,,$0,https://acdn-us.mitiendanube.com/stores/005/775/403/products/97-126_1-6e907c45e5c5df7da317393078050509-1024-1024.jpg,
https://gerf.com.ar/productos/Zapatillas-Monaco-Bordo-87-111/,87|111|39,87|111,Zapatillas Monaco Bordo,254865373,Ofertas|LiquidaciondeTemporada|CALZADOH|CalzadodeHombre|Zapatillas|VERTODO,$71.200,$35.600,0,0,0,0,0,,$0,0,0,0,0,,1,2,0,0,3,,$0,https://acdn-us.mitiendanube.com/stores/005/775/403/products/87-111_1-7441c0e3c8250352db17393076197125-1024-1024.jpg,
https://gerf.com.ar/productos/Ojotas-Laurent-Gris-de-Hombre-4456-50/,4456|50|39,4456|50,Ojotas Laurent Gris de Hombre,254863908,CALZADOH|CalzadodeHombre|Ojotas|VERTODO,$37.200,$18.600,0,0,0,0,0,,$0,0,0,0,0,,1,1,1,0,3,,$0,https://acdn-us.mitiendanube.com/stores/005/775/403/products/4456-50_1-76efaab13707be545917393069628294-1024-1024.jpg,
https://gerf.com.ar/productos/Zapatillas-Dione-Verde-de-Mujer-60-30/,60|30|35,60|30,Zapatillas Dione Verde de Mujer,254864337,CALZADOH|CalzadodeHombre|Zapatillas|VERTODO|CALZADOM|CalzadosdeMujer|Zapatillas|VERTODO,$84.000,$0,0,0,0,0,0,,$0,0,0,0,0,,0,0,0,1,1,,$0,https://acdn-us.mitiendanube.com/stores/005/775/403/products/60-30_8-b0bfc4b96db22cc33117393072262525-1024-1024.jpg,"https://acdn-us.mitiendanube.com/stores/005/775/403/products/60-30_7-849a56c5014f98b6d117393072290786-1024-1024.jpg,https://acdn-us.mitiendanube.com/stores/005/775/403/products/60-30_10-96cac37ace3b642bab17393072322249-1024-1024.jpg"
https://gerf.com.ar/productos/Zapatillas-Bulls-One-Blanco-861-01/,861|01|35,861|01,Zapatillas Bulls One Blanco,254865332,Ofertas|LiquidaciondeTemporada|CALZADOM|CalzadosdeMujer|Zapatillas|VERTODO,$74.800,$37.400,0,0,0,0,0,,$0,0,0,0,0,,0,0,1,0,1,,$0,https://acdn-us.mitiendanube.com/stores/005/775/403/products/861-01_1-0c1da6ce721b751c2417393075944101-1024-1024.jpg,
https://gerf.com.ar/productos/Zapatillas-Monaco-Blanco-87-01/,87|01|39,87|01,Zapatillas Monaco Blanco,254865353,Ofertas|LiquidaciondeTemporada|CALZADOH|CalzadodeHombre|Zapatillas|VERTODO,$71.200,$35.600,0,0,0,0,0,,$0,0,0,0,0,,0,0,0,1,1,,$0,https://acdn-us.mitiendanube.com/stores/005/775/403/products/87-01_1-2c21962980d7205d8b17393076140628-1024-1024.jpg,
https://gerf.com.ar/productos/Zapatillas-Monaco-Negro-87-10/,87|10|39,87|10,Zapatillas Monaco Negro,254865363,Ofertas|LiquidaciondeTemporada|CALZADOH|CalzadodeHombre|Zapatillas|VERTODO,$71.200,$35.600,0,0,0,0,0,,$0,0,0,0,0,,0,0,1,0,1,,$0,https://acdn-us.mitiendanube.com/stores/005/775/403/products/87-10_1-141e6f3c519dbabba517393076169111-1024-1024.jpg,
https://gerf.com.ar/productos/Zapatillas-Fenix-Rosa-de-Mujer-93-80/,93|80|35,93|80,Zapatillas Fenix Rosa de Mujer,254865646,Ofertas|CALZADOH|CalzadodeHombre,$56.700,$0,0,0,0,0,0,,$0,0,0,0,0,,0,1,0,0,1,,$0,https://acdn-us.mitiendanube.com/stores/005/775/403/products/93-80_1-5393a44c5d54db32fa17393077465213-1024-1024.jpg,
https://gerf.com.ar/productos/Botitas-Ushuaia-Marron-Lino-Unisex-58-91/,58|91|35,58|91,Botitas Ushuaia Marron Lino Unisex,254864176,Ofertas|LiquidaciondeTemporada|CALZADOH|CalzadodeHombre|Botitas|VERTODO|CALZADOM|CalzadosdeMujer|Botitas|VERTODO,$60.800,$36.480,0,0,0,0,0,,$0,0,0,0,0,,1,0,0,0,1,,$0,https://acdn-us.mitiendanube.com/stores/005/775/403/products/58-91_1-82557111dd96358fa617393071372195-1024-1024.jpg,"https://acdn-us.mitiendanube.com/stores/005/775/403/products/feed_1080x1080_gerf_1_variante02-c37f0c178c47663dc217393071393608-1024-1024.png,https://acdn-us.mitiendanube.com/stores/005/775/403/products/feed_1080x1080_gerf_2-29a1b04e0f4b4472ee17393071425122-1024-1024.png,https://acdn-us.mitiendanube.com/stores/005/775/403/products/feed_1080x1080_gerf_3-13f75df27579f36ffb17393071453228-1024-1024.png"
https://gerf.com.ar/productos/Botitas-Ushuaia-Camuflado-Unisex-58-144/,58|144|35,58|144,Botitas Ushuaia Camuflado Unisex,254864156,Ofertas|LiquidaciondeTemporada|CALZADOH|CalzadodeHombre|Botitas|VERTODO|CALZADOM|CalzadosdeMujer|Botitas|VERTODO,$60.800,$36.480,0,0,0,0,0,,$0,0,0,0,0,,0,0,0,1,1,,$0,https://acdn-us.mitiendanube.com/stores/005/775/403/products/58-144_1-3eda9a3d41fe4baae717393071252718-1024-1024.jpg,"https://acdn-us.mitiendanube.com/stores/005/775/403/products/feed_1080x1080_gerf_1_variante02-80d0db0d18307c69f917393071272909-1024-1024.png,https://acdn-us.mitiendanube.com/stores/005/775/403/products/feed_1080x1080_gerf_2-2f59299285a212cfbe17393071305024-1024-1024.png,https://acdn-us.mitiendanube.com/stores/005/775/403/products/feed_1080x1080_gerf_3-20ab02f2353667997f17393071335831-1024-1024.png"
https://gerf.com.ar/productos/Zapatillas-Volta-Lila-Unisex-97-60/,97|60|36,97|60,Zapatillas Volta Lila Unisex,254865743,Ofertas|LiquidaciondeTemporada|CALZADOM|CalzadosdeMujer|Zapatillas|VERTODO,$61.400,$30.700,0,0,0,0,0,,$0,0,0,0,0,,0,0,1,0,1,,$0,https://acdn-us.mitiendanube.com/stores/005/775/403/products/97-60_1-968fc91e5569dd45d617393078151710-1024-1024.jpg,
https://gerf.com.ar/productos/Zapatillas-Derfell-Blanco-de-Hombre-75-01/,75|01|38,75|01,Zapatillas Derfell Blanco de Hombre,254864858,Ofertas|CALZADOH|CalzadodeHombre,$53.500,$0,0,0,0,0,0,,$0,0,0,0,0,,0,0,1,0,1,,$0,https://acdn-us.mitiendanube.com/stores/005/775/403/products/75-01_5-f988131a58b3b1f3bf17393073979629-1024-1024.jpg,
https://gerf.com.ar/productos/Zapatillas-Derfell-Rojo-de-Hombre-75-40/,75|40|38,75|40,Zapatillas Derfell Rojo de Hombre,254864899,Ofertas|CALZADOH|CalzadodeHombre,$53.500,$0,0,0,0,0,0,,$0,0,0,0,0,,0,1,0,0,1,,$0,https://acdn-us.mitiendanube.com/stores/005/775/403/products/75-40_5-7dca6141c69e1b884817392879113358-1024-1024.jpg,https://acdn-us.mitiendanube.com/stores/005/775/403/products/75-40_5-6fbcb0fbb0f44c17ad17393074163661-1024-1024.jpg
https://gerf.com.ar/productos/Zapatillas-Duma-Negro-27-10/,27|10|35,27|10,Zapatillas Duma Negro,254863381,Ofertas|CALZADOH|CalzadodeHombre,$52.000,$0,0,0,0,0,0,,$0,0,0,0,0,,0,1,0,0,1,,$0,https://acdn-us.mitiendanube.com/stores/005/775/403/products/27-10_1-641f03858692f9c94e17393064513001-1024-1024.jpg,"https://acdn-us.mitiendanube.com/stores/005/775/403/products/27-10_2-a01c93dacfd678639217393064540189-1024-1024.jpg,https://acdn-us.mitiendanube.com/stores/005/775/403/products/27-10_3-1c569c1eace3ea862617393064567741-1024-1024.jpg,https://acdn-us.mitiendanube.com/stores/005/775/403/products/27-10_4-2cc26c9140a55f088017393064594531-1024-1024.jpg"
https://gerf.com.ar/productos/Zapatillas-Duma-Kiwi-27-123/,27|123|35,27|123,Zapatillas Duma Kiwi,254863392,Ofertas|CALZADOH|CalzadodeHombre,$52.000,$0,0,0,0,0,0,,$0,0,0,0,0,,0,0,1,0,1,,$0,https://acdn-us.mitiendanube.com/stores/005/775/403/products/27-123_1-f7c6bfe348b118e81017393064620627-1024-1024.jpg,"https://acdn-us.mitiendanube.com/stores/005/775/403/products/27-123_2-4b43da8ec17ed58c0f17393064650298-1024-1024.jpg,https://acdn-us.mitiendanube.com/stores/005/775/403/products/27-123_3-16ee2a0437ffcb952117393064678559-1024-1024.jpg,https://acdn-us.mitiendanube.com/stores/005/775/403/products/27-123_4-89cf7fbbb56c86913f17393064706154-1024-1024.jpg,https://acdn-us.mitiendanube.com/stores/005/775/403/products/27-123_5-685914ca35ca117abb17393064739490-1024-1024.jpg,https://acdn-us.mitiendanube.com/stores/005/775/403/products/27-123_6-1683c9aefabb4f769f17393064771201-1024-1024.jpg"
https://gerf.com.ar/productos/Ojotas-Jasmine-Celeste-4455-130/,4455|130|35,4455|130,Ojotas Jasmine Celeste,254863802,CALZADOM|CalzadosdeMujer|Ojotas|VERTODO,$41.000,$0,0,0,0,0,0,,$0,0,0,0,0,,1,0,0,0,1,,$0,https://acdn-us.mitiendanube.com/stores/005/775/403/products/4455-130_1-55b6c0d2ca34dd347117393068503485-1024-1024.jpg,
https://gerf.com.ar/productos/Ojotas-Laurent-Negro-de-Hombre-4456-10/,4456|10|39,4456|10,Ojotas Laurent Negro de Hombre,254863849,CALZADOH|CalzadodeHombre|Ojotas|VERTODO,$37.200,$18.600,0,0,0,0,0,,$0,0,0,0,0,,1,0,0,0,1,,$0,https://acdn-us.mitiendanube.com/stores/005/775/403/products/4456-10_1-b914740174737b37d717393069024998-1024-1024.jpg,"https://acdn-us.mitiendanube.com/stores/005/775/403/products/4456-10_2-619bfed919ad6ebaef17393069057030-1024-1024.jpg,https://acdn-us.mitiendanube.com/stores/005/775/403/products/4456-10_3-bb480025604f554fa217393069087866-1024-1024.jpg,https://acdn-us.mitiendanube.com/stores/005/775/403/products/4456-10_4-649679e71ff0af66de17393069118548-1024-1024.jpg,https://acdn-us.mitiendanube.com/stores/005/775/403/products/4456-10_5-90aba9b43c4fc534fe17393069143057-1024-1024.jpg"
https://gerf.com.ar/productos/Ojotas-Laurent-Negro-Y-Blanco-4456-11/,4456|11|39,4456|11,Ojotas Laurent Negro Y Blanco,254866604,CALZADOH|CalzadodeHombre|Ojotas|VERTODO,$37.200,$18.600,0,0,0,0,0,,$0,0,0,0,0,,0,0,1,0,1,,$0,https://acdn-us.mitiendanube.com/stores/005/775/403/products/4456-11_1-711df35f410bb73d5017393100864927-1024-1024.png,
https://gerf.com.ar/productos/Panchas-Panchas-Negro-Unisex-83-10/,83|10|35,83|10,Panchas Panchas Negro Unisex,254865170,Ofertas|LiquidaciondeTemporada,$42.000,$0,0,0,0,0,0,,$0,0,0,0,0,,1,0,0,0,1,,$0,https://acdn-us.mitiendanube.com/stores/005/775/403/products/83-10_1-8380bf9972836516d017392880187459-1024-1024.jpg,https://acdn-us.mitiendanube.com/stores/005/775/403/products/83-10_1-9ee7b3fc25801add3117393075414014-1024-1024.jpg
https://gerf.com.ar/productos/Zapatillas-Pipa-Verde-de-Hombre-92-30/,92|30|38,92|30,Zapatillas Pipa Verde de Hombre,254865543,Ofertas|CALZADOH|CalzadodeHombre,$41.600,$0,0,0,0,0,0,,$0,0,0,0,0,,0,0,0,1,1,,$0,https://acdn-us.mitiendanube.com/stores/005/775/403/products/92-30_1-27d837dab20b6b66d817393077166176-1024-1024.jpg,
https://gerf.com.ar/productos/Zapatos-Pampa-Marron-94-100/,94|100|38,94|100,Zapatos Pampa Marron,254865666,Ofertas|CALZADOH|CalzadodeHombre,$69.400,$0,0,0,0,0,0,,$0,0,0,0,0,$519,0,0,0,0,0,,$0,https://acdn-us.mitiendanube.com/stores/005/775/403/products/94-100_1-c8264541b0977c40e717393077654736-1024-1024.jpg,"https://acdn-us.mitiendanube.com/stores/005/775/403/products/94-100_2-81c223856514072c0917393077685495-1024-1024.jpg,https://acdn-us.mitiendanube.com/stores/005/775/403/products/94-100_3-f33bb614d9f80f459617393077717469-1024-1024.jpg,https://acdn-us.mitiendanube.com/stores/005/775/403/products/94-100_4-aa969782634513e81a17393077749267-1024-1024.jpg,https://acdn-us.mitiendanube.com/stores/005/775/403/products/94-100_5-4b6fdd570ea4b0815c17393077780959-1024-1024.jpg,https://acdn-us.mitiendanube.com/stores/005/775/403/products/94-100_6-c98d6566907d3900f917393077807497-1024-1024.jpg"
https://gerf.com.ar/productos/baseball-gris/,120109|54,120109|54,Baseball Gris,259289675,IndumentariayAccesorios|Accesorios|Gorras,$19.500,$0,0,0,0,0,0,,$0,0,0,0,0,,0,0,0,0,0,,$0,https://acdn-us.mitiendanube.com/stores/005/775/403/products/120109-54_1-277cf90bb3e85b8d5e17416953009311-1024-1024.png,"https://acdn-us.mitiendanube.com/stores/005/775/403/products/baseball-4-3-1-5f4ee3655564e159a217416963008385-1024-1024.jpeg,https://acdn-us.mitiendanube.com/stores/005/775/403/products/baseball-4-1-129d963f6ca4d110a417416963178519-1024-1024.jpeg"
https://gerf.com.ar/productos/baseball-3d-gris/,12280|50,12280|50,Baseball 3D Gris,259289844,IndumentariayAccesorios|Accesorios|Gorras,$19.500,$0,0,0,0,0,0,,$0,0,0,0,0,,0,0,0,0,0,,$0,https://acdn-us.mitiendanube.com/stores/005/775/403/products/12280-50_1-fcc3f69a008b6e441e17416959814378-1024-1024.png,"https://acdn-us.mitiendanube.com/stores/005/775/403/products/3-2-1-18152f27389e151b2e17417002801598-1024-1024.jpeg,https://acdn-us.mitiendanube.com/stores/005/775/403/products/3-1-70ee7d5411d1d6e47217417002743640-1024-1024.jpeg"
https://gerf.com.ar/productos/baseball-3d-negro/,12280|10,12280|10,Baseball 3D Negro,259290090,IndumentariayAccesorios|Accesorios|Gorras,$19.500,$0,0,0,0,0,0,,$0,0,0,0,0,,0,0,0,0,0,,$0,https://acdn-us.mitiendanube.com/stores/005/775/403/products/12280-10_1-945d8f37f7b7bbb61017416956168836-1024-1024.png,https://acdn-us.mitiendanube.com/stores/005/775/403/products/1-1-021b88d59fbe28253417417001421840-1024-1024.jpeg
https://gerf.com.ar/productos/baseball-3d-verde/,12280|30,12280|30,Baseball 3D Verde,259290532,IndumentariayAccesorios|Accesorios|Gorras,$19.500,$0,0,0,0,0,0,,$0,0,0,0,0,,0,0,0,0,0,,$0,https://acdn-us.mitiendanube.com/stores/005/775/403/products/12280-30_1-592154c8cb6cafc42717416959246384-1024-1024.png,https://acdn-us.mitiendanube.com/stores/005/775/403/products/4-1-3aee09d9bc8946b93017416999369853-1024-1024.jpeg
https://gerf.com.ar/productos/Ojotas-Jasmine-Tornasolado-Unisex-4455-122/,4455|122|35,4455|122,Ojotas Jasmine Tornasolado Unisex,254863797,CALZADOM|CalzadosdeMujer|Ojotas,$41.000,$0,0,0,0,0,0,,$0,0,0,0,0,,0,0,0,0,0,,$0,,
https://gerf.com.ar/productos/Ojotas-Jasmine-Cobre-de-Mujer-4455-154/,4455|154|36,4455|154,Ojotas Jasmine Cobre de Mujer,254863815,CALZADOM|CalzadosdeMujer|Ojotas,$41.000,$0,0,0,0,0,0,,$0,0,0,0,0,,0,0,0,0,0,,$0,https://acdn-us.mitiendanube.com/stores/005/775/403/products/4455-154_1-4f9fe7c748987578a517393068683715-1024-1024.jpg,
https://gerf.com.ar/productos/Ojotas-Jasmine-Avorio-4455-139/,4455|139|35,4455|139,Ojotas Jasmine Avorio,254866580,CALZADOM|CalzadosdeMujer|Ojotas,$41.000,$0,0,0,0,0,0,,$0,0,0,0,0,,0,0,0,0,0,,$0,,
https://gerf.com.ar/productos/Zapatillas-California-Negro-de-Mujer-55-10/,55|10|35,55|10,Zapatillas California Negro de Mujer,254864050,Ofertas|LiquidaciondeTemporada|CALZADOH|CalzadodeHombre,$81.000,$40.500,0,0,0,0,0,,$0,0,0,0,0,,0,0,0,0,0,,$0,https://acdn-us.mitiendanube.com/stores/005/775/403/products/55-10_5-1b73918bd5fe796cc317393070138980-1024-1024.jpg,
https://gerf.com.ar/productos/Zapatillas-California-Beige-de-Mujer-55-134/,55|134|35,55|134,Zapatillas California Beige de Mujer,254864060,Ofertas|LiquidaciondeTemporada|CALZADOH|CalzadodeHombre,$81.000,$40.500,0,0,0,0,0,,$0,0,0,0,0,,0,0,0,0,0,,$0,https://acdn-us.mitiendanube.com/stores/005/775/403/products/55-134_1-71aa453e0533f806b817393070168352-1024-1024.jpg,https://acdn-us.mitiendanube.com/stores/005/775/403/products/55-134_2-92810113bd0058ea4717393070197389-1024-1024.jpg
https://gerf.com.ar/productos/Zapatillas-California-Verde-55-30/,55|30|35,55|30,Zapatillas California Verde,254864079,Ofertas|LiquidaciondeTemporada|CALZADOH|CalzadodeHombre,$81.000,$40.500,0,0,0,0,0,,$0,0,0,0,0,,0,0,0,0,0,,$0,https://acdn-us.mitiendanube.com/stores/005/775/403/products/55-30_1-05949c5b90907ae3d317393070371588-1024-1024.jpg,"https://acdn-us.mitiendanube.com/stores/005/775/403/products/55-30_2-e374a792de64ab895817393070400183-1024-1024.jpg,https://acdn-us.mitiendanube.com/stores/005/775/403/products/55-30_3-8ddf48f0ce5f204d4d17393070432905-1024-1024.jpg,https://acdn-us.mitiendanube.com/stores/005/775/403/products/55-30_4-ed611dc6e90820ebd217393070461943-1024-1024.jpg,https://acdn-us.mitiendanube.com/stores/005/775/403/products/55-30_5-8644d6555dc0391d6217393070491276-1024-1024.jpg"
https://gerf.com.ar/productos/Ojotas-Laurent-Blanco-de-Hombre-4456-01/,4456|01|39,4456|01,Ojotas Laurent Blanco de Hombre,254863836,CALZADOH|CalzadodeHombre|Ojotas,$37.200,$18.600,0,0,0,0,0,,$0,0,0,0,0,,0,0,0,0,0,,$0,https://acdn-us.mitiendanube.com/stores/005/775/403/products/4456-01_1-66a5de4387ce3602a817393068888786-1024-1024.jpg,"https://acdn-us.mitiendanube.com/stores/005/775/403/products/4456-01_2-5f4942896a6b43339717393068916324-1024-1024.jpg,https://acdn-us.mitiendanube.com/stores/005/775/403/products/4456-01_3-eb5b41faa9bcc8c66517393068940929-1024-1024.jpg,https://acdn-us.mitiendanube.com/stores/005/775/403/products/4456-01_4-123e4858fe84ade85717393068967841-1024-1024.jpg,https://acdn-us.mitiendanube.com/stores/005/775/403/products/4456-01_5-2b73c75c828d2fd4f217393068999147-1024-1024.jpg"
https://gerf.com.ar/productos/Ojotas-Laurent-Verde-de-Hombre-4456-30/,4456|30|39,4456|30,Ojotas Laurent Verde de Hombre,254863902,CALZADOH|CalzadodeHombre|Ojotas,$37.200,$18.600,0,0,0,0,0,,$0,0,0,0,0,,0,0,0,0,0,,$0,https://acdn-us.mitiendanube.com/stores/005/775/403/products/4456-30_1-5513404a9f226ec6ac17393069569221-1024-1024.jpg,https://acdn-us.mitiendanube.com/stores/005/775/403/products/4456-30_2-922f2f20677d23b6fe17393069597989-1024-1024.jpg
https://gerf.com.ar/productos/Zapatillas-Dione-Gold-Azul-Unisex-63-20/,63|20|35,63|20,Zapatillas Dione Gold Azul Unisex,254864476,Ofertas|CALZADOH|CalzadodeHombre|Zapatillas|VERTODO|CALZADOM|CalzadosdeMujer|Zapatillas|VERTODO,$80.800,$56.560,0,0,0,0,0,,$0,0,0,0,0,,0,0,0,0,0,,$0,https://acdn-us.mitiendanube.com/stores/005/775/403/products/63-20_1-8f407539cdbf9032e117393072908119-1024-1024.jpg,
https://gerf.com.ar/productos/Zapatillas-Venturi-Lavanda-Unisex-37-147/,37|147|35,37|147,Zapatillas Venturi Lavanda Unisex,254863761,Ofertas|CALZADOH|CalzadodeHombre,$85.300,$0,0,0,0,0,0,,$0,0,0,0,0,,0,0,0,0,0,,$0,https://acdn-us.mitiendanube.com/stores/005/775/403/products/37-147_1-de1527083c83f77bfc17393068062595-1024-1024.jpg,
https://gerf.com.ar/productos/Zapatillas-Dione-Marron-Unisex-60-100/,60|100|35,60|100,Zapatillas Dione Marron Unisex,254864209,CALZADOH|CalzadodeHombre|Zapatillas|VERTODO|CALZADOM|CalzadosdeMujer|Zapatillas|VERTODO,$84.000,$0,0,0,0,0,0,,$0,0,0,0,0,,0,0,0,0,0,,$0,https://acdn-us.mitiendanube.com/stores/005/775/403/products/60-100_1-18dab7cef41ef8252c17393071633422-1024-1024.jpg,
https://gerf.com.ar/productos/Zapatillas-Dione-Bordo-Unisex-60-111/,60|111|35,60|111,Zapatillas Dione Bordo Unisex,254864222,Ofertas|CALZADOH|CalzadodeHombre|Zapatillas|VERTODO|CALZADOM|CalzadosdeMujer|Zapatillas|VERTODO,$84.000,$0,0,0,0,0,0,,$0,0,0,0,0,,0,0,0,0,0,,$0,https://acdn-us.mitiendanube.com/stores/005/775/403/products/60-111_1-80c4aba62194f497ff17393071662033-1024-1024.jpg,
https://gerf.com.ar/productos/Zapatillas-Dione-Naranja-Unisex-60-12/,60|12|35,60|12,Zapatillas Dione Naranja Unisex,254864237,CALZADOH|CalzadodeHombre|Zapatillas|VERTODO|CALZADOM|CalzadosdeMujer|Zapatillas|VERTODO,$84.000,$0,0,0,0,0,0,,$0,0,0,0,0,,0,0,0,0,0,,$0,https://acdn-us.mitiendanube.com/stores/005/775/403/products/60-120_1-4212bfb8a42ee2ead517393071696028-1024-1024.jpg,"https://acdn-us.mitiendanube.com/stores/005/775/403/products/60-120_2-4fa4c80d48e57abe9917393071724914-1024-1024.jpg,https://acdn-us.mitiendanube.com/stores/005/775/403/products/60-120_3-a5d5c3e2197c0fced317393071758733-1024-1024.jpg,https://acdn-us.mitiendanube.com/stores/005/775/403/products/60-120_4-2ecfc23a7158fa09e117393071793358-1024-1024.jpg,https://acdn-us.mitiendanube.com/stores/005/775/403/products/60-120_5-0cf8320bb419a0496217393071828252-1024-1024.jpg,https://acdn-us.mitiendanube.com/stores/005/775/403/products/60-127_1-cfeec748066ee0e1dc17393071860547-1024-1024.jpg"
https://gerf.com.ar/productos/Zapatillas-Zapatillas-Dione-Naranja-Unisex-Unisex-60-120/,60|120|35,60|120,Zapatillas Zapatillas Dione Naranja Unisex Unisex,254864257,Ofertas|CALZADOH|CalzadodeHombre|Zapatillas|VERTODO|CALZADOM|CalzadosdeMujer|Zapatillas|VERTODO,$84.000,$0,0,0,0,0,0,,$0,0,0,0,0,,0,0,0,0,0,,$0,https://acdn-us.mitiendanube.com/stores/005/775/403/products/60-120_1-a35b88841486ba424217393071879357-1024-1024.jpg,"https://acdn-us.mitiendanube.com/stores/005/775/403/products/60-120_2-d37ec8597eb2c0bdb117393071898502-1024-1024.jpg,https://acdn-us.mitiendanube.com/stores/005/775/403/products/60-120_3-78d9ee2144165cbb7517393071918500-1024-1024.jpg,https://acdn-us.mitiendanube.com/stores/005/775/403/products/60-120_4-e36f4907109edb495017393071948310-1024-1024.jpg,https://acdn-us.mitiendanube.com/stores/005/775/403/products/60-120_5-732b63f7c1b600184b17393071966720-1024-1024.jpg"
https://gerf.com.ar/productos/Zapatillas-Dione-Jeans-Unisex-60-133/,60|133|35,60|133,Zapatillas Dione Jeans Unisex,254864278,CALZADOH|CalzadodeHombre|Zapatillas|VERTODO|CALZADOM|CalzadosdeMujer|Zapatillas|VERTODO,$84.000,$0,0,0,0,0,0,,$0,0,0,0,0,,0,0,0,0,0,,$0,,
https://gerf.com.ar/productos/Zapatillas-Dione-Camuflado-Azul-Unisex-60-23/,60|23|35,60|23,Zapatillas Dione Camuflado Azul Unisex,254864320,CALZADOH|CalzadodeHombre|Zapatillas|VERTODO|CALZADOM|CalzadosdeMujer|Zapatillas|VERTODO,$84.000,$0,0,0,0,0,0,,$0,0,0,0,0,,0,0,0,0,0,,$0,,
https://gerf.com.ar/productos/Zapatillas-Dione-Camuflado-Verde-Unisex-60-36/,60|36|35,60|36,Zapatillas Dione Camuflado Verde Unisex,254864357,CALZADOH|CalzadodeHombre|Zapatillas|VERTODO|CALZADOM|CalzadosdeMujer|Zapatillas|VERTODO,$84.000,$0,0,0,0,0,0,,$0,0,0,0,0,,0,0,0,0,0,,$0,,
https://gerf.com.ar/productos/Zapatillas-Dione-Verde-Lima-de-Mujer-60-37/,60|37|35,60|37,Zapatillas Dione Verde Lima de Mujer,254864373,CALZADOM|CalzadosdeMujer|Zapatillas|VERTODO,$84.000,$0,0,0,0,0,0,,$0,0,0,0,0,,0,0,0,0,0,,$0,https://acdn-us.mitiendanube.com/stores/005/775/403/products/60-37_1-b06a5c42499cfd5f9917393072347487-1024-1024.jpg,"https://acdn-us.mitiendanube.com/stores/005/775/403/products/60-37_10-fd113d8609a30f9ecc17393072379793-1024-1024.jpg,https://acdn-us.mitiendanube.com/stores/005/775/403/products/60-37_11-6512dcdd7962fb330017393072411346-1024-1024.jpg,https://acdn-us.mitiendanube.com/stores/005/775/403/products/60-37_4-d7dca7a4ca1507ebf417393072437861-1024-1024.jpg,https://acdn-us.mitiendanube.com/stores/005/775/403/products/60-37_5-44751c6a4f13f8731817393072466794-1024-1024.jpg,https://acdn-us.mitiendanube.com/stores/005/775/403/products/60-37_6-78ab1df8148a0669a217393072492857-1024-1024.jpg,https://acdn-us.mitiendanube.com/stores/005/775/403/products/60-37_7-88b3e67bcb0d898ef817393072518222-1024-1024.jpg,https://acdn-us.mitiendanube.com/stores/005/775/403/products/60-37_8-fd64adb404e3fa551917393072544093-1024-1024.jpg,https://acdn-us.mitiendanube.com/stores/005/775/403/products/60-37_9-1a70f6da221e68aa4f17393072573905-1024-1024.jpg"
https://gerf.com.ar/productos/Zapatillas-Dione-Lila-de-Mujer-60-60/,60|60|35,60|60,Zapatillas Dione Lila de Mujer,254864391,CALZADOM|CalzadosdeMujer|Zapatillas|VERTODO,$84.000,$0,0,0,0,0,0,,$0,0,0,0,0,,0,0,0,0,0,,$0,https://acdn-us.mitiendanube.com/stores/005/775/403/products/60-60_1-0f4ad371889c7f9b1117393072721896-1024-1024.jpg,
https://gerf.com.ar/productos/Zapatillas-Dione-Fucsia-de-Mujer-60-86/,60|86|35,60|86,Zapatillas Dione Fucsia de Mujer,254864401,CALZADOM|CalzadosdeMujer|Zapatillas|VERTODO,$84.000,$0,0,0,0,0,0,,$0,0,0,0,0,,0,0,0,0,0,,$0,https://acdn-us.mitiendanube.com/stores/005/775/403/products/60-86_1-8beac420a559047cac17393072757172-1024-1024.jpg,
https://gerf.com.ar/productos/Zapatillas-Serene-Negro-de-Mujer-23-10/,23|10|35,23|10,Zapatillas Serene Negro de Mujer,254863128,Ofertas|CALZADOH|CalzadodeHombre,$79.900,$39.950,0,0,0,0,0,,$0,0,0,0,0,,0,0,0,0,0,,$0,https://acdn-us.mitiendanube.com/stores/005/775/403/products/23-10_1-6818d6886dd038df8b17393062533993-1024-1024.jpg,"https://acdn-us.mitiendanube.com/stores/005/775/403/products/23-10_2-ad911bfb35476ebbf517393062570499-1024-1024.jpg,https://acdn-us.mitiendanube.com/stores/005/775/403/products/23-10_3-9d07b06cb69e27030217393062603647-1024-1024.jpg,https://acdn-us.mitiendanube.com/stores/005/775/403/products/23-10_4-e424a92109cb19164b17393062639849-1024-1024.jpg"
https://gerf.com.ar/productos/Zapatillas-Serene-Azul-de-Mujer-23-20/,23|20|35,23|20,Zapatillas Serene Azul de Mujer,254863139,Ofertas|CALZADOH|CalzadodeHombre,$79.900,$39.950,0,0,0,0,0,,$0,0,0,0,0,,0,0,0,0,0,,$0,https://acdn-us.mitiendanube.com/stores/005/775/403/products/23-20_1-fd0011efd659f5501317393062666818-1024-1024.jpg,
https://gerf.com.ar/productos/Zapatillas-Serene-Verde-de-Mujer-23-30/,23|30|35,23|30,Zapatillas Serene Verde de Mujer,254863147,Ofertas|CALZADOH|CalzadodeHombre,$79.900,$39.950,0,0,0,0,0,,$0,0,0,0,0,,0,0,0,0,0,,$0,https://acdn-us.mitiendanube.com/stores/005/775/403/products/23-30_1-f5d6488c2e1e8b5dc817393062697084-1024-1024.jpg,
https://gerf.com.ar/productos/Zapatillas-Serene-Verde-Petroleo-de-Mujer-23-38/,23|38|35,23|38,Zapatillas Serene Verde Petroleo de Mujer,254863157,Ofertas|CALZADOH|CalzadodeHombre,$79.900,$39.950,0,0,0,0,0,,$0,0,0,0,0,,0,0,0,0,0,,$0,https://acdn-us.mitiendanube.com/stores/005/775/403/products/23-38_0-a162e3c8abcf90c6d417393062728067-1024-1024.jpg,
https://gerf.com.ar/productos/Zapatillas-Serene-Gris-de-Mujer-23-50/,23|50|35,23|50,Zapatillas Serene Gris de Mujer,254863165,Ofertas|CALZADOH|CalzadodeHombre,$79.900,$39.950,0,0,0,0,0,,$0,0,0,0,0,,0,0,0,0,0,,$0,https://acdn-us.mitiendanube.com/stores/005/775/403/products/23-50_5-4d4c082054eb2a23d417393062765152-1024-1024.jpg,
https://gerf.com.ar/productos/Zapatillas-Serene-Coral-de-Mujer-23-70/,23|70|35,23|70,Zapatillas Serene Coral de Mujer,254863174,Ofertas|CALZADOH|CalzadodeHombre,$79.900,$39.950,0,0,0,0,0,,$0,0,0,0,0,,0,0,0,0,0,,$0,https://acdn-us.mitiendanube.com/stores/005/775/403/products/23-70_1-9436ee7dfc34501fab17393062797893-1024-1024.jpg,
https://gerf.com.ar/productos/Zapatillas-Serene-Rosa-de-Mujer-23-80/,23|80|35,23|80,Zapatillas Serene Rosa de Mujer,254863183,CALZADOH|CalzadodeHombre|CALZADOM|CalzadosdeMujer|Zapatillas,$79.900,$39.950,0,0,0,0,0,,$0,0,0,0,0,,0,0,0,0,0,,$0,https://acdn-us.mitiendanube.com/stores/005/775/403/products/23-80_1-0f07057ebcbefab8dc17393062826428-1024-1024.jpg,
https://gerf.com.ar/productos/Zapatillas-Serene-Violeta-de-Mujer-23-87/,23|87|35,23|87,Zapatillas Serene Violeta de Mujer,254863193,Ofertas|CALZADOH|CalzadodeHombre,$79.900,$39.950,0,0,0,0,0,,$0,0,0,0,0,,0,0,0,0,0,,$0,https://acdn-us.mitiendanube.com/stores/005/775/403/products/23-87_5-dc66ce592edf05fa2e17393062860295-1024-1024.jpg,
https://gerf.com.ar/productos/Zapatillas-Oslo-Marron-de-Hombre-67-100/,67|100|39,67|100,Zapatillas Oslo Marron de Hombre,254864642,Ofertas|CALZADOH|CalzadodeHombre,$77.400,$0,0,0,0,0,0,,$0,0,0,0,0,,0,0,0,0,0,,$0,https://acdn-us.mitiendanube.com/stores/005/775/403/products/67-100_1-646dcf21306a5d756e17393073429642-1024-1024.jpg,
https://gerf.com.ar/productos/Zapatillas-Oslo-Celeste-de-Hombre-67-130/,67|130|39,67|130,Zapatillas Oslo Celeste de Hombre,254864653,Ofertas|CALZADOH|CalzadodeHombre,$77.400,$0,0,0,0,0,0,,$0,0,0,0,0,,0,0,0,0,0,,$0,https://acdn-us.mitiendanube.com/stores/005/775/403/products/67-130_1-872947eb2f87ac365c17393073455910-1024-1024.jpg,
https://gerf.com.ar/productos/Zapatillas-Oslo-Gris-de-Hombre-67-50/,67|50|39,67|50,Zapatillas Oslo Gris de Hombre,254864661,Ofertas|CALZADOH|CalzadodeHombre,$77.400,$0,0,0,0,0,0,,$0,0,0,0,0,,0,0,0,0,0,,$0,https://acdn-us.mitiendanube.com/stores/005/775/403/products/67-50_1-0c1f9aeee21402f8c817393073484988-1024-1024.jpg,
https://gerf.com.ar/productos/Zapatillas-Dafne-Celeste-de-Mujer-25-130/,25|130|35,25|130,Zapatillas Dafne Celeste de Mujer,254863343,Ofertas|CALZADOH|CalzadodeHombre,$76.400,$0,0,0,0,0,0,,$0,0,0,0,0,,0,0,0,0,0,,$0,https://acdn-us.mitiendanube.com/stores/005/775/403/products/25-130_1-07e072ad83a59222e617393064076010-1024-1024.jpg,"https://acdn-us.mitiendanube.com/stores/005/775/403/products/25-130_2-49491c8b297177157b17393064106637-1024-1024.jpg,https://acdn-us.mitiendanube.com/stores/005/775/403/products/25-130_3-cf597527246593abc817393064138723-1024-1024.jpg,https://acdn-us.mitiendanube.com/stores/005/775/403/products/25-130_4-ca62e292671566d3d717393064169790-1024-1024.jpg,https://acdn-us.mitiendanube.com/stores/005/775/403/products/25-130_5-f3c74416ebb95553da17393064197675-1024-1024.jpg,https://acdn-us.mitiendanube.com/stores/005/775/403/products/25-130_6-46994b5646cb71ee3917393064223124-1024-1024.jpg"
https://gerf.com.ar/productos/Zapatillas-Dafne-Gris-de-Mujer-25-50/,25|50|35,25|50,Zapatillas Dafne Gris de Mujer,254863359,Ofertas|CALZADOH|CalzadodeHombre,$76.400,$0,0,0,0,0,0,,$0,0,0,0,0,,0,0,0,0,0,,$0,https://acdn-us.mitiendanube.com/stores/005/775/403/products/25-50_1-2c26da9b53a911e6fe17393064251791-1024-1024.jpg,"https://acdn-us.mitiendanube.com/stores/005/775/403/products/25-50_2-e79504eaca478efa8117393064280180-1024-1024.jpg,https://acdn-us.mitiendanube.com/stores/005/775/403/products/25-50_3-33731918ed429e629317393064309646-1024-1024.jpg,https://acdn-us.mitiendanube.com/stores/005/775/403/products/25-50_4-94168677d640f20c9517393064338278-1024-1024.jpg,https://acdn-us.mitiendanube.com/stores/005/775/403/products/25-50_5-30a10f6e463bd10c9c17393064365364-1024-1024.jpg,https://acdn-us.mitiendanube.com/stores/005/775/403/products/25-50_6-1bb60c722bc580b1aa17393064391248-1024-1024.jpg"
https://gerf.com.ar/productos/Zapatillas-Dafne-Rosa-de-Mujer-25-80/,25|80|35,25|80,Zapatillas Dafne Rosa de Mujer,254863371,Ofertas|CALZADOH|CalzadodeHombre,$76.400,$0,0,0,0,0,0,,$0,0,0,0,0,,0,0,0,0,0,,$0,https://acdn-us.mitiendanube.com/stores/005/775/403/products/25-80_1-b0f96e072d6c3db6d517393064423583-1024-1024.jpg,"https://acdn-us.mitiendanube.com/stores/005/775/403/products/25-80_2-470a7412f55c06fce217393064455304-1024-1024.jpg,https://acdn-us.mitiendanube.com/stores/005/775/403/products/25-80_3-692623448b7eb4182b17393064486226-1024-1024.jpg"
https://gerf.com.ar/productos/Zapatillas-Monaco-Azul-87-20/,87|20|39,87|20,Zapatillas Monaco Azul,254865391,Ofertas|LiquidaciondeTemporada|CALZADOH|CalzadodeHombre|Zapatillas|VERTODO,$71.200,$35.600,0,0,0,0,0,,$0,0,0,0,0,,0,0,0,0,0,,$0,https://acdn-us.mitiendanube.com/stores/005/775/403/products/87-20_1-df9d8d9f5ddb5f1e0f17393076261672-1024-1024.jpg,
https://gerf.com.ar/productos/Zapatillas-Xavier-Blanco-de-hombre-76-01/,76|01|39,76|01,Zapatillas Xavier Blanco de hombre,254864915,Ofertas|CALZADOH|CalzadodeHombre,$65.200,$0,0,0,0,0,0,,$0,0,0,0,0,,0,0,0,0,0,,$0,https://acdn-us.mitiendanube.com/stores/005/775/403/products/76-01_1-c3481605561c3c118117393074186834-1024-1024.jpg,https://acdn-us.mitiendanube.com/stores/005/775/403/products/76-01_2-039b9a59b5a4630ecd17393074214871-1024-1024.jpg
https://gerf.com.ar/productos/Zapatillas-Xavier-Negro-de-Hombre-76-10/,76|10|39,76|10,Zapatillas Xavier Negro de Hombre,254864926,Ofertas|CALZADOH|CalzadodeHombre,$65.200,$0,0,0,0,0,0,,$0,0,0,0,0,,0,0,0,0,0,,$0,https://acdn-us.mitiendanube.com/stores/005/775/403/products/76-10_1-2fd731534c826e3ed417393074240860-1024-1024.jpg,https://acdn-us.mitiendanube.com/stores/005/775/403/products/76-10_2-9c23b59ae782ced17617393074265873-1024-1024.jpg
https://gerf.com.ar/productos/Zapatillas-Xavier-Marron-de-Hombre-76-100/,76|100|39,76|100,Zapatillas Xavier Marron de Hombre,254864936,Ofertas|CALZADOH|CalzadodeHombre,$65.200,$0,0,0,0,0,0,,$0,0,0,0,0,,0,0,0,0,0,,$0,https://acdn-us.mitiendanube.com/stores/005/775/403/products/76-100_1-b516263842f1b2741317393074291636-1024-1024.jpg,"https://acdn-us.mitiendanube.com/stores/005/775/403/products/76-100_2-16cd9bb9b5aea34bd717393074316770-1024-1024.jpg,https://acdn-us.mitiendanube.com/stores/005/775/403/products/76-100_3-231578164cec849a6117393074342936-1024-1024.jpg,https://acdn-us.mitiendanube.com/stores/005/775/403/products/76-100_4-872a02eded31730de917393074370075-1024-1024.jpg"
https://gerf.com.ar/productos/Zapatillas-Toronto-Marron-311-100/,311|100|39,311|100,Zapatillas Toronto Marron,254863467,Ofertas|LiquidaciondeTemporada|CALZADOH|CalzadodeHombre,$68.200,$0,0,0,0,0,0,,$0,0,0,0,0,,0,0,0,0,0,,$0,https://acdn-us.mitiendanube.com/stores/005/775/403/products/311-100_1-6b2f6f9629a4a2cf4d17393065279839-1024-1024.jpg,
https://gerf.com.ar/productos/Zapatillas-Toronto-Azul-311-20/,311|20|39,311|20,Zapatillas Toronto Azul,254863477,Ofertas|LiquidaciondeTemporada|CALZADOH|CalzadodeHombre,$68.200,$0,0,0,0,0,0,,$0,0,0,0,0,,0,0,0,0,0,,$0,https://acdn-us.mitiendanube.com/stores/005/775/403/products/311-20_1-405a72341c27ffd55e17393065307097-1024-1024.jpg,
https://gerf.com.ar/productos/Zapatillas-Magnolia-Celeste-de-Mujer-98-130/,98|130|35,98|130,Zapatillas Magnolia Celeste de Mujer,254865754,Ofertas|CALZADOH|CalzadodeHombre,$61.800,$0,0,0,0,0,0,,$0,0,0,0,0,,0,0,0,0,0,,$0,https://acdn-us.mitiendanube.com/stores/005/775/403/products/98-130_1-833edf5311d35b07ba17393078212279-1024-1024.jpg,
https://gerf.com.ar/productos/Zapatillas-Magnolia-Amarillo-de-Mujer-98-152/,98|152|35,98|152,Zapatillas Magnolia Amarillo de Mujer,254865763,Ofertas|CALZADOH|CalzadodeHombre,$61.800,$0,0,0,0,0,0,,$0,0,0,0,0,,0,0,0,0,0,,$0,https://acdn-us.mitiendanube.com/stores/005/775/403/products/98-152_1-cf401980829a703cc817393078247795-1024-1024.jpg,"https://acdn-us.mitiendanube.com/stores/005/775/403/products/98-152_2-a7e115ba701b47477617393078279898-1024-1024.jpg,https://acdn-us.mitiendanube.com/stores/005/775/403/products/98-152_3-945a4355b06d55babf17393078308559-1024-1024.jpg,https://acdn-us.mitiendanube.com/stores/005/775/403/products/98-152_4-09ba4e18a008c0ae6a17393078338387-1024-1024.jpg"
https://gerf.com.ar/productos/Zapatillas-Magnolia-Gris-de-Hombre-98-50/,98|50|35,98|50,Zapatillas Magnolia Gris de Hombre,254865769,Ofertas|CALZADOH|CalzadodeHombre,$61.800,$0,0,0,0,0,0,,$0,0,0,0,0,,0,0,0,0,0,,$0,https://acdn-us.mitiendanube.com/stores/005/775/403/products/98-50_1-69c90c712f17d8a56517393078365624-1024-1024.jpg,"https://acdn-us.mitiendanube.com/stores/005/775/403/products/98-50_2-19f25d8f738d485c6d17393078400162-1024-1024.jpg,https://acdn-us.mitiendanube.com/stores/005/775/403/products/98-50_3-ae849b6c1bf0fcf9a517393078429846-1024-1024.jpg,https://acdn-us.mitiendanube.com/stores/005/775/403/products/98-50_4-313bba959e4ece55b717393078464883-1024-1024.jpg,https://acdn-us.mitiendanube.com/stores/005/775/403/products/98-50_5-8c819a9c375ff687e617393078492690-1024-1024.jpg"
https://gerf.com.ar/productos/Zapatillas-Magnolia-Coral-de-Mujer-98-70/,98|70|35,98|70,Zapatillas Magnolia Coral de Mujer,254865779,Ofertas|CALZADOH|CalzadodeHombre,$61.800,$0,0,0,0,0,0,,$0,0,0,0,0,,0,0,0,0,0,,$0,https://acdn-us.mitiendanube.com/stores/005/775/403/products/98-70_1-931454f4259b8492af17393078517717-1024-1024.jpg,"https://acdn-us.mitiendanube.com/stores/005/775/403/products/98-70_2-62a19a193777e8a0fc17393078546667-1024-1024.jpg,https://acdn-us.mitiendanube.com/stores/005/775/403/products/98-70_3-8d2d531225110367f717393078574887-1024-1024.jpg,https://acdn-us.mitiendanube.com/stores/005/775/403/products/98-70_4-7cb094aab3acbeac8917393078601941-1024-1024.jpg,https://acdn-us.mitiendanube.com/stores/005/775/403/products/98-70_5-5998db24e427263a0e17393078633930-1024-1024.jpg"
https://gerf.com.ar/productos/Zapatillas-Tucma-Naranja-Unisex-35-120/,35|120|35,35|120,Zapatillas Tucma Naranja Unisex,254863716,CALZADOH|CalzadodeHombre|Zapatillas|VERTODO|CALZADOM|CalzadosdeMujer|Zapatillas|VERTODO,$58.300,$0,0,0,0,0,0,,$0,0,0,0,0,,0,0,0,0,0,,$0,https://acdn-us.mitiendanube.com/stores/005/775/403/products/35-120_1-398c3675e79b011a6017393067684053-1024-1024.jpg,
https://gerf.com.ar/productos/Zapatillas-Tucma-Pastel-Unisex-35-143/,35|143|35,35|143,Zapatillas Tucma Pastel Unisex,254863731,Ofertas|CALZADOH|CalzadodeHombre|Zapatillas|VERTODO|CALZADOM|CalzadosdeMujer|Zapatillas|VERTODO,$58.300,$0,0,0,0,0,0,,$0,0,0,0,0,,0,0,0,0,0,,$0,https://acdn-us.mitiendanube.com/stores/005/775/403/products/35-143_1-1c13f1b4df00232ecf17393067717933-1024-1024.jpg,"https://acdn-us.mitiendanube.com/stores/005/775/403/products/35-143_2-95e40c1cd2e7478f0717393067746234-1024-1024.jpg,https://acdn-us.mitiendanube.com/stores/005/775/403/products/35-143_3-880a67cf3ee935905a17393067774476-1024-1024.jpg,https://acdn-us.mitiendanube.com/stores/005/775/403/products/35-143_4-b3bf9932fcb3cb929f17393067808512-1024-1024.jpg,https://acdn-us.mitiendanube.com/stores/005/775/403/products/35-143_5-4ef1deddc77fa62ac217393067837458-1024-1024.jpg"
https://gerf.com.ar/productos/Zapatillas-Tiger-Negro-de-Hombre-231-10/,231|10|39,231|10,Zapatillas Tiger Negro de Hombre,254863207,Ofertas|CALZADOH|CalzadodeHombre,$57.160,$0,0,0,0,0,0,,$0,0,0,0,0,,0,0,0,0,0,,$0,https://acdn-us.mitiendanube.com/stores/005/775/403/products/231-10_1-1-08270e7747456255aa17393062886927-1024-1024.jpg,https://acdn-us.mitiendanube.com/stores/005/775/403/products/231-10_4-025d827dc58a0c91af17393062919788-1024-1024.jpg
https://gerf.com.ar/productos/Zapatillas-Fenix-Blanco-Unisex-93-01/,93|01|35,93|01,Zapatillas Fenix Blanco Unisex,254865583,Ofertas|CALZADOH|CalzadodeHombre,$56.700,$0,0,0,0,0,0,,$0,0,0,0,0,,0,0,0,0,0,,$0,https://acdn-us.mitiendanube.com/stores/005/775/403/products/93-01_1-aadd2974a334ba6c8717393077257349-1024-1024.jpg,
https://gerf.com.ar/productos/Zapatillas-Fenix-Negro-Unisex-93-10/,93|10|35,93|10,Zapatillas Fenix Negro Unisex,254865595,Ofertas|CALZADOH|CalzadodeHombre,$56.700,$0,0,0,0,0,0,,$0,0,0,0,0,,0,0,0,0,0,,$0,https://acdn-us.mitiendanube.com/stores/005/775/403/products/93-10_1-f38f7bdca1f78a356117393077291939-1024-1024.jpg,
https://gerf.com.ar/productos/Zapatillas-Fenix-Azul-Unisex-93-20/,93|20|35,93|20,Zapatillas Fenix Azul Unisex,254865607,Ofertas|CALZADOH|CalzadodeHombre,$56.700,$0,0,0,0,0,0,,$0,0,0,0,0,,0,0,0,0,0,,$0,https://acdn-us.mitiendanube.com/stores/005/775/403/products/93-20_1-1d9e7d80bca68ef7e317393077324009-1024-1024.jpg,
https://gerf.com.ar/productos/Zapatillas-Fenix-Gris-Unisex-93-50/,93|50|35,93|50,Zapatillas Fenix Gris Unisex,254865634,Ofertas|CALZADOH|CalzadodeHombre,$56.700,$0,0,0,0,0,0,,$0,0,0,0,0,,0,0,0,0,0,,$0,https://acdn-us.mitiendanube.com/stores/005/775/403/products/93-50_1-a3496a3302def4bb5a17393077433202-1024-1024.jpg,
https://gerf.com.ar/productos/Zapatillas-Nix-Blanco-Unisex-77-01/,77|01|35,77|01,Zapatillas Nix Blanco Unisex,254864946,Ofertas|CALZADOH|CalzadodeHombre|Zapatillas|VERTODO|CALZADOM|CalzadosdeMujer|Zapatillas|VERTODO,$68.500,$0,0,0,0,0,0,,$0,0,0,0,0,,0,0,0,0,0,,$0,https://acdn-us.mitiendanube.com/stores/005/775/403/products/77-01_1-a798070bff58b7f64117393074395933-1024-1024.jpg,"https://acdn-us.mitiendanube.com/stores/005/775/403/products/77-01_2-1ecb5d831c82f4e5d217393074426100-1024-1024.jpg,https://acdn-us.mitiendanube.com/stores/005/775/403/products/77-01_3-df6091858e4231daa117393074452480-1024-1024.jpg,https://acdn-us.mitiendanube.com/stores/005/775/403/products/77-01_4-90aa8e4b5b677e210c17393074482344-1024-1024.jpg"
https://gerf.com.ar/productos/Zapatillas-Nix-Negro-Unisex-77-10/,77|10|35,77|10,Zapatillas Nix Negro Unisex,254864970,Ofertas|CALZADOH|CalzadodeHombre|Zapatillas|VERTODO|CALZADOM|CalzadosdeMujer|Zapatillas|VERTODO,$68.500,$0,0,0,0,0,0,,$0,0,0,0,0,,0,0,0,0,0,,$0,https://acdn-us.mitiendanube.com/stores/005/775/403/products/77-108_1-632492b2d7797b812717393074509917-1024-1024.jpg,"https://acdn-us.mitiendanube.com/stores/005/775/403/products/77-10_1-1c6df73c1074a76d0c17393074538846-1024-1024.jpg,https://acdn-us.mitiendanube.com/stores/005/775/403/products/77-10_2-0a44ea8b3160b1720717393074566323-1024-1024.jpg,https://acdn-us.mitiendanube.com/stores/005/775/403/products/77-10_3-c50252e7dffce2d3aa17393074594507-1024-1024.jpg,https://acdn-us.mitiendanube.com/stores/005/775/403/products/77-10_4-71d31b358f1e96845a17393074625981-1024-1024.jpg,https://acdn-us.mitiendanube.com/stores/005/775/403/products/77-10_5-4195fcf4069f261e4d17393074651281-1024-1024.jpg"
https://gerf.com.ar/productos/Zapatillas-Nix-Bordo-Unisex-77-111/,77|111|35,77|111,Zapatillas Nix Bordo Unisex,254864992,Ofertas|CALZADOH|CalzadodeHombre|Zapatillas|VERTODO|CALZADOM|CalzadosdeMujer|Zapatillas|VERTODO,$68.500,$0,0,0,0,0,0,,$0,0,0,0,0,,0,0,0,0,0,,$0,https://acdn-us.mitiendanube.com/stores/005/775/403/products/77-111_1-509683c756e5891fac17393074679175-1024-1024.jpg,"https://acdn-us.mitiendanube.com/stores/005/775/403/products/77-111_2-8a7f4988b244ac13c617393074712457-1024-1024.jpg,https://acdn-us.mitiendanube.com/stores/005/775/403/products/77-111_3-af561baa9b1bde2b3b17393074746391-1024-1024.jpg,https://acdn-us.mitiendanube.com/stores/005/775/403/products/77-111_4-efe3582a0579a597bc17393074773394-1024-1024.jpg"
https://gerf.com.ar/productos/Botitas-Ushuaia-Negro-Unisex-58-10/,58|10|35,58|10,Botitas Ushuaia Negro Unisex,254864146,Ofertas|LiquidaciondeTemporada|CALZADOH|CalzadodeHombre|Botitas|VERTODO|CALZADOM|CalzadosdeMujer|Botitas|VERTODO,$60.800,$36.480,0,0,0,0,0,,$0,0,0,0,0,,0,0,0,0,0,,$0,https://acdn-us.mitiendanube.com/stores/005/775/403/products/58-10_1-57d1083b891ee7d78117393070950699-1024-1024.jpg,"https://acdn-us.mitiendanube.com/stores/005/775/403/products/58-10_2-9a2a35db7f2df5785a17393070986107-1024-1024.jpg,https://acdn-us.mitiendanube.com/stores/005/775/403/products/58-10_3-d9db4b7aa9dea1a06b17393071018104-1024-1024.jpg,https://acdn-us.mitiendanube.com/stores/005/775/403/products/58-10_4-b8b3b721706988599e17393071047830-1024-1024.jpg,https://acdn-us.mitiendanube.com/stores/005/775/403/products/58-10_5-98f34e62177071409917393071076752-1024-1024.jpg,https://acdn-us.mitiendanube.com/stores/005/775/403/products/feed_1080x1080_gerf_1_variante02-6a2b87c433fb6575a317393071115847-1024-1024.png,https://acdn-us.mitiendanube.com/stores/005/775/403/products/feed_1080x1080_gerf_2-ebaaad40e2e984e61217393071166441-1024-1024.png,https://acdn-us.mitiendanube.com/stores/005/775/403/products/feed_1080x1080_gerf_3-0589e77a057feb120817393071214058-1024-1024.png"
https://gerf.com.ar/productos/Zapatillas-Volta-Negro-Unisex-97-10/,97|10|36,97|10,Zapatillas Volta Negro Unisex,254865702,Ofertas|LiquidaciondeTemporada|CALZADOH|CalzadodeHombre|Zapatillas|VERTODO|CALZADOM|CalzadosdeMujer|Zapatillas|VERTODO,$61.400,$30.700,0,0,0,0,0,,$0,0,0,0,0,,0,0,0,0,0,,$0,https://acdn-us.mitiendanube.com/stores/005/775/403/products/97-10_1-640a237c73db728bdc17393078023805-1024-1024.jpg,
https://gerf.com.ar/productos/Zapatillas-Volta-Gris-Unisex-97-50/,97|50|36,97|50,Zapatillas Volta Gris Unisex,254865732,Ofertas|LiquidaciondeTemporada|CALZADOH|CalzadodeHombre|Zapatillas|VERTODO|CALZADOM|CalzadosdeMujer|Zapatillas|VERTODO,$61.400,$30.700,0,0,0,0,0,,$0,0,0,0,0,,0,0,0,0,0,,$0,https://acdn-us.mitiendanube.com/stores/005/775/403/products/97-50_1-5de96bde4cbf43d50617393078110424-1024-1024.jpg,
https://gerf.com.ar/productos/Zapatillas-Kenia-Negro-de-Mujer-56-10/,56|10|35,56|10,Zapatillas Kenia Negro de Mujer,254864099,Ofertas|CALZADOH|CalzadodeHombre,$54.940,$0,0,0,0,0,0,,$0,0,0,0,0,,0,0,0,0,0,,$0,https://acdn-us.mitiendanube.com/stores/005/775/403/products/56-103_1-fc6dcd448df553696c17393070548020-1024-1024.jpg,https://acdn-us.mitiendanube.com/stores/005/775/403/products/56-104_1-0927d8a3ece391381517393070577841-1024-1024.jpg
https://gerf.com.ar/productos/Zapatillas-Kenia-Leopardo-de-Mujer-56-103/,56|103|35,56|103,Zapatillas Kenia Leopardo de Mujer,254864110,Ofertas|CALZADOH|CalzadodeHombre,$54.940,$0,0,0,0,0,0,,$0,0,0,0,0,,0,0,0,0,0,,$0,https://acdn-us.mitiendanube.com/stores/005/775/403/products/56-103_1-6c160fea32952c228717393070603345-1024-1024.jpg,
https://gerf.com.ar/productos/Zapatillas-Kenia-Cebra-de-Mujer-56-104/,56|104|35,56|104,Zapatillas Kenia Cebra de Mujer,254864119,Ofertas|CALZADOH|CalzadodeHombre,$54.940,$0,0,0,0,0,0,,$0,0,0,0,0,,0,0,0,0,0,,$0,https://acdn-us.mitiendanube.com/stores/005/775/403/products/56-104_1-a1cfad243af0e5e4aa17393070631773-1024-1024.jpg,
https://gerf.com.ar/productos/Zapatillas-Marlon-Blanco-Unisex-66-01/,66|01|35,66|01,Zapatillas Marlon Blanco Unisex,254864601,CALZADOH|CalzadodeHombre|Zapatillas,$54.600,$0,0,0,0,0,0,,$0,0,0,0,0,,0,0,0,0,0,,$0,https://acdn-us.mitiendanube.com/stores/005/775/403/products/66-01_1-46979da82232ea955617393073157944-1024-1024.jpg,"https://acdn-us.mitiendanube.com/stores/005/775/403/products/66-01_2-dc22531d5bc9be927417393073188084-1024-1024.jpg,https://acdn-us.mitiendanube.com/stores/005/775/403/products/66-01_3-487b07ba746ca7a6c217393073217591-1024-1024.jpg"
https://gerf.com.ar/productos/Zapatillas-Marlon-Negro-Unisex-66-10/,66|10|35,66|10,Zapatillas Marlon Negro Unisex,254864616,CALZADOH|CalzadodeHombre|Zapatillas,$54.600,$0,0,0,0,0,0,,$0,0,0,0,0,,0,0,0,0,0,,$0,https://acdn-us.mitiendanube.com/stores/005/775/403/products/66-10_1-ce522957a674916f0c17393073249748-1024-1024.jpg,"https://acdn-us.mitiendanube.com/stores/005/775/403/products/66-10_2-40f9a5a9169ca6c26417393073278777-1024-1024.jpg,https://acdn-us.mitiendanube.com/stores/005/775/403/products/66-10_3-6e1d1bd06eb5cd3de817393073305253-1024-1024.jpg"
https://gerf.com.ar/productos/Zapatillas-Marlon-Gris-Unisex-66-50/,66|50|35,66|50,Zapatillas Marlon Gris Unisex,254864630,CALZADOH|CalzadodeHombre|Zapatillas,$54.600,$0,0,0,0,0,0,,$0,0,0,0,0,,0,0,0,0,0,,$0,https://acdn-us.mitiendanube.com/stores/005/775/403/products/66-50_1-bc4f82a22d350770c017393073337381-1024-1024.jpg,"https://acdn-us.mitiendanube.com/stores/005/775/403/products/66-50_2-54db0e36b524a6fcc817393073365349-1024-1024.jpg,https://acdn-us.mitiendanube.com/stores/005/775/403/products/66-50_3-53b5fd98b6ee86002f17393073398239-1024-1024.jpg"
https://gerf.com.ar/productos/Zapatillas-Mirror-Blanco-24-13/,24|13|35,24|13,Zapatillas Mirror Blanco,254863228,Ofertas|CALZADOH|CalzadodeHombre,$58.600,$29.300,0,0,0,0,0,,$0,0,0,0,0,,0,0,0,0,0,,$0,https://acdn-us.mitiendanube.com/stores/005/775/403/products/24-13_1-2543575d539ca5aabf17393063088891-1024-1024.jpg,"https://acdn-us.mitiendanube.com/stores/005/775/403/products/24-13_2-31e1acc69ab0ef4f9017393063118040-1024-1024.jpg,https://acdn-us.mitiendanube.com/stores/005/775/403/products/24-13_3-7e20fd2ae2b3bd67a117393063144934-1024-1024.jpg,https://acdn-us.mitiendanube.com/stores/005/775/403/products/24-13_4-af5fa07f703b8e74a917393063172725-1024-1024.jpg,https://acdn-us.mitiendanube.com/stores/005/775/403/products/24-13_5-7e77f9042da82779e817393063202305-1024-1024.jpg,https://acdn-us.mitiendanube.com/stores/005/775/403/products/24-13_6-ac428afdfb4ba30bdf17393063229049-1024-1024.jpg"
https://gerf.com.ar/productos/Zapatillas-Mirror-Verde-Unisex-24-30/,24|30|35,24|30,Zapatillas Mirror Verde Unisex,254863257,Ofertas|CALZADOH|CalzadodeHombre,$58.600,$29.300,0,0,0,0,0,,$0,0,0,0,0,,0,0,0,0,0,,$0,https://acdn-us.mitiendanube.com/stores/005/775/403/products/24-30_5-bdef12904572cabc8117393063405902-1024-1024.jpg,
https://gerf.com.ar/productos/Zapatillas-Xifron-Azul-95-20/,95|20|39,95|20,Zapatillas Xifron Azul,254865686,CALZADOH|CalzadodeHombre|Zapatillas,$58.100,$0,0,0,0,0,0,,$0,0,0,0,0,,0,0,0,0,0,,$0,https://acdn-us.mitiendanube.com/stores/005/775/403/products/95-20_1-825057c22d9c984f0417393077912994-1024-1024.jpg,"https://acdn-us.mitiendanube.com/stores/005/775/403/products/95-20_2-0295efa125d3b7b47817393077941914-1024-1024.jpg,https://acdn-us.mitiendanube.com/stores/005/775/403/products/95-20_4-4b29e95bec1d9555c917393077972363-1024-1024.jpg"
https://gerf.com.ar/productos/Zapatillas-Malik-Negro-Unisex-64-10/,64|10|35,64|10,Zapatillas Malik Negro Unisex,254864493,CALZADOH|CalzadodeHombre|Zapatillas,$52.260,$0,0,0,0,0,0,,$0,0,0,0,0,,0,0,0,0,0,,$0,https://acdn-us.mitiendanube.com/stores/005/775/403/products/64-10_1-0fb0663620e303a7c817393072942377-1024-1024.jpg,
https://gerf.com.ar/productos/Zapatillas-Malik-Amarillo-Unisex-64-152/,64|152|35,64|152,Zapatillas Malik Amarillo Unisex,254864509,CALZADOH|CalzadodeHombre|Zapatillas,$52.260,$0,0,0,0,0,0,,$0,0,0,0,0,,0,0,0,0,0,,$0,https://acdn-us.mitiendanube.com/stores/005/775/403/products/64-152_1-d63a8567672d3c624e17393072971965-1024-1024.jpg,
https://gerf.com.ar/productos/Zapatillas-Malik-Azul-Unisex-64-20/,64|20|35,64|20,Zapatillas Malik Azul Unisex,254864528,CALZADOH|CalzadodeHombre|Zapatillas,$52.260,$0,0,0,0,0,0,,$0,0,0,0,0,,0,0,0,0,0,,$0,https://acdn-us.mitiendanube.com/stores/005/775/403/products/64-20_1-80f0e01aa7083ec41117393073002248-1024-1024.jpg,
https://gerf.com.ar/productos/Zapatillas-Malik-Rojo-Unisex-64-40/,64|40|35,64|40,Zapatillas Malik Rojo Unisex,254864540,CALZADOH|CalzadodeHombre|Zapatillas,$52.260,$0,0,0,0,0,0,,$0,0,0,0,0,,0,0,0,0,0,,$0,https://acdn-us.mitiendanube.com/stores/005/775/403/products/64-40_1-a1b41b969db7be258d17393073031595-1024-1024.jpg,
https://gerf.com.ar/productos/Zapatillas-Malik-Gris-Unisex-64-50/,64|50|35,64|50,Zapatillas Malik Gris Unisex,254864557,CALZADOH|CalzadodeHombre|Zapatillas,$52.260,$0,0,0,0,0,0,,$0,0,0,0,0,,0,0,0,0,0,,$0,https://acdn-us.mitiendanube.com/stores/005/775/403/products/64-50_1-230b185419bfced48a17393073063236-1024-1024.jpg,
https://gerf.com.ar/productos/Zapatillas-Ariel-Negro-Unisex-78-10/,78|10|35,78|10,Zapatillas Ariel Negro Unisex,254865009,Ofertas|CALZADOH|CalzadodeHombre,$51.500,$0,0,0,0,0,0,,$0,0,0,0,0,,0,0,0,0,0,,$0,https://acdn-us.mitiendanube.com/stores/005/775/403/products/78-10_4-bfa665281c7026bf9d17392879747987-1024-1024.jpg,"https://acdn-us.mitiendanube.com/stores/005/775/403/products/78-10_1-514ba4ce13f7c814ed17393074800594-1024-1024.jpg,https://acdn-us.mitiendanube.com/stores/005/775/403/products/78-10_2-3deb546763708b948f17393074832744-1024-1024.jpg,https://acdn-us.mitiendanube.com/stores/005/775/403/products/78-10_3-8559c610efa379265d17393074867190-1024-1024.jpg,https://acdn-us.mitiendanube.com/stores/005/775/403/products/78-10_4-9586fa8e7dcf784ae817393074901452-1024-1024.jpg,https://acdn-us.mitiendanube.com/stores/005/775/403/products/78-10_5-866354c139dca4235b17393074929864-1024-1024.jpg"
https://gerf.com.ar/productos/Zapatillas-Ariel-Nude-Unisex-78-84/,78|84|35,78|84,Zapatillas Ariel Nude Unisex,254865043,CALZADOM|CalzadosdeMujer|Zapatillas,$51.500,$0,0,0,0,0,0,,$0,0,0,0,0,,0,0,0,0,0,,$0,https://acdn-us.mitiendanube.com/stores/005/775/403/products/78-84_1-ec01bb8d663139915617393075115992-1024-1024.jpg,"https://acdn-us.mitiendanube.com/stores/005/775/403/products/78-84_2-d0fed96febe309774f17393075142214-1024-1024.jpg,https://acdn-us.mitiendanube.com/stores/005/775/403/products/78-84_3-3cf352fbaefe9b3d4917393075174251-1024-1024.jpg,https://acdn-us.mitiendanube.com/stores/005/775/403/products/78-84_4-5ea55fd274287caa5a17393075206356-1024-1024.jpg,https://acdn-us.mitiendanube.com/stores/005/775/403/products/78-84_5-ccb0d96da605541b8317393075237329-1024-1024.jpg"
https://gerf.com.ar/productos/Zapatillas-Derfell-Negro-de-Hombre-75-10/,75|10|38,75|10,Zapatillas Derfell Negro de Hombre,254864873,Ofertas|CALZADOH|CalzadodeHombre,$53.500,$0,0,0,0,0,0,,$0,0,0,0,0,,0,0,0,0,0,,$0,https://acdn-us.mitiendanube.com/stores/005/775/403/products/75-10_2-669521952764724dcb17392879029344-1024-1024.jpg,"https://acdn-us.mitiendanube.com/stores/005/775/403/products/75-10_4-0576e6373a2dbfa2f117393074006450-1024-1024.jpg,https://acdn-us.mitiendanube.com/stores/005/775/403/products/75-10_3-eaf8d85b204764da7517393074040053-1024-1024.jpg,https://acdn-us.mitiendanube.com/stores/005/775/403/products/75-10_2-2998684385f6c627d217393074066427-1024-1024.jpg,https://acdn-us.mitiendanube.com/stores/005/775/403/products/75-10_1-e45d50e2588d9aac5617393074099255-1024-1024.jpg"
https://gerf.com.ar/productos/Zapatillas-Derfell-Marron-de-Hombre-75-100/,75|100|38,75|100,Zapatillas Derfell Marron de Hombre,254864885,Ofertas|CALZADOH|CalzadodeHombre,$53.500,$0,0,0,0,0,0,,$0,0,0,0,0,,0,0,0,0,0,,$0,https://acdn-us.mitiendanube.com/stores/005/775/403/products/75-100_4-33a4b03e00ef82fa7e17393074132743-1024-1024.jpg,
https://gerf.com.ar/productos/Zapatillas-Dakar-Azul-de-Hombre-31-20/,31|20|38,31|20,Zapatillas Dakar Azul de Hombre,254863427,CALZADOH|CalzadodeHombre|Zapatillas,$48.600,$0,0,0,0,0,0,,$0,0,0,0,0,,0,0,0,0,0,,$0,https://acdn-us.mitiendanube.com/stores/005/775/403/products/31-20_1-a1158e1f01be74b1a617393065122210-1024-1024.jpg,https://acdn-us.mitiendanube.com/stores/005/775/403/products/31-20_2-5cea68f82025944cfc17393065147753-1024-1024.jpg
https://gerf.com.ar/productos/Zapatillas-Dakar-Verde-de-Hombre-31-30/,31|30|38,31|30,Zapatillas Dakar Verde de Hombre,254863444,CALZADOH|CalzadodeHombre|Zapatillas,$48.600,$0,0,0,0,0,0,,$0,0,0,0,0,,0,0,0,0,0,,$0,https://acdn-us.mitiendanube.com/stores/005/775/403/products/31-30_1-b267e04775fe8b922217393065182831-1024-1024.jpg,https://acdn-us.mitiendanube.com/stores/005/775/403/products/31-30_2-892ba9c1f28debfd2117393065216125-1024-1024.jpg
https://gerf.com.ar/productos/Zapatillas-Indiana-Negro-de-Mujer-57-10/,57|10|35,57|10,Zapatillas Indiana Negro de Mujer,254864129,CALZADOH|CalzadodeHombre|CALZADOM|CalzadosdeMujer|Zapatillas,$48.070,$0,0,0,0,0,0,,$0,0,0,0,0,,0,0,0,0,0,,$0,https://acdn-us.mitiendanube.com/stores/005/775/403/products/57-10_1-e4f063a18a4b1b468617393070665553-1024-1024.jpg,"https://acdn-us.mitiendanube.com/stores/005/775/403/products/57-10_6-6c1efa146aee69067d17393070700508-1024-1024.jpg,https://acdn-us.mitiendanube.com/stores/005/775/403/products/57-10_7-096ba85c789b47c82617393070736065-1024-1024.jpg,https://acdn-us.mitiendanube.com/stores/005/775/403/products/57-10_8-169ee53f883db0990317393070764376-1024-1024.jpg,https://acdn-us.mitiendanube.com/stores/005/775/403/products/57-10_9-525ab425fcb1a11b3f17393070794399-1024-1024.jpg"
https://gerf.com.ar/productos/Zapatillas-Indiana-Dorado-de-Mujer-57-153/,57|153|35,57|153,Zapatillas Indiana Dorado de Mujer,254864138,CALZADOH|CalzadodeHombre|CALZADOM|CalzadosdeMujer|Zapatillas,$48.070,$0,0,0,0,0,0,,$0,0,0,0,0,,0,0,0,0,0,,$0,https://acdn-us.mitiendanube.com/stores/005/775/403/products/57-153_1-9b518d2c65c506019417393070821810-1024-1024.jpg,"https://acdn-us.mitiendanube.com/stores/005/775/403/products/57-153_7-6937c001ea9a53267617393070853416-1024-1024.jpg,https://acdn-us.mitiendanube.com/stores/005/775/403/products/57-153_8-fb513f1634db40ee7117393070887591-1024-1024.jpg,https://acdn-us.mitiendanube.com/stores/005/775/403/products/57-153_9-8a8a8faca76b211b5d17393070922274-1024-1024.jpg"
https://gerf.com.ar/productos/Zapatillas-Liams-Negro-de-Hombre-34-10/,34|10|39,34|10,Zapatillas Liams Negro de Hombre,254863652,Ofertas|CALZADOH|CalzadodeHombre,$48.050,$0,0,0,0,0,0,,$0,0,0,0,0,,0,0,0,0,0,,$0,https://acdn-us.mitiendanube.com/stores/005/775/403/products/34-10_1-835a02a2e1dd79a16617393066849382-1024-1024.jpg,"https://acdn-us.mitiendanube.com/stores/005/775/403/products/34-10_2-68c8c43969e745653017393066882625-1024-1024.jpg,https://acdn-us.mitiendanube.com/stores/005/775/403/products/34-10_3-6144394e52de6a371617393066915950-1024-1024.jpg,https://acdn-us.mitiendanube.com/stores/005/775/403/products/34-10_4-387315931bc38c12dc17393066940126-1024-1024.jpg,https://acdn-us.mitiendanube.com/stores/005/775/403/products/34-10_5-47071d3e2c4f1fe09017393066969133-1024-1024.jpg,https://acdn-us.mitiendanube.com/stores/005/775/403/products/34-10_6-9da95404cf35046d3a17393066994603-1024-1024.jpg"
https://gerf.com.ar/productos/Zapatillas-Liams-Crema-de-Hombre-34-137/,34|137|39,34|137,Zapatillas Liams Crema de Hombre,254863661,Ofertas|CALZADOH|CalzadodeHombre,$48.050,$0,0,0,0,0,0,,$0,0,0,0,0,,0,0,0,0,0,,$0,https://acdn-us.mitiendanube.com/stores/005/775/403/products/34-137_1-0d4b828807a460593317393067019665-1024-1024.jpg,"https://acdn-us.mitiendanube.com/stores/005/775/403/products/34-137_2-ab1e3ea47037f5d59317393067044622-1024-1024.jpg,https://acdn-us.mitiendanube.com/stores/005/775/403/products/34-137_3-4ce79f2d00233418ac17393067071206-1024-1024.jpg,https://acdn-us.mitiendanube.com/stores/005/775/403/products/34-137_4-cde2b74eeca77303fc17393067100177-1024-1024.jpg,https://acdn-us.mitiendanube.com/stores/005/775/403/products/34-137_5-0e6e90868e1a0d2e7d17393067132845-1024-1024.jpg"
https://gerf.com.ar/productos/Zapatillas-Liams-Gris-de-Hombre-34-50/,34|50|39,34|50,Zapatillas Liams Gris de Hombre,254863672,Ofertas|CALZADOH|CalzadodeHombre,$48.050,$0,0,0,0,0,0,,$0,0,0,0,0,,0,0,0,0,0,,$0,https://acdn-us.mitiendanube.com/stores/005/775/403/products/34-50_1-9f92e9b0469b7744c917393067163066-1024-1024.jpg,"https://acdn-us.mitiendanube.com/stores/005/775/403/products/34-50_2-f498928d859aefea5d17393067193389-1024-1024.jpg,https://acdn-us.mitiendanube.com/stores/005/775/403/products/34-50_3-e850e4e5e553e3377517393067222064-1024-1024.jpg,https://acdn-us.mitiendanube.com/stores/005/775/403/products/34-50_4-517823e13455bd484417393067248510-1024-1024.jpg,https://acdn-us.mitiendanube.com/stores/005/775/403/products/34-50_5-5f2a3c6712171a97a117393067278011-1024-1024.jpg"
https://gerf.com.ar/productos/Zapatillas-Dione-Silver-Negro-Unisex-62-10/,62|10|35,62|10,Zapatillas Dione Silver Negro Unisex,254864412,Ofertas|CALZADOH|CalzadodeHombre|Zapatillas|VERTODO|CALZADOM|CalzadosdeMujer|Zapatillas|VERTODO,$84.000,$0,0,0,0,0,0,,$0,0,0,0,0,,0,0,0,0,0,,$0,https://acdn-us.mitiendanube.com/stores/005/775/403/products/62-10_1-c73b3a8523ac83653317393072785037-1024-1024.jpg,
https://gerf.com.ar/productos/Zapatillas-Dione-Silver-Naranja-Unisex-62-120/,62|120|35,62|120,Zapatillas Dione Silver Naranja Unisex,254864427,Ofertas|CALZADOH|CalzadodeHombre|Zapatillas|VERTODO|CALZADOM|CalzadosdeMujer|Zapatillas|VERTODO,$84.000,$0,0,0,0,0,0,,$0,0,0,0,0,,0,0,0,0,0,,$0,https://acdn-us.mitiendanube.com/stores/005/775/403/products/62-120_1-597d0a1f55611d096a17393072813577-1024-1024.jpg,
https://gerf.com.ar/productos/Zapatillas-Dione-Silver-Verde-Unisex-62-30/,62|30|35,62|30,Zapatillas Dione Silver Verde Unisex,254864443,Ofertas|CALZADOH|CalzadodeHombre|Zapatillas|VERTODO|CALZADOM|CalzadosdeMujer|Zapatillas|VERTODO,$84.000,$0,0,0,0,0,0,,$0,0,0,0,0,,0,0,0,0,0,,$0,https://acdn-us.mitiendanube.com/stores/005/775/403/products/62-30_1-f1fe72b990b37aea0017393072844861-1024-1024.jpg,
https://gerf.com.ar/productos/Zapatillas-Dione-Silver-Rosa-de-Mujer-62-80/,62|80|35,62|80,Zapatillas Dione Silver Rosa de Mujer,254864466,CALZADOM|CalzadosdeMujer|Zapatillas|VERTODO,$84.000,$0,0,0,0,0,0,,$0,0,0,0,0,,0,0,0,0,0,,$0,https://acdn-us.mitiendanube.com/stores/005/775/403/products/62-80_1-58e55d44dd9b2114f917393072878650-1024-1024.jpg,
https://gerf.com.ar/productos/Zapatillas-Duma-Beige-27-134/,27|134|35,27|134,Zapatillas Duma Beige,254863399,Ofertas|CALZADOH|CalzadodeHombre,$52.000,$0,0,0,0,0,0,,$0,0,0,0,0,,0,0,0,0,0,,$0,https://acdn-us.mitiendanube.com/stores/005/775/403/products/27-134_1-72105f1efa3022129417393064805098-1024-1024.jpg,"https://acdn-us.mitiendanube.com/stores/005/775/403/products/27-134_2-19584683ff27cc42a517393064837873-1024-1024.jpg,https://acdn-us.mitiendanube.com/stores/005/775/403/products/27-134_3-b64944b367579f217817393064870753-1024-1024.jpg,https://acdn-us.mitiendanube.com/stores/005/775/403/products/27-134_4-508bcf65cd3119147217393064902755-1024-1024.jpg,https://acdn-us.mitiendanube.com/stores/005/775/403/products/27-134_5-a7c18621b00eb8338917393064936764-1024-1024.jpg"
https://gerf.com.ar/productos/Zapatillas-Duma-Gris-de-Mujer-27-50/,27|50|35,27|50,Zapatillas Duma Gris de Mujer,254863408,Ofertas|CALZADOH|CalzadodeHombre,$52.000,$0,0,0,0,0,0,,$0,0,0,0,0,,0,0,0,0,0,,$0,https://acdn-us.mitiendanube.com/stores/005/775/403/products/27-50_1-8ad5de6c4fd5973f6b17393064960142-1024-1024.jpg,"https://acdn-us.mitiendanube.com/stores/005/775/403/products/27-50_2-a2ccdf0678b318ca2317393064990242-1024-1024.jpg,https://acdn-us.mitiendanube.com/stores/005/775/403/products/27-50_3-a743f239a2af309ef917393065016362-1024-1024.jpg,https://acdn-us.mitiendanube.com/stores/005/775/403/products/27-50_4-10426f628a5deade8d17393065042699-1024-1024.jpg"
https://gerf.com.ar/productos/Zapatillas-Fiona-Plata-de-Mujer-74-141/,74|141|35,74|141,Zapatillas Fiona Plata de Mujer,254864824,Ofertas|CALZADOH|CalzadodeHombre,$46.720,$0,0,0,0,0,0,,$0,0,0,0,0,,0,0,0,0,0,,$0,https://acdn-us.mitiendanube.com/stores/005/775/403/products/74-141_1-15bd2b48f65409706217393073885119-1024-1024.jpg,
https://gerf.com.ar/productos/Zapatillas-Fiona-Dorado-de-Mujer-74-153/,74|153|35,74|153,Zapatillas Fiona Dorado de Mujer,254864833,Ofertas|CALZADOH|CalzadodeHombre,$46.720,$0,0,0,0,0,0,,$0,0,0,0,0,,0,0,0,0,0,,$0,https://acdn-us.mitiendanube.com/stores/005/775/403/products/74-153_1-16156c676f5e3740a617393073918514-1024-1024.jpg,
https://gerf.com.ar/productos/Zapatillas-Fiona-Rosa-de-Mujer-74-80/,74|80|35,74|80,Zapatillas Fiona Rosa de Mujer,254864847,Ofertas|CALZADOH|CalzadodeHombre,$46.720,$0,0,0,0,0,0,,$0,0,0,0,0,,0,0,0,0,0,,$0,https://acdn-us.mitiendanube.com/stores/005/775/403/products/74-80_1-e8e5b1987e85e60e4517393073951840-1024-1024.jpg,
https://gerf.com.ar/productos/Panchas-Apolo-Negro-85-10/,85|10|39,85|10,Panchas Apolo Negro,254865281,Ofertas,$51.000,$0,0,0,0,0,0,,$0,0,0,0,0,,0,0,0,0,0,,$0,https://acdn-us.mitiendanube.com/stores/005/775/403/products/85-10_1-9ffe2cdaf85137b93317393075682301-1024-1024.jpg,https://acdn-us.mitiendanube.com/stores/005/775/403/products/85-10_1-a288c1b542cb3930e817393075711875-1024-1024.jpg
https://gerf.com.ar/productos/Zapatillas-Cairo-Negro-Unisex-51-10/,51|10|35,51|10,Zapatillas Cairo Negro Unisex,254863943,CALZADOH|CalzadodeHombre|Zapatillas,$44.100,$0,0,0,0,0,0,,$0,0,0,0,0,,0,0,0,0,0,,$0,https://acdn-us.mitiendanube.com/stores/005/775/403/products/51-10_1-4e8a60d98af360a48017393069827437-1024-1024.jpg,
https://gerf.com.ar/productos/Zapatillas-Cairo-Bordo-Unisex-51-111/,51|111|35,51|111,Zapatillas Cairo Bordo Unisex,254863953,CALZADOH|CalzadodeHombre|Zapatillas,$44.100,$0,0,0,0,0,0,,$0,0,0,0,0,,0,0,0,0,0,,$0,https://acdn-us.mitiendanube.com/stores/005/775/403/products/51-111_1-7573cd7706cae92ed517393069857335-1024-1024.jpg,
https://gerf.com.ar/productos/Zapatillas-Cairo-Mostaza-Unisex-51-151/,51|151|35,51|151,Zapatillas Cairo Mostaza Unisex,254863969,CALZADOH|CalzadodeHombre|Zapatillas,$44.100,$0,0,0,0,0,0,,$0,0,0,0,0,,0,0,0,0,0,,$0,https://acdn-us.mitiendanube.com/stores/005/775/403/products/51-151_1-056cd3362991be8db517393069887919-1024-1024.jpg,
https://gerf.com.ar/productos/Zapatillas-Cairo-Azul-Unisex-51-20/,51|20|35,51|20,Zapatillas Cairo Azul Unisex,254863985,CALZADOH|CalzadodeHombre|Zapatillas,$44.100,$0,0,0,0,0,0,,$0,0,0,0,0,,0,0,0,0,0,,$0,https://acdn-us.mitiendanube.com/stores/005/775/403/products/51-20_1-34d8bf3e2447ecb31c17393069922549-1024-1024.jpg,
https://gerf.com.ar/productos/Zapatillas-Africa-Naranja-de-Mujer-52-120/,52|120|35,52|120,Zapatillas Africa Naranja de Mujer,254863998,CALZADOM|CalzadosdeMujer|Zapatillas,$43.800,$0,0,0,0,0,0,,$0,0,0,0,0,,0,0,0,0,0,,$0,https://acdn-us.mitiendanube.com/stores/005/775/403/products/52-120_1-c76d6929ab2e5cdaa817393069957872-1024-1024.jpg,
https://gerf.com.ar/productos/Zapatillas-Africa-Beige-de-Mujer-52-134/,52|134|35,52|134,Zapatillas Africa Beige de Mujer,254864006,CALZADOM|CalzadosdeMujer|Zapatillas,$43.800,$0,0,0,0,0,0,,$0,0,0,0,0,,0,0,0,0,0,,$0,https://acdn-us.mitiendanube.com/stores/005/775/403/products/52-134_1-281f52189f62d8021917393069987480-1024-1024.jpg,
https://gerf.com.ar/productos/Zapatillas-Africa-Azul-de-Mujer-52-20/,52|20|35,52|20,Zapatillas Africa Azul de Mujer,254864017,CALZADOM|CalzadosdeMujer|Zapatillas,$43.800,$0,0,0,0,0,0,,$0,0,0,0,0,,0,0,0,0,0,,$0,https://acdn-us.mitiendanube.com/stores/005/775/403/products/52-20_1-bec2fe0e57d018db5017393070014951-1024-1024.jpg,
https://gerf.com.ar/productos/Zapatillas-Africa-Verde-de-Mujer-52-30/,52|30|35,52|30,Zapatillas Africa Verde de Mujer,254864025,CALZADOM|CalzadosdeMujer|Zapatillas,$43.800,$0,0,0,0,0,0,,$0,0,0,0,0,,0,0,0,0,0,,$0,https://acdn-us.mitiendanube.com/stores/005/775/403/products/52-30_1-37114fd55c3c1cda8f17393070049594-1024-1024.jpg,
https://gerf.com.ar/productos/Zapatillas-Africa-Rosa-Claro-de-Mujer-52-82/,52|82|35,52|82,Zapatillas Africa Rosa Claro de Mujer,254864032,CALZADOM|CalzadosdeMujer|Zapatillas,$43.800,$0,0,0,0,0,0,,$0,0,0,0,0,,0,0,0,0,0,,$0,https://acdn-us.mitiendanube.com/stores/005/775/403/products/52-82_1-113d277716afe3030417393070080128-1024-1024.jpg,
https://gerf.com.ar/productos/Zapatillas-Sneak-Negro-Unisex-82-10/,82|10|35,82|10,Zapatillas Sneak Negro Unisex,254865119,Ofertas|CALZADOH|CalzadodeHombre,$43.800,$0,0,0,0,0,0,,$0,0,0,0,0,,0,0,0,0,0,,$0,,
https://gerf.com.ar/productos/Zapatillas-Sneak-Azul-Unisex-82-20/,82|20|35,82|20,Zapatillas Sneak Azul Unisex,254865136,Ofertas|CALZADOH|CalzadodeHombre,$43.800,$0,0,0,0,0,0,,$0,0,0,0,0,,0,0,0,0,0,,$0,https://acdn-us.mitiendanube.com/stores/005/775/403/products/82-20_1-e5a8b473d3c918545d17392880135458-1024-1024.jpg,"https://acdn-us.mitiendanube.com/stores/005/775/403/products/82-20_1-622e68e2c3eb571d4d17393075355546-1024-1024.jpg,https://acdn-us.mitiendanube.com/stores/005/775/403/products/82-20_2-d0d3984396229a590c17393075385846-1024-1024.jpg"
https://gerf.com.ar/productos/Zapatillas-Sneak-Rosa-Unisex-82-80/,82|80|35,82|80,Zapatillas Sneak Rosa Unisex,254865157,Ofertas|CALZADOH|CalzadodeHombre,$43.800,$0,0,0,0,0,0,,$0,0,0,0,0,,0,0,0,0,0,,$0,,
https://gerf.com.ar/productos/Ojotas-Jasmine-Negro-de-Mujer-4455-10/,4455|10|36,4455|10,Ojotas Jasmine Negro de Mujer,254863786,CALZADOM|CalzadosdeMujer|Ojotas|VERTODO,$41.000,$0,0,0,0,0,0,,$0,0,0,0,0,,0,0,0,0,0,,$0,https://acdn-us.mitiendanube.com/stores/005/775/403/products/4455-10_5-ee04f6bbf3bc920ff717393068156407-1024-1024.jpg,"https://acdn-us.mitiendanube.com/stores/005/775/403/products/4455-10_4-bc6816a4288c7f4ab517393068186007-1024-1024.jpg,https://acdn-us.mitiendanube.com/stores/005/775/403/products/4455-10_3-6c5d21adf2b450706e17393068217017-1024-1024.jpg,https://acdn-us.mitiendanube.com/stores/005/775/403/products/4455-10_2-815975061b793cf8ed17393068244396-1024-1024.jpg,https://acdn-us.mitiendanube.com/stores/005/775/403/products/4455-10_1-f14631e7401db2298e17393068280711-1024-1024.jpg"
https://gerf.com.ar/productos/Ojotas-Jasmine-Marron-de-Mujer-4455-100/,4455|100|36,4455|100,Ojotas Jasmine Marron de Mujer,254863789,CALZADOM|CalzadosdeMujer|Ojotas|VERTODO,$41.000,$0,0,0,0,0,0,,$0,0,0,0,0,,0,0,0,0,0,,$0,https://acdn-us.mitiendanube.com/stores/005/775/403/products/4455-100_1-a37b080b7bd580353517393068307581-1024-1024.jpg,
https://gerf.com.ar/productos/Ojotas-Jasmine-Cebra-4455-104/,4455|104|36,4455|104,Ojotas Jasmine Cebra,254863793,CALZADOM|CalzadosdeMujer|Ojotas|VERTODO,$41.000,$0,0,0,0,0,0,,$0,0,0,0,0,,0,0,0,0,0,,$0,https://acdn-us.mitiendanube.com/stores/005/775/403/products/4455-104_1-738f7879a25531e60b17393068338729-1024-1024.jpg,
https://gerf.com.ar/productos/Ojotas-Jasmine-Negro-Y-Blanco-4455-11/,4455|11|35,4455|11,Ojotas Jasmine Negro Y Blanco,254863795,CALZADOM|CalzadosdeMujer|Ojotas|VERTODO,$41.000,$0,0,0,0,0,0,,$0,0,0,0,0,,0,0,0,0,0,,$0,https://acdn-us.mitiendanube.com/stores/005/775/403/products/4455-11_1-18882f21227331b9cb17393068366204-1024-1024.jpg,"https://acdn-us.mitiendanube.com/stores/005/775/403/products/4455-11_2-5f6a2a4a14913bfd2917393068390077-1024-1024.jpg,https://acdn-us.mitiendanube.com/stores/005/775/403/products/4455-11_3-f5bc0551e405ff131617393068420926-1024-1024.jpg,https://acdn-us.mitiendanube.com/stores/005/775/403/products/4455-11_4-cd9b37eec8c8f2b59c17393068447107-1024-1024.jpg,https://acdn-us.mitiendanube.com/stores/005/775/403/products/4455-11_5-20a114eb54a6c5c65017393068479247-1024-1024.jpg"
https://gerf.com.ar/productos/Ojotas-Jasmine-Plata-Unisex-4455-141/,4455|141|37,4455|141,Ojotas Jasmine Plata Unisex,254863805,CALZADOM|CalzadosdeMujer|Ojotas|VERTODO,$41.000,$0,0,0,0,0,0,,$0,0,0,0,0,,0,0,0,0,0,,$0,,
https://gerf.com.ar/productos/Ojotas-Jasmine-Dorado-4455-153/,4455|153|35,4455|153,Ojotas Jasmine Dorado,254863809,CALZADOM|CalzadosdeMujer|Ojotas|VERTODO,$41.000,$0,0,0,0,0,0,,$0,0,0,0,0,,0,0,0,0,0,,$0,https://acdn-us.mitiendanube.com/stores/005/775/403/products/4455-153_1-809a5390d804d7f69717393068533724-1024-1024.jpg,"https://acdn-us.mitiendanube.com/stores/005/775/403/products/4455-153_2-f46c927381e37ec92317393068558729-1024-1024.jpg,https://acdn-us.mitiendanube.com/stores/005/775/403/products/4455-153_3-2feeef58feed4ac62517393068591261-1024-1024.jpg,https://acdn-us.mitiendanube.com/stores/005/775/403/products/4455-153_4-7bea7e18ff09dc18a417393068623647-1024-1024.jpg,https://acdn-us.mitiendanube.com/stores/005/775/403/products/4455-153_5-da789c6b6009c6b3a317393068650712-1024-1024.jpg"
https://gerf.com.ar/productos/Ojotas-Jasmine-Negro-Ii-de-Mujer-4455-19/,4455|19|35,4455|19,Ojotas Jasmine Negro Ii de Mujer,254863819,CALZADOM|CalzadosdeMujer|Ojotas|VERTODO,$41.000,$0,0,0,0,0,0,,$0,0,0,0,0,,0,0,0,0,0,,$0,https://acdn-us.mitiendanube.com/stores/005/775/403/products/4455-19_1-bf8583723aceed8e7e17393068710780-1024-1024.jpg,"https://acdn-us.mitiendanube.com/stores/005/775/403/products/4455-19_2-518ba00928bded475017393068738632-1024-1024.jpg,https://acdn-us.mitiendanube.com/stores/005/775/403/products/4455-19_3-90e28d168ae6bbf4fe17393068767663-1024-1024.jpg,https://acdn-us.mitiendanube.com/stores/005/775/403/products/4455-19_4-7aaa0de153b81307d317393068799733-1024-1024.jpg,https://acdn-us.mitiendanube.com/stores/005/775/403/products/4455-19_5-fd8efe90ba479d3dd717393068828390-1024-1024.jpg"
https://gerf.com.ar/productos/Ojotas-Jasmine-Gris-Claro-de-Mujer-4455-53/,4455|53|35,4455|53,Ojotas Jasmine Gris Claro de Mujer,254863821,CALZADOM|CalzadosdeMujer|Ojotas|VERTODO,$41.000,$0,0,0,0,0,0,,$0,0,0,0,0,,0,0,0,0,0,,$0,,
https://gerf.com.ar/productos/Ojotas-Jasmine-Nude-de-Mujer-4455-84/,4455|84|35,4455|84,Ojotas Jasmine Nude de Mujer,254863829,CALZADOM|CalzadosdeMujer|Ojotas|VERTODO,$41.000,$0,0,0,0,0,0,,$0,0,0,0,0,,0,0,0,0,0,,$0,https://acdn-us.mitiendanube.com/stores/005/775/403/products/4455-84_1-fdf01d2326b90c90a217393068859382-1024-1024.jpg,
https://gerf.com.ar/productos/Ojotas-Jasmine-Marron-Y-Negro-4455-108/,4455|108|35,4455|108,Ojotas Jasmine Marron Y Negro,254866572,CALZADOM|CalzadosdeMujer|Ojotas,$41.000,$0,0,0,0,0,0,,$0,0,0,0,0,,0,0,0,0,0,,$0,https://acdn-us.mitiendanube.com/stores/005/775/403/products/4455-108_1-4d5f7353865788d8ef17393099590197-1024-1024.png,https://acdn-us.mitiendanube.com/stores/005/775/403/products/4455-108_2-cffafa650f172d988917393099629618-1024-1024.png
https://gerf.com.ar/productos/Zapatillas-Cale-Verde-de-Hombre-81-30/,81|30|36,81|30,Zapatillas Cale Verde de Hombre,254865060,Ofertas|CALZADOH|CalzadodeHombre,$44.600,$0,0,0,0,0,0,,$0,0,0,0,0,,0,0,0,0,0,,$0,https://acdn-us.mitiendanube.com/stores/005/775/403/products/81-30_1-d3822216543e2ab6b117393075264700-1024-1024.jpg,
https://gerf.com.ar/productos/Zapatillas-Cale-Rosa-de-Hombre-81-80/,81|80|36,81|80,Zapatillas Cale Rosa de Hombre,254865077,Ofertas|CALZADOH|CalzadodeHombre,$44.600,$0,0,0,0,0,0,,$0,0,0,0,0,,0,0,0,0,0,,$0,https://acdn-us.mitiendanube.com/stores/005/775/403/products/81-80_1-3ff11bdec35f6c041f17392880074353-1024-1024.jpg,https://acdn-us.mitiendanube.com/stores/005/775/403/products/81-80_1-a346f7325413c95fd617393075296146-1024-1024.jpg
https://gerf.com.ar/productos/Zapatillas-Cale-Natural-de-Hombre-81-90/,81|90|36,81|90,Zapatillas Cale Natural de Hombre,254865097,Ofertas|CALZADOH|CalzadodeHombre,$44.600,$0,0,0,0,0,0,,$0,0,0,0,0,,0,0,0,0,0,,$0,https://acdn-us.mitiendanube.com/stores/005/775/403/products/81-90_1-c6517c0181a15692b617393075328451-1024-1024.jpg,
https://gerf.com.ar/productos/Zapatillas-Zeus-Blanco-Unisex-91-01/,91|01|35,91|01,Zapatillas Zeus Blanco Unisex,254865467,CALZADOH|CalzadodeHombre|Zapatillas,$39.560,$0,0,0,0,0,0,,$0,0,0,0,0,,0,0,0,0,0,,$0,https://acdn-us.mitiendanube.com/stores/005/775/403/products/91-01_1-85f70fbc9e68d492cf17393076984392-1024-1024.jpg,
https://gerf.com.ar/productos/Zapatillas-Zeus-Negro-Unisex-91-10/,91|10|35,91|10,Zapatillas Zeus Negro Unisex,254865485,CALZADOH|CalzadodeHombre|Zapatillas,$39.560,$0,0,0,0,0,0,,$0,0,0,0,0,,0,0,0,0,0,,$0,https://acdn-us.mitiendanube.com/stores/005/775/403/products/91-10_1-26689bbfe032a9592b17393077017073-1024-1024.jpg,
https://gerf.com.ar/productos/Zapatillas-Zeus-Azul-Unisex-91-20/,91|20|35,91|20,Zapatillas Zeus Azul Unisex,254865495,CALZADOH|CalzadodeHombre|Zapatillas,$39.560,$0,0,0,0,0,0,,$0,0,0,0,0,,0,0,0,0,0,,$0,https://acdn-us.mitiendanube.com/stores/005/775/403/products/91-20_1-a8d4c66d650e0449c417393077048339-1024-1024.jpg,
https://gerf.com.ar/productos/Zapatillas-Zeus-Rojo-Unisex-91-40/,91|40|35,91|40,Zapatillas Zeus Rojo Unisex,254865509,CALZADOH|CalzadodeHombre|Zapatillas,$39.560,$0,0,0,0,0,0,,$0,0,0,0,0,,0,0,0,0,0,,$0,https://acdn-us.mitiendanube.com/stores/005/775/403/products/91-40_1-c7e2cc9da64e0fc77117393077076992-1024-1024.jpg,
https://gerf.com.ar/productos/Ojotas-Laurent-Marron-de-Hombre-4456-100/,4456|100|40,4456|100,Ojotas Laurent Marron de Hombre,254863859,CALZADOH|CalzadodeHombre|Ojotas|VERTODO,$37.200,$18.600,0,0,0,0,0,,$0,0,0,0,0,,0,0,0,0,0,,$0,https://acdn-us.mitiendanube.com/stores/005/775/403/products/4456-100_1-f472c91bb6b4c9547717393069167856-1024-1024.jpg,
https://gerf.com.ar/productos/Ojotas-Laurent-Marron-Claro-de-Hombre-4456-118/,4456|118|39,4456|118,Ojotas Laurent Marron Claro de Hombre,254863867,CALZADOH|CalzadodeHombre|Ojotas|VERTODO,$37.200,$18.600,0,0,0,0,0,,$0,0,0,0,0,,0,0,0,0,0,,$0,https://acdn-us.mitiendanube.com/stores/005/775/403/products/4456-118_1-df93c87d255ce6c27e17393069196937-1024-1024.jpg,"https://acdn-us.mitiendanube.com/stores/005/775/403/products/4456-118_2-ffbd6e9909bea7d20b17393069223500-1024-1024.jpg,https://acdn-us.mitiendanube.com/stores/005/775/403/products/4456-118_3-fd2d6e6131ef56b40617393069254664-1024-1024.jpg,https://acdn-us.mitiendanube.com/stores/005/775/403/products/4456-118_4-2259ff1d90ee26078917393069281345-1024-1024.jpg,https://acdn-us.mitiendanube.com/stores/005/775/403/products/4456-118_5-8b0591999624900d6a17393069308149-1024-1024.jpg"
https://gerf.com.ar/productos/Ojotas-Laurent-Camuflado-de-Hombre-4456-144/,4456|144|39,4456|144,Ojotas Laurent Camuflado de Hombre,254863876,CALZADOH|CalzadodeHombre|Ojotas|VERTODO,$37.200,$18.600,0,0,0,0,0,,$0,0,0,0,0,,0,0,0,0,0,,$0,https://acdn-us.mitiendanube.com/stores/005/775/403/products/4456-144_1-625c0a84730f553f5317393069335516-1024-1024.jpg,"https://acdn-us.mitiendanube.com/stores/005/775/403/products/4456-144_2-ba0f22abc5ae5b450217393069366425-1024-1024.jpg,https://acdn-us.mitiendanube.com/stores/005/775/403/products/4456-144_3-6177b1293c1967973f17393069392476-1024-1024.jpg,https://acdn-us.mitiendanube.com/stores/005/775/403/products/4456-144_4-eca95b61541a6589d017393069418906-1024-1024.jpg,https://acdn-us.mitiendanube.com/stores/005/775/403/products/4456-144_5-a7fa1e348272ba626617393069451413-1024-1024.jpg"
https://gerf.com.ar/productos/Ojotas-Laurent-Negro-Liso-de-Hombre-4456-18/,4456|18|39,4456|18,Ojotas Laurent Negro Liso de Hombre,254863885,CALZADOH|CalzadodeHombre|Ojotas|VERTODO,$37.200,$18.600,0,0,0,0,0,,$0,0,0,0,0,,0,0,0,0,0,,$0,https://acdn-us.mitiendanube.com/stores/005/775/403/products/4456-18_1-c2ef4be2f6fb1f6b9a17393069476878-1024-1024.jpg,https://acdn-us.mitiendanube.com/stores/005/775/403/products/4456-18_2-01ec3705e5d45026ee17393069509397-1024-1024.jpg
https://gerf.com.ar/productos/Ojotas-Laurent-Azul-de-Hombre-4456-20/,4456|20|39,4456|20,Ojotas Laurent Azul de Hombre,254863894,CALZADOH|CalzadodeHombre|Ojotas|VERTODO,$37.200,$18.600,0,0,0,0,0,,$0,0,0,0,0,,0,0,0,0,0,,$0,https://acdn-us.mitiendanube.com/stores/005/775/403/products/4456-20_4-3e857895a3ce31bc6517393069536032-1024-1024.jpg,
https://gerf.com.ar/productos/Ojotas-Laurent-Gris-Lobo-de-Hombre-4456-58/,4456|58|39,4456|58,Ojotas Laurent Gris Lobo de Hombre,254863918,CALZADOH|CalzadodeHombre|Ojotas|VERTODO,$37.200,$18.600,0,0,0,0,0,,$0,0,0,0,0,,0,0,0,0,0,,$0,https://acdn-us.mitiendanube.com/stores/005/775/403/products/4456-58_1-dfc20e9ff7e0efe37c17393069658472-1024-1024.jpg,"https://acdn-us.mitiendanube.com/stores/005/775/403/products/4456-58_2-a971af0b0ddf206f9e17393069689523-1024-1024.jpg,https://acdn-us.mitiendanube.com/stores/005/775/403/products/4456-58_3-320c7658dd603a879317393069720721-1024-1024.jpg,https://acdn-us.mitiendanube.com/stores/005/775/403/products/4456-58_4-f6bbdae3f98e4e903e17393069749252-1024-1024.jpg,https://acdn-us.mitiendanube.com/stores/005/775/403/products/4456-58_5-d06d00e50fe866657017393069776462-1024-1024.jpg"
https://gerf.com.ar/productos/Ojotas-Laurent-Bco-Punteado-de-Hombre-4456-94/,4456|94|39,4456|94,Ojotas Laurent Bco Punteado de Hombre,254863926,CALZADOH|CalzadodeHombre|Ojotas|VERTODO,$37.200,$18.600,0,0,0,0,0,,$0,0,0,0,0,,0,0,0,0,0,,$0,https://acdn-us.mitiendanube.com/stores/005/775/403/products/4456-94_1-7827b9e2909438ec7717393069800961-1024-1024.jpg,
https://gerf.com.ar/productos/Zapatillas-Tristan-Negro-de-Hombre-28-10/,28|10|39,28|10,Zapatillas Tristan Negro de Hombre,254863415,CALZADOH|CalzadodeHombre|Zapatillas,$38.680,$0,0,0,0,0,0,,$0,0,0,0,0,,0,0,0,0,0,,$0,https://acdn-us.mitiendanube.com/stores/005/775/403/products/28-10_1-29aa1da14fee3e5d8617393065066788-1024-1024.jpg,https://acdn-us.mitiendanube.com/stores/005/775/403/products/28-10_2-07b514d2b6569737f417393065096721-1024-1024.jpg
https://gerf.com.ar/productos/Zapatillas-Bono-Negro-de-Hombre-73-10/,73|10|38,73|10,Zapatillas Bono Negro de Hombre,254864784,Ofertas|CALZADOH|CalzadodeHombre,$42.100,$0,0,0,0,0,0,,$0,0,0,0,0,,0,0,0,0,0,,$0,https://acdn-us.mitiendanube.com/stores/005/775/403/products/73-10_1-4861dc99621578eac117393073763610-1024-1024.jpg,
https://gerf.com.ar/productos/Zapatillas-Bono-Beige-de-Hombre-73-134/,73|134|38,73|134,Zapatillas Bono Beige de Hombre,254864793,Ofertas|CALZADOH|CalzadodeHombre,$42.100,$0,0,0,0,0,0,,$0,0,0,0,0,,0,0,0,0,0,,$0,https://acdn-us.mitiendanube.com/stores/005/775/403/products/73-134_1-7b29d61070c79d539717393073790598-1024-1024.jpg,
https://gerf.com.ar/productos/Zapatillas-Bono-Azul-Unisex-73-20/,73|20|38,73|20,Zapatillas Bono Azul Unisex,254864804,Ofertas|CALZADOH|CalzadodeHombre,$42.100,$0,0,0,0,0,0,,$0,0,0,0,0,,0,0,0,0,0,,$0,https://acdn-us.mitiendanube.com/stores/005/775/403/products/73-20_1-2ae819ab6510d00b0017392878809199-1024-1024.jpg,https://acdn-us.mitiendanube.com/stores/005/775/403/products/73-20_1-001cc32e4320e3566e17393073823676-1024-1024.jpg
https://gerf.com.ar/productos/Zapatillas-Bono-Rojo-de-Hombre-73-40/,73|40|38,73|40,Zapatillas Bono Rojo de Hombre,254864816,Ofertas|CALZADOH|CalzadodeHombre,$42.100,$0,0,0,0,0,0,,$0,0,0,0,0,,0,0,0,0,0,,$0,https://acdn-us.mitiendanube.com/stores/005/775/403/products/73-40_1-a7245662de5b3d610c17393073858097-1024-1024.jpg,
https://gerf.com.ar/productos/Botitas-Lisboa-Negro-Unisex-72-10/,72|10|35,72|10,Botitas Lisboa Negro Unisex,254864728,Ofertas,$38.200,$0,0,0,0,0,0,,$0,0,0,0,0,,0,0,0,0,0,,$0,https://acdn-us.mitiendanube.com/stores/005/775/403/products/72-10_1-a74dac2bac5317522217393073639389-1024-1024.jpg,
https://gerf.com.ar/productos/Botitas-Lisboa-Bordo-Unisex-72-111/,72|111|35,72|111,Botitas Lisboa Bordo Unisex,254864747,CALZADOH|CalzadodeHombre|Zapatillas,$38.200,$0,0,0,0,0,0,,$0,0,0,0,0,,0,0,0,0,0,,$0,https://acdn-us.mitiendanube.com/stores/005/775/403/products/72-111_1-7ed5254e5cf59f6fdf17393073667214-1024-1024.jpg,
https://gerf.com.ar/productos/Botitas-Lisboa-Azul-Unisex-72-20/,72|20|35,72|20,Botitas Lisboa Azul Unisex,254864758,CALZADOH|CalzadodeHombre|Zapatillas,$38.200,$0,0,0,0,0,0,,$0,0,0,0,0,,0,0,0,0,0,,$0,https://acdn-us.mitiendanube.com/stores/005/775/403/products/72-20_1-719475edab577cf5bb17392878710798-1024-1024.jpg,https://acdn-us.mitiendanube.com/stores/005/775/403/products/72-20_1-fe3e1086f6479f211017393073701343-1024-1024.jpg
https://gerf.com.ar/productos/Botitas--Lisboa-Gris-Unisex-72-50/,72|50|35,72|50,Botitas Lisboa Gris Unisex,254864773,CALZADOH|CalzadodeHombre|Zapatillas,$38.200,$0,0,0,0,0,0,,$0,0,0,0,0,,0,0,0,0,0,,$0,https://acdn-us.mitiendanube.com/stores/005/775/403/products/72-50_1-1f6a392dedbfb8c50817393073731576-1024-1024.jpg,
https://gerf.com.ar/productos/Panchas-Panchas-Bordo-Unisex-83-111/,83|111|35,83|111,Panchas Panchas Bordo Unisex,254865185,Ofertas,$42.000,$0,0,0,0,0,0,,$0,0,0,0,0,,0,0,0,0,0,,$0,https://acdn-us.mitiendanube.com/stores/005/775/403/products/83-111_1-770efa14f85e19b5da17393075441359-1024-1024.jpg,
https://gerf.com.ar/productos/Panchas-Panchas-Jeans-Unisex-83-133/,83|133|35,83|133,Panchas Panchas Jeans Unisex,254865199,Ofertas|LiquidaciondeTemporada,$42.000,$0,0,0,0,0,0,,$0,0,0,0,0,,0,0,0,0,0,,$0,https://acdn-us.mitiendanube.com/stores/005/775/403/products/83-133_1-3f293a69d1ebc7c84f17392880238999-1024-1024.jpg,https://acdn-us.mitiendanube.com/stores/005/775/403/products/83-133_1-f1f7244318385d44f017393075485599-1024-1024.jpg
https://gerf.com.ar/productos/Panchas-Panchas-Coral-Unisex-83-70/,83|70|35,83|70,Panchas Panchas Coral Unisex,254865219,Ofertas|LiquidaciondeTemporada,$42.000,$0,0,0,0,0,0,,$0,0,0,0,0,,0,0,0,0,0,,$0,https://acdn-us.mitiendanube.com/stores/005/775/403/products/83-70_1-6804f524aafb9db50217393075521138-1024-1024.jpg,https://acdn-us.mitiendanube.com/stores/005/775/403/products/83-70_2-0f87661721b90f2b1f17393075556407-1024-1024.jpg
https://gerf.com.ar/productos/Zapatillas-Petra-Negro-Unisex-84-10/,84|10|35,84|10,Zapatillas Petra Negro Unisex,254865233,Ofertas|CALZADOH|CalzadodeHombre,$38.200,$0,0,0,0,0,0,,$0,0,0,0,0,,0,0,0,0,0,,$0,,
https://gerf.com.ar/productos/Zapatillas-Petra-Bordo-Unisex-84-111/,84|111|35,84|111,Zapatillas Petra Bordo Unisex,254865247,Ofertas|CALZADOH|CalzadodeHombre,$38.200,$0,0,0,0,0,0,,$0,0,0,0,0,,0,0,0,0,0,,$0,https://acdn-us.mitiendanube.com/stores/005/775/403/products/84-111_1-1f884c11d9f1f84f9a17392880338000-1024-1024.jpg,https://acdn-us.mitiendanube.com/stores/005/775/403/products/84-111_1-b7cc8605819939bbf217393075584980-1024-1024.jpg
https://gerf.com.ar/productos/Zapatillas-Petra-Azul-Unisex-84-20/,84|20|35,84|20,Zapatillas Petra Azul Unisex,254865260,Ofertas|CALZADOH|CalzadodeHombre,$38.200,$0,0,0,0,0,0,,$0,0,0,0,0,,0,0,0,0,0,,$0,https://acdn-us.mitiendanube.com/stores/005/775/403/products/84-20_1-33e75555033308e32217393075617758-1024-1024.jpg,
https://gerf.com.ar/productos/Zapatillas-Petra-Rosa-de-Mujer-84-80/,84|80|35,84|80,Zapatillas Petra Rosa de Mujer,254865273,Ofertas|CALZADOH|CalzadodeHombre,$38.200,$0,0,0,0,0,0,,$0,0,0,0,0,,0,0,0,0,0,,$0,https://acdn-us.mitiendanube.com/stores/005/775/403/products/84-80_1-3e544e12ecf8d3ff6217393075655213-1024-1024.jpg,
https://gerf.com.ar/productos/Zapatillas-Fox-Blanco-Unisex-71-01/,71|01|35,71|01,Zapatillas Fox Blanco Unisex,254864686,CALZADOH|CalzadodeHombre|Zapatillas,$37.900,$0,0,0,0,0,0,,$0,0,0,0,0,,0,0,0,0,0,,$0,https://acdn-us.mitiendanube.com/stores/005/775/403/products/71-01_1-e511b5ff011d9d73d117393073545023-1024-1024.jpg,
https://gerf.com.ar/productos/Zapatillas-Fox-Negro-Unisex-71-10/,71|10|35,71|10,Zapatillas Fox Negro Unisex,254864697,CALZADOH|CalzadodeHombre|Zapatillas,$37.900,$0,0,0,0,0,0,,$0,0,0,0,0,,0,0,0,0,0,,$0,https://acdn-us.mitiendanube.com/stores/005/775/403/products/71-10_1-8dc902a9578d72483f17392878609502-1024-1024.jpg,https://acdn-us.mitiendanube.com/stores/005/775/403/products/71-10_1-10c996c7d387facbf917393073573224-1024-1024.jpg
https://gerf.com.ar/productos/Zapatillas-Fox-Gris-Unisex-71-50/,71|50|35,71|50,Zapatillas Fox Gris Unisex,254864713,CALZADOH|CalzadodeHombre|Zapatillas,$37.900,$0,0,0,0,0,0,,$0,0,0,0,0,,0,0,0,0,0,,$0,https://acdn-us.mitiendanube.com/stores/005/775/403/products/71-50_1-5912f62543f915b06317392878629697-1024-1024.jpg,https://acdn-us.mitiendanube.com/stores/005/775/403/products/71-50_1-d1e0d29d033cd8bc2517393073601599-1024-1024.jpg
https://gerf.com.ar/productos/Zapatillas-Pipa-Negro-de-Hombre-92-10/,92|10|38,92|10,Zapatillas Pipa Negro de Hombre,254865522,Ofertas|CALZADOH|CalzadodeHombre,$41.600,$0,0,0,0,0,0,,$0,0,0,0,0,,0,0,0,0,0,,$0,https://acdn-us.mitiendanube.com/stores/005/775/403/products/92-10_1-f68042bf4cf8756f2b17393077111450-1024-1024.jpg,
https://gerf.com.ar/productos/Zapatillas-Pipa-Azul-de-Hombre-92-20/,92|20|38,92|20,Zapatillas Pipa Azul de Hombre,254865533,Ofertas|CALZADOH|CalzadodeHombre,$41.600,$0,0,0,0,0,0,,$0,0,0,0,0,,0,0,0,0,0,,$0,https://acdn-us.mitiendanube.com/stores/005/775/403/products/92-20_1-ff90101e78d14ce08417393077138659-1024-1024.jpg,
https://gerf.com.ar/productos/Zapatillas-Pipa-Gris-Claro-de-Hombre-92-53/,92|53|38,92|53,Zapatillas Pipa Gris Claro de Hombre,254865554,Ofertas|CALZADOH|CalzadodeHombre,$41.600,$0,0,0,0,0,0,,$0,0,0,0,0,,0,0,0,0,0,,$0,https://acdn-us.mitiendanube.com/stores/005/775/403/products/92-53_1-88f69bd5246f450dda17393077198170-1024-1024.jpg,
https://gerf.com.ar/productos/Zapatillas-Pipa-Gris-Oscuro-de-Hombre-92-54/,92|54|38,92|54,Zapatillas Pipa Gris Oscuro de Hombre,254865567,Ofertas|CALZADOH|CalzadodeHombre,$41.600,$0,0,0,0,0,0,,$0,0,0,0,0,,0,0,0,0,0,,$0,https://acdn-us.mitiendanube.com/stores/005/775/403/products/92-54_1-11fed2f85897c1376817393077230484-1024-1024.jpg,
https://gerf.com.ar/productos/Zapatillas-Kobuk-Rojo-Unisex-44-40/,44|40|25,44|40,Zapatillas Kobuk Rojo Unisex,254863779,Ofertas|CALZADOH|CalzadodeHombre,$37.900,$0,0,0,0,0,0,,$0,0,0,0,0,,0,0,0,0,0,,$0,,
https://gerf.com.ar/productos/bahamas-malla-de-bano-pt-sporty-octopus/,7001|181|S,7001|181,Bahamas Malla de Baño PT Sporty Octopus,259280711,IndumentariayAccesorios|Indumentaria|Shorts,$27.990,$19.593,0,0,0,0,0,,$0,0,0,0,0,,0,0,0,0,0,,$0,https://acdn-us.mitiendanube.com/stores/005/775/403/products/7001-181_1-f54922375f162f501217416850052424-1024-1024.png,
https://gerf.com.ar/productos/bahamas-malla-de-bano-pt-sporty-negro/,7001|10|S,7001|10,Bahamas Malla de Baño PT Sporty Negro,259280721,IndumentariayAccesorios|Indumentaria|Shorts,$27.990,$19.593,0,0,0,0,0,,$0,0,0,0,0,,0,0,0,0,0,,$0,https://acdn-us.mitiendanube.com/stores/005/775/403/products/7001-10_1-ce3a7058b323963f0d17416850617406-1024-1024.png,
https://gerf.com.ar/productos/bahamas-malla-de-bano-pt-sporty-verde/,7001|30|S,7001|30,Bahamas Malla de Baño PT Sporty Verde,259280730,IndumentariayAccesorios|Indumentaria|Shorts,$27.990,$19.593,0,0,0,0,0,,$0,0,0,0,0,,0,0,0,0,0,,$0,https://acdn-us.mitiendanube.com/stores/005/775/403/products/7001-30_1-47a311aa9857c0a99b17416851160355-1024-1024.png,
https://gerf.com.ar/productos/piluso-gerf-negro/,2521|10,2521|10,Piluso Vintage con Bordado Gerf Negro,259284915,IndumentariayAccesorios|Accesorios|Gorras,$25.500,$0,0,0,0,0,0,,$0,0,0,0,0,,0,0,0,0,0,,$0,https://acdn-us.mitiendanube.com/stores/005/775/403/products/2521-10_1-ed69dc1be70e8b307917416935637484-1024-1024.png,
https://gerf.com.ar/productos/piluso-vintage-con-bordado-gerf-verde/,2521|30,2521|30,Piluso Vintage con Bordado Gerf Verde,259285224,IndumentariayAccesorios|Accesorios|Gorras,$25.500,$0,0,0,0,0,0,,$0,0,0,0,0,,0,0,0,0,0,,$0,https://acdn-us.mitiendanube.com/stores/005/775/403/products/2521-30_1-7274b59d68d0b91c9717416936866476-1024-1024.png,https://acdn-us.mitiendanube.com/stores/005/775/403/products/piluso-4-1-6ce2716f60f3ae859b17416996528624-1024-1024.jpeg
https://gerf.com.ar/productos/trucker-bricdar-negro/,121919|10,121919|10,Trucker Bricdar Negro,259285342,IndumentariayAccesorios|Accesorios|Gorras,$23.700,$0,0,0,0,0,0,,$0,0,0,0,0,,0,0,0,0,0,,$0,https://acdn-us.mitiendanube.com/stores/005/775/403/products/121919-10_1-88cc12c849440ee00617416938231609-1024-1024.png,https://acdn-us.mitiendanube.com/stores/005/775/403/products/trucker-3-1-95828287012b82691317416997988817-1024-1024.jpeg
https://gerf.com.ar/productos/trucker-bricdar-azul/,121919|20,121919|20,Trucker Bricdar Azul,259285374,IndumentariayAccesorios|Accesorios|Gorras,$23.700,$0,0,0,0,0,0,,$0,0,0,0,0,,0,0,0,0,0,,$0,https://acdn-us.mitiendanube.com/stores/005/775/403/products/121919-20_1-237fd164c37136e69017416938548606-1024-1024.png,https://acdn-us.mitiendanube.com/stores/005/775/403/products/trucker-1-1-da522876d315dcf9c617416997125357-1024-1024.jpeg
https://gerf.com.ar/productos/gorra-vintage-logo-bordado-bordo/,120107|111,120107|111,Gorra Vintage Logo Bordado Bordo,259285472,IndumentariayAccesorios|Accesorios|Gorras,$23.700,$0,0,0,0,0,0,,$0,0,0,0,0,,0,0,0,0,0,,$0,https://acdn-us.mitiendanube.com/stores/005/775/403/products/120107-111_1-af572ddd7f2a16250a17416939793989-1024-1024.png,https://acdn-us.mitiendanube.com/stores/005/775/403/products/vintage-3-1-f9e6c485c5534fbd9317416994686866-1024-1024.jpeg
https://gerf.com.ar/productos/gorra-vintage-logo-bordado-terracota/,120107|149,120107|149,Gorra Vintage Logo Bordado Terracota,259285517,IndumentariayAccesorios|Accesorios|Gorras,$23.700,$0,0,0,0,0,0,,$0,0,0,0,0,,0,0,0,0,0,,$0,https://acdn-us.mitiendanube.com/stores/005/775/403/products/120107-149_1-57f6a737d83e86e13517416940147747-1024-1024.png,https://acdn-us.mitiendanube.com/stores/005/775/403/products/vintage-1-1-7e4bc6554c1907b28b17416994015124-1024-1024.jpeg
https://gerf.com.ar/productos/gorra-vintage-logo-bordado-negro/,120107|10,120107|10,Gorra Vintage Logo Bordado Negro,259285565,IndumentariayAccesorios|Accesorios|Gorras,$23.700,$0,0,0,0,0,0,,$0,0,0,0,0,,0,0,0,0,0,,$0,https://acdn-us.mitiendanube.com/stores/005/775/403/products/120107-166_1-d82abfdac25a7b739717416940710793-1024-1024.png,https://acdn-us.mitiendanube.com/stores/005/775/403/products/vintage-4-1-632ef32bb7dca9676717416993548962-1024-1024.jpeg
https://gerf.com.ar/productos/gorra-vintage-bordado-gerf-negro-bordo/,122806|113,122806|113,Gorra Vintage Bordado Gerf Negro/Bordo,259285783,IndumentariayAccesorios|Accesorios|Gorras,$23.700,$0,0,0,0,0,0,,$0,0,0,0,0,,0,0,0,0,0,,$0,https://acdn-us.mitiendanube.com/stores/005/775/403/products/122806-113_1-4844fda5edc84d27ed17416943485577-1024-1024.png,https://acdn-us.mitiendanube.com/stores/005/775/403/products/vintage-bi-2-1-e6e80dd115a43dba2817416991548745-1024-1024.jpeg
https://gerf.com.ar/productos/baseball-negro/,120109|10,120109|10,Baseball Negro,259286035,IndumentariayAccesorios|Accesorios|Gorras,$19.500,$0,0,0,0,0,0,,$0,0,0,0,0,,0,0,0,0,0,,$0,https://acdn-us.mitiendanube.com/stores/005/775/403/products/120109-10_1-0b9dcf96effbd8b07817416946811632-1024-1024.png,"https://acdn-us.mitiendanube.com/stores/005/775/403/products/baseball-1-1-31afcc589e3fcf2f2217416989597169-1024-1024.jpeg,https://acdn-us.mitiendanube.com/stores/005/775/403/products/baseball-1-3-1-8084093782cf81136117416989712985-1024-1024.jpeg,https://acdn-us.mitiendanube.com/stores/005/775/403/products/baseball-1-2-1-927920cce9f7975dda17416989808859-1024-1024.jpeg"
https://gerf.com.ar/productos/baseball-3d-azul/,12280|20,12280|20,Baseball 3D Azul,259290218,IndumentariayAccesorios|Accesorios|Gorras,$19.500,$0,0,0,0,0,0,,$0,0,0,0,0,,0,0,0,0,0,,$0,https://acdn-us.mitiendanube.com/stores/005/775/403/products/12280-20_1-446b1d05e67e3c343b17416957545715-1024-1024.png,https://acdn-us.mitiendanube.com/stores/005/775/403/products/7-1-d83430d8a9b0f9d62317416958979455-1024-1024.jpeg
https://gerf.com.ar/productos/Remera-Gerf-Hades-Negra-7002-10/,7002|10|S,7002|10,Remera Gerf Hades Negra,254866621,IndumentariayAccesorios|Indumentaria|Remeras,$32.990,$0,0,0,0,0,0,,$0,0,0,0,0,,0,0,0,0,0,,$0,https://acdn-us.mitiendanube.com/stores/005/775/403/products/7002-10_1-scaled-62e4305b56ebcce8ef17393101091338-1024-1024.jpg,"https://acdn-us.mitiendanube.com/stores/005/775/403/products/7002-10_2-scaled-72797017637c735ad917393101130112-1024-1024.jpg,https://acdn-us.mitiendanube.com/stores/005/775/403/products/7002-10_3-scaled-b33b24ebc4f7d5190e17393101173460-1024-1024.jpg"
https://gerf.com.ar/productos/Remera-Gerf-Hades-Azul-7002-20/,7002|20|S,7002|20,Remera Gerf Hades Azul,254866622,IndumentariayAccesorios|Indumentaria|Remeras,$32.990,$0,0,0,0,0,0,,$0,0,0,0,0,,0,0,0,0,0,,$0,https://acdn-us.mitiendanube.com/stores/005/775/403/products/7002-20_1-scaled-507ccbaebf31a6cc5c17393101214406-1024-1024.jpg,https://acdn-us.mitiendanube.com/stores/005/775/403/products/7002-20_2-scaled-9e06ab100fde37fe5017393101252038-1024-1024.jpg
https://gerf.com.ar/productos/Remera-733-Hades-Blanco-7003-01/,7003|01|S,7003|01,Remera 733 Hades Blanco,254866624,IndumentariayAccesorios|Indumentaria|Remeras,$32.990,$0,0,0,0,0,0,,$0,0,0,0,0,,0,0,0,0,0,,$0,https://acdn-us.mitiendanube.com/stores/005/775/403/products/7003-01_1-scaled-0fd3038f2060ea7bfc17393101291722-1024-1024.jpg,https://acdn-us.mitiendanube.com/stores/005/775/403/products/7003-01_2-scaled-0afb8e2b2b089c91c717393101323769-1024-1024.jpg
https://gerf.com.ar/productos/Remera-733-Hades-Negro-7003-10/,7003|10|S,7003|10,Remera 733 Hades Negro,254866628,IndumentariayAccesorios|Indumentaria|Remeras,$32.990,$0,0,0,0,0,0,,$0,0,0,0,0,,0,0,0,0,0,,$0,https://acdn-us.mitiendanube.com/stores/005/775/403/products/7003-10_1-scaled-adfa389a50a1d9783717393101363548-1024-1024.jpg,"https://acdn-us.mitiendanube.com/stores/005/775/403/products/7003-10_2-scaled-d74e564f1db8f2fe1d17393101405215-1024-1024.jpg,https://acdn-us.mitiendanube.com/stores/005/775/403/products/7003-10_3-scaled-cde74b77c7491f158b17393101449848-1024-1024.jpg"
https://gerf.com.ar/productos/remera-gerf-con-todo-blanco/,7004|01|S,7004|01,"Remera Gerf ""CON TODO"" Blanco",259407827,IndumentariayAccesorios|Indumentaria|Remeras,$32.990,$0,0,0,0,0,0,,$0,0,0,0,0,,0,0,0,0,0,,$0,,
https://gerf.com.ar/productos/remera-gerf-con-todo-azul/,7004|20|S,7004|20,"Remera Gerf ""CON TODO"" Azul",259408073,IndumentariayAccesorios|Indumentaria|Remeras,$32.990,$0,0,0,0,0,0,,$0,0,0,0,0,,0,0,0,0,0,,$0,,
https://gerf.com.ar/productos/zoquetes-gerf-algodon-con-ventola-negro/,7416|10|M,7416|10,Zoquetes Gerf Algodón con Ventola Negro,259284899,IndumentariayAccesorios|Indumentaria|Medias,$4.500,$0,0,0,0,0,0,,$0,0,0,0,0,,0,0,0,0,0,,$0,https://acdn-us.mitiendanube.com/stores/005/775/403/products/feed_1080x1080_medias_08-ca8f9cd72a1ae2159b17417016214926-1024-1024.png,
https://gerf.com.ar/productos/zoquetes-gerf-algodon-con-ventola-rosa/,7416|80|M,7416|80,Zoquetes Gerf Algodón con Ventola Rosa,259284901,IndumentariayAccesorios|Indumentaria|Medias,$4.500,$0,0,0,0,0,0,,$0,0,0,0,0,,0,0,0,0,0,,$0,https://acdn-us.mitiendanube.com/stores/005/775/403/products/feed_1080x1080_medias_06-3acfb269fc4b2419ed17417016101013-1024-1024.png,
https://gerf.com.ar/productos/oquetes-gerf-algodon-con-ventola-gris-perla/,7416|59|M,7416|59,Zoquetes Gerf Algodón con Ventola Gris Perla,259284902,IndumentariayAccesorios|Indumentaria|Medias,$4.500,$0,0,0,0,0,0,,$0,0,0,0,0,,0,0,0,0,0,,$0,https://acdn-us.mitiendanube.com/stores/005/775/403/products/feed_1080x1080_medias_07-8e3e2a4257973275ea17417015827976-1024-1024.png,
https://gerf.com.ar/productos/restaurador-gerf-blanco/,9963|01,9963|01,Restaurador Gerf Blanco,259284904,IndumentariayAccesorios|Accesorios|ProductosDux,$4.600,$0,0,0,0,0,0,,$0,0,0,0,0,,0,0,0,0,0,,$0,https://acdn-us.mitiendanube.com/stores/005/775/403/products/feed_1080x1080_productos_03-a98140d65b96815a7b17424276846439-1024-1024.png,
https://gerf.com.ar/productos/restaurador-gerf-negro/,9963|10,9963|10,Restaurador Gerf Negro,259284905,IndumentariayAccesorios|Accesorios|ProductosDux,$4.600,$0,0,0,0,0,0,,$0,0,0,0,0,,0,0,0,0,0,,$0,https://acdn-us.mitiendanube.com/stores/005/775/403/products/feed_1080x1080_productos_01-f8413af86286a7860517417015418967-1024-1024.png,
https://gerf.com.ar/productos/cordones-gerf-rojo/,152|40,152|40,Cordones Gerf Rojo,259284907,IndumentariayAccesorios|Accesorios|Cordones,$1.450,$0,0,0,0,0,0,,$0,0,0,0,0,,0,0,0,0,0,,$0,https://acdn-us.mitiendanube.com/stores/005/775/403/products/trenzas_05_feed_1080x1080_150px-47f5f7a331e554303d17417008406046-1024-1024.png,
https://gerf.com.ar/productos/cordones-gerf-bordo/,152|111,152|111,Cordones Gerf Bordo,259305189,IndumentariayAccesorios|Accesorios|Cordones,$1.450,$0,0,0,0,0,0,,$0,0,0,0,0,,0,0,0,0,0,,$0,https://acdn-us.mitiendanube.com/stores/005/775/403/products/trenzas_07_feed_1080x1080_150px-690668e63541e3ab2d17417009234464-1024-1024.png,
https://gerf.com.ar/productos/cordones-gerf-negro/,152|10,152|10,Cordones Gerf Negro,259305338,IndumentariayAccesorios|Accesorios|Cordones,$1.450,$0,0,0,0,0,0,,$0,0,0,0,0,,0,0,0,0,0,,$0,https://acdn-us.mitiendanube.com/stores/005/775/403/products/trenzas_03_feed_1080x1080_150px-be277f75cbeb7bae8217417010134925-1024-1024.png,
https://gerf.com.ar/productos/cordones-gerf-morado/,152|199,152|199,Cordones Gerf Morado,259305498,IndumentariayAccesorios|Accesorios|Cordones,$1.450,$0,0,0,0,0,0,,$0,0,0,0,0,,0,0,0,0,0,,$0,https://acdn-us.mitiendanube.com/stores/005/775/403/products/trenzas_02_feed_1080x1080_150px-14e7702ecd9402bcfe17417010545755-1024-1024.png,
https://gerf.com.ar/productos/cordones-gerf-blanco/,152|01,152|01,Cordones Gerf Blanco,259305621,IndumentariayAccesorios|Accesorios|Cordones,$1.450,$0,0,0,0,0,0,,$0,0,0,0,0,,0,0,0,0,0,,$0,https://acdn-us.mitiendanube.com/stores/005/775/403/products/trenzas_01_feed_1080x1080_150px-d1897f69b61df6c05617417010981778-1024-1024.png,
https://gerf.com.ar/productos/cordones-gerf-celeste/,152|130,152|130,Cordones Gerf Celeste,259305744,IndumentariayAccesorios|Accesorios|Cordones,$1.450,$0,0,0,0,0,0,,$0,0,0,0,0,,0,0,0,0,0,,$0,https://acdn-us.mitiendanube.com/stores/005/775/403/products/trenzas_06_feed_1080x1080_150px-9b8cf3e18cc4d5560c17417011525072-1024-1024.png,
https://gerf.com.ar/productos/cordones-gerf-terracota/,152|149,152|149,Cordones Gerf Terracota,259305864,IndumentariayAccesorios|Accesorios|Cordones,$1.450,$0,0,0,0,0,0,,$0,0,0,0,0,,0,0,0,0,0,,$0,https://acdn-us.mitiendanube.com/stores/005/775/403/products/trenzas_14_feed_1080x1080_150px-f945b1b8e216c1929817417012000345-1024-1024.png,
https://gerf.com.ar/productos/cordones-gerf-rosa/,152|80,152|80,Cordones Gerf Rosa,259305948,IndumentariayAccesorios|Accesorios|Cordones,$1.450,$0,0,0,0,0,0,,$0,0,0,0,0,,0,0,0,0,0,,$0,https://acdn-us.mitiendanube.com/stores/005/775/403/products/trenzas_13_feed_1080x1080_150px-3e8dc59a423be7f60917417012354083-1024-1024.png,
https://gerf.com.ar/productos/cordones-gerf-verde/,152|30,152|30,Cordones Gerf Verde,259306044,IndumentariayAccesorios|Accesorios|Cordones,$1.450,$0,0,0,0,0,0,,$0,0,0,0,0,,0,0,0,0,0,,$0,https://acdn-us.mitiendanube.com/stores/005/775/403/products/trenzas_12_feed_1080x1080_150px-48e81330d04fef3b2e17417012843787-1024-1024.png,
https://gerf.com.ar/productos/cordones-gerf-gris/,152|50,152|50,Cordones Gerf Gris,259306170,IndumentariayAccesorios|Accesorios|Cordones,$1.450,$0,0,0,0,0,0,,$0,0,0,0,0,,0,0,0,0,0,,$0,https://acdn-us.mitiendanube.com/stores/005/775/403/products/trenzas_11_feed_1080x1080_150px-6f4d93bb485ec94abb17417013479036-1024-1024.png,
https://gerf.com.ar/productos/cordones-gerf-coral/,152|70,152|70,Cordones Gerf Coral,259306369,IndumentariayAccesorios|Accesorios|Cordones,$1.450,$0,0,0,0,0,0,,$0,0,0,0,0,,0,0,0,0,0,,$0,https://acdn-us.mitiendanube.com/stores/005/775/403/products/trenzas_10_feed_1080x1080_150px-95fad6532ad861257e17417014274495-1024-1024.png,
https://gerf.com.ar/productos/cordones-gerf-marron/,152|100,152|100,Cordones Gerf Marron,259306564,IndumentariayAccesorios|Accesorios|Cordones,$1.450,$0,0,0,0,0,0,,$0,0,0,0,0,,0,0,0,0,0,,$0,https://acdn-us.mitiendanube.com/stores/005/775/403/products/trenzas_09_feed_1080x1080_150px-831b166be1445667e317417014679860-1024-1024.png,
https://gerf.com.ar/productos/Zapatillas-Dione-Gold-Camuflado-Verde-Unisex-63-36/,63|36|36,63|36,Zapatillas Dione Gold Camuflado Verde Unisex,254864490,CALZADOH|CalzadodeHombre|Zapatillas|VERTODO|CALZADOM|CalzadosdeMujer|Zapatillas|VERTODO,$0,$0,0,0,0,0,0,,$0,0,0,0,0,,0,0,0,0,0,,$0,,